rep_id,territory_id,doctor_id,doctor_specialty,month,monthly_call_count,rx_volume,_true_vmax,_true_km,_true_territory_re
R001,T01,DR0001,GP,1,5,18.7,25.0,4.0,2.437736638035451
R001,T01,DR0001,GP,2,1,8.2,25.0,4.0,2.437736638035451
R001,T01,DR0001,GP,3,5,21.7,25.0,4.0,2.437736638035451
R001,T01,DR0001,GP,4,2,12.7,25.0,4.0,2.437736638035451
R001,T01,DR0001,GP,5,6,18.4,25.0,4.0,2.437736638035451
R001,T01,DR0001,GP,6,2,11.0,25.0,4.0,2.437736638035451
R001,T01,DR0001,GP,7,6,25.3,25.0,4.0,2.437736638035451
R001,T01,DR0001,GP,8,5,19.5,25.0,4.0,2.437736638035451
R001,T01,DR0001,GP,9,1,6.6,25.0,4.0,2.437736638035451
R001,T01,DR0001,GP,10,3,10.5,25.0,4.0,2.437736638035451
R001,T01,DR0001,GP,11,3,13.7,25.0,4.0,2.437736638035451
R001,T01,DR0001,GP,12,3,12.0,25.0,4.0,2.437736638035451
R002,T01,DR0002,Cardiologist,1,3,21.8,45.0,4.0,2.437736638035451
R002,T01,DR0002,Cardiologist,2,4,24.4,45.0,4.0,2.437736638035451
R002,T01,DR0002,Cardiologist,3,2,13.6,45.0,4.0,2.437736638035451
R002,T01,DR0002,Cardiologist,4,8,29.8,45.0,4.0,2.437736638035451
R002,T01,DR0002,Cardiologist,5,4,17.4,45.0,4.0,2.437736638035451
R002,T01,DR0002,Cardiologist,6,6,30.8,45.0,4.0,2.437736638035451
R002,T01,DR0002,Cardiologist,7,3,31.3,45.0,4.0,2.437736638035451
R002,T01,DR0002,Cardiologist,8,6,20.4,45.0,4.0,2.437736638035451
R002,T01,DR0002,Cardiologist,9,6,17.3,45.0,4.0,2.437736638035451
R002,T01,DR0002,Cardiologist,10,4,32.6,45.0,4.0,2.437736638035451
R002,T01,DR0002,Cardiologist,11,4,24.6,45.0,4.0,2.437736638035451
R002,T01,DR0002,Cardiologist,12,5,22.9,45.0,4.0,2.437736638035451
R003,T01,DR0003,Endocrinologist,1,7,30.4,52.5,4.0,2.437736638035451
R003,T01,DR0003,Endocrinologist,2,2,14.5,52.5,4.0,2.437736638035451
R003,T01,DR0003,Endocrinologist,3,9,56.9,52.5,4.0,2.437736638035451
R003,T01,DR0003,Endocrinologist,4,5,28.7,52.5,4.0,2.437736638035451
R003,T01,DR0003,Endocrinologist,5,7,39.0,52.5,4.0,2.437736638035451
R003,T01,DR0003,Endocrinologist,6,3,24.6,52.5,4.0,2.437736638035451
R003,T01,DR0003,Endocrinologist,7,7,40.5,52.5,4.0,2.437736638035451
R003,T01,DR0003,Endocrinologist,8,7,38.1,52.5,4.0,2.437736638035451
R003,T01,DR0003,Endocrinologist,9,3,46.8,52.5,4.0,2.437736638035451
R003,T01,DR0003,Endocrinologist,10,5,42.7,52.5,4.0,2.437736638035451
R003,T01,DR0003,Endocrinologist,11,8,49.6,52.5,4.0,2.437736638035451
R003,T01,DR0003,Endocrinologist,12,7,26.7,52.5,4.0,2.437736638035451
R004,T01,DR0004,Neurologist,1,4,25.7,37.5,4.0,2.437736638035451
R004,T01,DR0004,Neurologist,2,2,10.6,37.5,4.0,2.437736638035451
R004,T01,DR0004,Neurologist,3,1,10.5,37.5,4.0,2.437736638035451
R004,T01,DR0004,Neurologist,4,3,20.2,37.5,4.0,2.437736638035451
R004,T01,DR0004,Neurologist,5,3,18.1,37.5,4.0,2.437736638035451
R004,T01,DR0004,Neurologist,6,3,14.0,37.5,4.0,2.437736638035451
R004,T01,DR0004,Neurologist,7,3,23.3,37.5,4.0,2.437736638035451
R004,T01,DR0004,Neurologist,8,8,39.6,37.5,4.0,2.437736638035451
R004,T01,DR0004,Neurologist,9,4,13.7,37.5,4.0,2.437736638035451
R004,T01,DR0004,Neurologist,10,3,17.0,37.5,4.0,2.437736638035451
R004,T01,DR0004,Neurologist,11,6,27.8,37.5,4.0,2.437736638035451
R004,T01,DR0004,Neurologist,12,7,32.0,37.5,4.0,2.437736638035451
R005,T01,DR0005,GP,1,3,20.7,25.0,4.0,2.437736638035451
R005,T01,DR0005,GP,2,2,8.0,25.0,4.0,2.437736638035451
R005,T01,DR0005,GP,3,6,14.7,25.0,4.0,2.437736638035451
R005,T01,DR0005,GP,4,3,7.4,25.0,4.0,2.437736638035451
R005,T01,DR0005,GP,5,6,11.7,25.0,4.0,2.437736638035451
R005,T01,DR0005,GP,6,2,9.3,25.0,4.0,2.437736638035451
R005,T01,DR0005,GP,7,4,12.0,25.0,4.0,2.437736638035451
R005,T01,DR0005,GP,8,1,8.2,25.0,4.0,2.437736638035451
R005,T01,DR0005,GP,9,6,21.5,25.0,4.0,2.437736638035451
R005,T01,DR0005,GP,10,4,26.7,25.0,4.0,2.437736638035451
R005,T01,DR0005,GP,11,2,9.6,25.0,4.0,2.437736638035451
R005,T01,DR0005,GP,12,1,10.3,25.0,4.0,2.437736638035451
R001,T01,DR0006,Cardiologist,1,7,17.4,45.0,4.0,2.437736638035451
R001,T01,DR0006,Cardiologist,2,7,32.9,45.0,4.0,2.437736638035451
R001,T01,DR0006,Cardiologist,3,2,18.3,45.0,4.0,2.437736638035451
R001,T01,DR0006,Cardiologist,4,3,21.1,45.0,4.0,2.437736638035451
R001,T01,DR0006,Cardiologist,5,3,12.1,45.0,4.0,2.437736638035451
R001,T01,DR0006,Cardiologist,6,6,24.3,45.0,4.0,2.437736638035451
R001,T01,DR0006,Cardiologist,7,5,18.9,45.0,4.0,2.437736638035451
R001,T01,DR0006,Cardiologist,8,5,21.2,45.0,4.0,2.437736638035451
R001,T01,DR0006,Cardiologist,9,3,18.7,45.0,4.0,2.437736638035451
R001,T01,DR0006,Cardiologist,10,6,41.0,45.0,4.0,2.437736638035451
R001,T01,DR0006,Cardiologist,11,6,32.1,45.0,4.0,2.437736638035451
R001,T01,DR0006,Cardiologist,12,3,28.4,45.0,4.0,2.437736638035451
R002,T01,DR0007,Endocrinologist,1,6,25.7,52.5,4.0,2.437736638035451
R002,T01,DR0007,Endocrinologist,2,3,19.6,52.5,4.0,2.437736638035451
R002,T01,DR0007,Endocrinologist,3,9,41.0,52.5,4.0,2.437736638035451
R002,T01,DR0007,Endocrinologist,4,9,45.8,52.5,4.0,2.437736638035451
R002,T01,DR0007,Endocrinologist,5,4,36.2,52.5,4.0,2.437736638035451
R002,T01,DR0007,Endocrinologist,6,4,35.9,52.5,4.0,2.437736638035451
R002,T01,DR0007,Endocrinologist,7,8,34.8,52.5,4.0,2.437736638035451
R002,T01,DR0007,Endocrinologist,8,2,21.7,52.5,4.0,2.437736638035451
R002,T01,DR0007,Endocrinologist,9,7,50.9,52.5,4.0,2.437736638035451
R002,T01,DR0007,Endocrinologist,10,5,25.0,52.5,4.0,2.437736638035451
R002,T01,DR0007,Endocrinologist,11,3,21.8,52.5,4.0,2.437736638035451
R002,T01,DR0007,Endocrinologist,12,5,30.2,52.5,4.0,2.437736638035451
R003,T01,DR0008,Neurologist,1,3,22.1,37.5,4.0,2.437736638035451
R003,T01,DR0008,Neurologist,2,9,22.7,37.5,4.0,2.437736638035451
R003,T01,DR0008,Neurologist,3,4,25.5,37.5,4.0,2.437736638035451
R003,T01,DR0008,Neurologist,4,2,15.7,37.5,4.0,2.437736638035451
R003,T01,DR0008,Neurologist,5,1,10.6,37.5,4.0,2.437736638035451
R003,T01,DR0008,Neurologist,6,11,49.3,37.5,4.0,2.437736638035451
R003,T01,DR0008,Neurologist,7,8,18.2,37.5,4.0,2.437736638035451
R003,T01,DR0008,Neurologist,8,2,18.3,37.5,4.0,2.437736638035451
R003,T01,DR0008,Neurologist,9,4,18.1,37.5,4.0,2.437736638035451
R003,T01,DR0008,Neurologist,10,4,24.2,37.5,4.0,2.437736638035451
R003,T01,DR0008,Neurologist,11,7,22.6,37.5,4.0,2.437736638035451
R003,T01,DR0008,Neurologist,12,2,16.0,37.5,4.0,2.437736638035451
R004,T01,DR0009,GP,1,1,6.5,25.0,4.0,2.437736638035451
R004,T01,DR0009,GP,2,4,28.3,25.0,4.0,2.437736638035451
R004,T01,DR0009,GP,3,3,12.5,25.0,4.0,2.437736638035451
R004,T01,DR0009,GP,4,1,8.5,25.0,4.0,2.437736638035451
R004,T01,DR0009,GP,5,5,19.0,25.0,4.0,2.437736638035451
R004,T01,DR0009,GP,6,6,26.5,25.0,4.0,2.437736638035451
R004,T01,DR0009,GP,7,1,8.1,25.0,4.0,2.437736638035451
R004,T01,DR0009,GP,8,3,8.6,25.0,4.0,2.437736638035451
R004,T01,DR0009,GP,9,4,10.0,25.0,4.0,2.437736638035451
R004,T01,DR0009,GP,10,5,11.7,25.0,4.0,2.437736638035451
R004,T01,DR0009,GP,11,2,11.9,25.0,4.0,2.437736638035451
R004,T01,DR0009,GP,12,6,15.6,25.0,4.0,2.437736638035451
R005,T01,DR0010,Cardiologist,1,4,27.0,45.0,4.0,2.437736638035451
R005,T01,DR0010,Cardiologist,2,3,17.9,45.0,4.0,2.437736638035451
R005,T01,DR0010,Cardiologist,3,3,28.7,45.0,4.0,2.437736638035451
R005,T01,DR0010,Cardiologist,4,1,11.3,45.0,4.0,2.437736638035451
R005,T01,DR0010,Cardiologist,5,3,20.6,45.0,4.0,2.437736638035451
R005,T01,DR0010,Cardiologist,6,1,13.6,45.0,4.0,2.437736638035451
R005,T01,DR0010,Cardiologist,7,1,10.9,45.0,4.0,2.437736638035451
R005,T01,DR0010,Cardiologist,8,6,16.6,45.0,4.0,2.437736638035451
R005,T01,DR0010,Cardiologist,9,5,20.7,45.0,4.0,2.437736638035451
R005,T01,DR0010,Cardiologist,10,2,16.6,45.0,4.0,2.437736638035451
R005,T01,DR0010,Cardiologist,11,2,21.3,45.0,4.0,2.437736638035451
R005,T01,DR0010,Cardiologist,12,4,15.7,45.0,4.0,2.437736638035451
R001,T01,DR0011,Endocrinologist,1,1,20.3,52.5,4.0,2.437736638035451
R001,T01,DR0011,Endocrinologist,2,8,29.7,52.5,4.0,2.437736638035451
R001,T01,DR0011,Endocrinologist,3,6,37.0,52.5,4.0,2.437736638035451
R001,T01,DR0011,Endocrinologist,4,2,14.5,52.5,4.0,2.437736638035451
R001,T01,DR0011,Endocrinologist,5,6,25.8,52.5,4.0,2.437736638035451
R001,T01,DR0011,Endocrinologist,6,3,24.4,52.5,4.0,2.437736638035451
R001,T01,DR0011,Endocrinologist,7,8,27.4,52.5,4.0,2.437736638035451
R001,T01,DR0011,Endocrinologist,8,3,32.0,52.5,4.0,2.437736638035451
R001,T01,DR0011,Endocrinologist,9,7,47.2,52.5,4.0,2.437736638035451
R001,T01,DR0011,Endocrinologist,10,4,24.8,52.5,4.0,2.437736638035451
R001,T01,DR0011,Endocrinologist,11,6,25.5,52.5,4.0,2.437736638035451
R001,T01,DR0011,Endocrinologist,12,5,19.8,52.5,4.0,2.437736638035451
R002,T01,DR0012,Neurologist,1,7,23.9,37.5,4.0,2.437736638035451
R002,T01,DR0012,Neurologist,2,3,29.3,37.5,4.0,2.437736638035451
R002,T01,DR0012,Neurologist,3,2,23.2,37.5,4.0,2.437736638035451
R002,T01,DR0012,Neurologist,4,5,29.6,37.5,4.0,2.437736638035451
R002,T01,DR0012,Neurologist,5,4,21.3,37.5,4.0,2.437736638035451
R002,T01,DR0012,Neurologist,6,4,14.8,37.5,4.0,2.437736638035451
R002,T01,DR0012,Neurologist,7,4,19.1,37.5,4.0,2.437736638035451
R002,T01,DR0012,Neurologist,8,2,11.6,37.5,4.0,2.437736638035451
R002,T01,DR0012,Neurologist,9,4,20.0,37.5,4.0,2.437736638035451
R002,T01,DR0012,Neurologist,10,7,35.9,37.5,4.0,2.437736638035451
R002,T01,DR0012,Neurologist,11,4,19.1,37.5,4.0,2.437736638035451
R002,T01,DR0012,Neurologist,12,4,23.9,37.5,4.0,2.437736638035451
R003,T01,DR0013,GP,1,4,12.8,25.0,4.0,2.437736638035451
R003,T01,DR0013,GP,2,2,11.0,25.0,4.0,2.437736638035451
R003,T01,DR0013,GP,3,3,11.3,25.0,4.0,2.437736638035451
R003,T01,DR0013,GP,4,5,10.2,25.0,4.0,2.437736638035451
R003,T01,DR0013,GP,5,5,15.6,25.0,4.0,2.437736638035451
R003,T01,DR0013,GP,6,2,10.8,25.0,4.0,2.437736638035451
R003,T01,DR0013,GP,7,4,11.2,25.0,4.0,2.437736638035451
R003,T01,DR0013,GP,8,1,9.2,25.0,4.0,2.437736638035451
R003,T01,DR0013,GP,9,4,13.7,25.0,4.0,2.437736638035451
R003,T01,DR0013,GP,10,5,18.4,25.0,4.0,2.437736638035451
R003,T01,DR0013,GP,11,1,10.5,25.0,4.0,2.437736638035451
R003,T01,DR0013,GP,12,6,17.0,25.0,4.0,2.437736638035451
R004,T01,DR0014,Cardiologist,1,1,8.1,45.0,4.0,2.437736638035451
R004,T01,DR0014,Cardiologist,2,3,20.2,45.0,4.0,2.437736638035451
R004,T01,DR0014,Cardiologist,3,8,36.4,45.0,4.0,2.437736638035451
R004,T01,DR0014,Cardiologist,4,4,17.6,45.0,4.0,2.437736638035451
R004,T01,DR0014,Cardiologist,5,10,41.9,45.0,4.0,2.437736638035451
R004,T01,DR0014,Cardiologist,6,7,33.8,45.0,4.0,2.437736638035451
R004,T01,DR0014,Cardiologist,7,3,16.0,45.0,4.0,2.437736638035451
R004,T01,DR0014,Cardiologist,8,5,25.6,45.0,4.0,2.437736638035451
R004,T01,DR0014,Cardiologist,9,4,29.1,45.0,4.0,2.437736638035451
R004,T01,DR0014,Cardiologist,10,8,36.6,45.0,4.0,2.437736638035451
R004,T01,DR0014,Cardiologist,11,8,33.3,45.0,4.0,2.437736638035451
R004,T01,DR0014,Cardiologist,12,10,50.0,45.0,4.0,2.437736638035451
R005,T01,DR0015,Endocrinologist,1,5,28.2,52.5,4.0,2.437736638035451
R005,T01,DR0015,Endocrinologist,2,2,15.3,52.5,4.0,2.437736638035451
R005,T01,DR0015,Endocrinologist,3,5,21.2,52.5,4.0,2.437736638035451
R005,T01,DR0015,Endocrinologist,4,6,32.7,52.5,4.0,2.437736638035451
R005,T01,DR0015,Endocrinologist,5,6,31.7,52.5,4.0,2.437736638035451
R005,T01,DR0015,Endocrinologist,6,10,53.0,52.5,4.0,2.437736638035451
R005,T01,DR0015,Endocrinologist,7,4,20.4,52.5,4.0,2.437736638035451
R005,T01,DR0015,Endocrinologist,8,8,49.7,52.5,4.0,2.437736638035451
R005,T01,DR0015,Endocrinologist,9,3,25.0,52.5,4.0,2.437736638035451
R005,T01,DR0015,Endocrinologist,10,5,29.7,52.5,4.0,2.437736638035451
R005,T01,DR0015,Endocrinologist,11,7,36.2,52.5,4.0,2.437736638035451
R005,T01,DR0015,Endocrinologist,12,5,31.7,52.5,4.0,2.437736638035451
R001,T01,DR0016,Neurologist,1,1,9.0,37.5,4.0,2.437736638035451
R001,T01,DR0016,Neurologist,2,4,18.4,37.5,4.0,2.437736638035451
R001,T01,DR0016,Neurologist,3,6,22.8,37.5,4.0,2.437736638035451
R001,T01,DR0016,Neurologist,4,6,22.8,37.5,4.0,2.437736638035451
R001,T01,DR0016,Neurologist,5,6,25.9,37.5,4.0,2.437736638035451
R001,T01,DR0016,Neurologist,6,4,24.8,37.5,4.0,2.437736638035451
R001,T01,DR0016,Neurologist,7,1,7.0,37.5,4.0,2.437736638035451
R001,T01,DR0016,Neurologist,8,7,42.7,37.5,4.0,2.437736638035451
R001,T01,DR0016,Neurologist,9,3,14.2,37.5,4.0,2.437736638035451
R001,T01,DR0016,Neurologist,10,2,14.6,37.5,4.0,2.437736638035451
R001,T01,DR0016,Neurologist,11,3,32.7,37.5,4.0,2.437736638035451
R001,T01,DR0016,Neurologist,12,5,16.5,37.5,4.0,2.437736638035451
R002,T01,DR0017,GP,1,2,15.0,25.0,4.0,2.437736638035451
R002,T01,DR0017,GP,2,4,17.0,25.0,4.0,2.437736638035451
R002,T01,DR0017,GP,3,4,11.3,25.0,4.0,2.437736638035451
R002,T01,DR0017,GP,4,4,12.3,25.0,4.0,2.437736638035451
R002,T01,DR0017,GP,5,1,8.7,25.0,4.0,2.437736638035451
R002,T01,DR0017,GP,6,3,11.5,25.0,4.0,2.437736638035451
R002,T01,DR0017,GP,7,5,20.8,25.0,4.0,2.437736638035451
R002,T01,DR0017,GP,8,4,18.1,25.0,4.0,2.437736638035451
R002,T01,DR0017,GP,9,1,6.6,25.0,4.0,2.437736638035451
R002,T01,DR0017,GP,10,3,13.0,25.0,4.0,2.437736638035451
R002,T01,DR0017,GP,11,5,23.5,25.0,4.0,2.437736638035451
R002,T01,DR0017,GP,12,3,11.3,25.0,4.0,2.437736638035451
R003,T01,DR0018,Cardiologist,1,4,15.1,45.0,4.0,2.437736638035451
R003,T01,DR0018,Cardiologist,2,1,12.2,45.0,4.0,2.437736638035451
R003,T01,DR0018,Cardiologist,3,5,24.9,45.0,4.0,2.437736638035451
R003,T01,DR0018,Cardiologist,4,9,39.2,45.0,4.0,2.437736638035451
R003,T01,DR0018,Cardiologist,5,7,38.0,45.0,4.0,2.437736638035451
R003,T01,DR0018,Cardiologist,6,4,27.4,45.0,4.0,2.437736638035451
R003,T01,DR0018,Cardiologist,7,6,37.5,45.0,4.0,2.437736638035451
R003,T01,DR0018,Cardiologist,8,3,13.6,45.0,4.0,2.437736638035451
R003,T01,DR0018,Cardiologist,9,5,32.3,45.0,4.0,2.437736638035451
R003,T01,DR0018,Cardiologist,10,4,21.9,45.0,4.0,2.437736638035451
R003,T01,DR0018,Cardiologist,11,6,33.9,45.0,4.0,2.437736638035451
R003,T01,DR0018,Cardiologist,12,2,28.1,45.0,4.0,2.437736638035451
R004,T01,DR0019,Endocrinologist,1,6,22.0,52.5,4.0,2.437736638035451
R004,T01,DR0019,Endocrinologist,2,4,39.2,52.5,4.0,2.437736638035451
R004,T01,DR0019,Endocrinologist,3,12,38.6,52.5,4.0,2.437736638035451
R004,T01,DR0019,Endocrinologist,4,4,31.2,52.5,4.0,2.437736638035451
R004,T01,DR0019,Endocrinologist,5,4,18.0,52.5,4.0,2.437736638035451
R004,T01,DR0019,Endocrinologist,6,6,32.2,52.5,4.0,2.437736638035451
R004,T01,DR0019,Endocrinologist,7,4,28.6,52.5,4.0,2.437736638035451
R004,T01,DR0019,Endocrinologist,8,6,59.3,52.5,4.0,2.437736638035451
R004,T01,DR0019,Endocrinologist,9,6,35.5,52.5,4.0,2.437736638035451
R004,T01,DR0019,Endocrinologist,10,6,27.3,52.5,4.0,2.437736638035451
R004,T01,DR0019,Endocrinologist,11,8,26.4,52.5,4.0,2.437736638035451
R004,T01,DR0019,Endocrinologist,12,4,26.6,52.5,4.0,2.437736638035451
R005,T01,DR0020,Neurologist,1,3,16.8,37.5,4.0,2.437736638035451
R005,T01,DR0020,Neurologist,2,8,30.8,37.5,4.0,2.437736638035451
R005,T01,DR0020,Neurologist,3,6,33.0,37.5,4.0,2.437736638035451
R005,T01,DR0020,Neurologist,4,4,14.7,37.5,4.0,2.437736638035451
R005,T01,DR0020,Neurologist,5,2,17.2,37.5,4.0,2.437736638035451
R005,T01,DR0020,Neurologist,6,5,25.3,37.5,4.0,2.437736638035451
R005,T01,DR0020,Neurologist,7,2,12.8,37.5,4.0,2.437736638035451
R005,T01,DR0020,Neurologist,8,4,25.3,37.5,4.0,2.437736638035451
R005,T01,DR0020,Neurologist,9,4,20.1,37.5,4.0,2.437736638035451
R005,T01,DR0020,Neurologist,10,4,21.6,37.5,4.0,2.437736638035451
R005,T01,DR0020,Neurologist,11,3,19.5,37.5,4.0,2.437736638035451
R005,T01,DR0020,Neurologist,12,10,28.0,37.5,4.0,2.437736638035451
R001,T01,DR0021,GP,1,4,11.2,25.0,4.0,2.437736638035451
R001,T01,DR0021,GP,2,1,9.0,25.0,4.0,2.437736638035451
R001,T01,DR0021,GP,3,6,24.5,25.0,4.0,2.437736638035451
R001,T01,DR0021,GP,4,4,10.1,25.0,4.0,2.437736638035451
R001,T01,DR0021,GP,5,2,7.6,25.0,4.0,2.437736638035451
R001,T01,DR0021,GP,6,2,13.2,25.0,4.0,2.437736638035451
R001,T01,DR0021,GP,7,2,8.8,25.0,4.0,2.437736638035451
R001,T01,DR0021,GP,8,4,17.9,25.0,4.0,2.437736638035451
R001,T01,DR0021,GP,9,4,10.4,25.0,4.0,2.437736638035451
R001,T01,DR0021,GP,10,1,9.6,25.0,4.0,2.437736638035451
R001,T01,DR0021,GP,11,1,10.0,25.0,4.0,2.437736638035451
R001,T01,DR0021,GP,12,2,10.5,25.0,4.0,2.437736638035451
R002,T01,DR0022,Cardiologist,1,4,17.6,45.0,4.0,2.437736638035451
R002,T01,DR0022,Cardiologist,2,10,47.4,45.0,4.0,2.437736638035451
R002,T01,DR0022,Cardiologist,3,3,22.8,45.0,4.0,2.437736638035451
R002,T01,DR0022,Cardiologist,4,5,23.2,45.0,4.0,2.437736638035451
R002,T01,DR0022,Cardiologist,5,4,28.8,45.0,4.0,2.437736638035451
R002,T01,DR0022,Cardiologist,6,7,40.7,45.0,4.0,2.437736638035451
R002,T01,DR0022,Cardiologist,7,7,31.1,45.0,4.0,2.437736638035451
R002,T01,DR0022,Cardiologist,8,6,29.8,45.0,4.0,2.437736638035451
R002,T01,DR0022,Cardiologist,9,8,21.9,45.0,4.0,2.437736638035451
R002,T01,DR0022,Cardiologist,10,9,35.5,45.0,4.0,2.437736638035451
R002,T01,DR0022,Cardiologist,11,8,41.5,45.0,4.0,2.437736638035451
R002,T01,DR0022,Cardiologist,12,3,16.8,45.0,4.0,2.437736638035451
R003,T01,DR0023,Endocrinologist,1,5,30.5,52.5,4.0,2.437736638035451
R003,T01,DR0023,Endocrinologist,2,7,39.7,52.5,4.0,2.437736638035451
R003,T01,DR0023,Endocrinologist,3,3,18.8,52.5,4.0,2.437736638035451
R003,T01,DR0023,Endocrinologist,4,9,22.0,52.5,4.0,2.437736638035451
R003,T01,DR0023,Endocrinologist,5,6,24.3,52.5,4.0,2.437736638035451
R003,T01,DR0023,Endocrinologist,6,2,32.2,52.5,4.0,2.437736638035451
R003,T01,DR0023,Endocrinologist,7,4,29.0,52.5,4.0,2.437736638035451
R003,T01,DR0023,Endocrinologist,8,7,29.2,52.5,4.0,2.437736638035451
R003,T01,DR0023,Endocrinologist,9,4,33.9,52.5,4.0,2.437736638035451
R003,T01,DR0023,Endocrinologist,10,4,23.6,52.5,4.0,2.437736638035451
R003,T01,DR0023,Endocrinologist,11,8,27.9,52.5,4.0,2.437736638035451
R003,T01,DR0023,Endocrinologist,12,5,39.0,52.5,4.0,2.437736638035451
R004,T01,DR0024,Neurologist,1,6,38.2,37.5,4.0,2.437736638035451
R004,T01,DR0024,Neurologist,2,6,25.5,37.5,4.0,2.437736638035451
R004,T01,DR0024,Neurologist,3,6,32.1,37.5,4.0,2.437736638035451
R004,T01,DR0024,Neurologist,4,1,10.6,37.5,4.0,2.437736638035451
R004,T01,DR0024,Neurologist,5,2,13.8,37.5,4.0,2.437736638035451
R004,T01,DR0024,Neurologist,6,3,20.7,37.5,4.0,2.437736638035451
R004,T01,DR0024,Neurologist,7,6,31.7,37.5,4.0,2.437736638035451
R004,T01,DR0024,Neurologist,8,3,19.3,37.5,4.0,2.437736638035451
R004,T01,DR0024,Neurologist,9,8,22.0,37.5,4.0,2.437736638035451
R004,T01,DR0024,Neurologist,10,7,29.2,37.5,4.0,2.437736638035451
R004,T01,DR0024,Neurologist,11,6,25.0,37.5,4.0,2.437736638035451
R004,T01,DR0024,Neurologist,12,3,18.7,37.5,4.0,2.437736638035451
R005,T01,DR0025,GP,1,1,8.8,25.0,4.0,2.437736638035451
R005,T01,DR0025,GP,2,2,12.7,25.0,4.0,2.437736638035451
R005,T01,DR0025,GP,3,1,7.1,25.0,4.0,2.437736638035451
R005,T01,DR0025,GP,4,3,10.0,25.0,4.0,2.437736638035451
R005,T01,DR0025,GP,5,3,12.5,25.0,4.0,2.437736638035451
R005,T01,DR0025,GP,6,3,11.4,25.0,4.0,2.437736638035451
R005,T01,DR0025,GP,7,5,23.3,25.0,4.0,2.437736638035451
R005,T01,DR0025,GP,8,1,10.6,25.0,4.0,2.437736638035451
R005,T01,DR0025,GP,9,1,4.5,25.0,4.0,2.437736638035451
R005,T01,DR0025,GP,10,5,13.4,25.0,4.0,2.437736638035451
R005,T01,DR0025,GP,11,2,9.3,25.0,4.0,2.437736638035451
R005,T01,DR0025,GP,12,2,8.2,25.0,4.0,2.437736638035451
R001,T01,DR0026,Cardiologist,1,3,25.4,45.0,4.0,2.437736638035451
R001,T01,DR0026,Cardiologist,2,6,33.8,45.0,4.0,2.437736638035451
R001,T01,DR0026,Cardiologist,3,7,40.2,45.0,4.0,2.437736638035451
R001,T01,DR0026,Cardiologist,4,7,20.2,45.0,4.0,2.437736638035451
R001,T01,DR0026,Cardiologist,5,7,25.4,45.0,4.0,2.437736638035451
R001,T01,DR0026,Cardiologist,6,5,22.7,45.0,4.0,2.437736638035451
R001,T01,DR0026,Cardiologist,7,4,16.0,45.0,4.0,2.437736638035451
R001,T01,DR0026,Cardiologist,8,8,30.3,45.0,4.0,2.437736638035451
R001,T01,DR0026,Cardiologist,9,2,18.5,45.0,4.0,2.437736638035451
R001,T01,DR0026,Cardiologist,10,4,25.6,45.0,4.0,2.437736638035451
R001,T01,DR0026,Cardiologist,11,4,37.0,45.0,4.0,2.437736638035451
R001,T01,DR0026,Cardiologist,12,6,30.9,45.0,4.0,2.437736638035451
R002,T01,DR0027,Endocrinologist,1,5,40.2,52.5,4.0,2.437736638035451
R002,T01,DR0027,Endocrinologist,2,7,40.0,52.5,4.0,2.437736638035451
R002,T01,DR0027,Endocrinologist,3,3,18.9,52.5,4.0,2.437736638035451
R002,T01,DR0027,Endocrinologist,4,6,50.5,52.5,4.0,2.437736638035451
R002,T01,DR0027,Endocrinologist,5,5,25.9,52.5,4.0,2.437736638035451
R002,T01,DR0027,Endocrinologist,6,7,49.7,52.5,4.0,2.437736638035451
R002,T01,DR0027,Endocrinologist,7,2,20.5,52.5,4.0,2.437736638035451
R002,T01,DR0027,Endocrinologist,8,5,37.3,52.5,4.0,2.437736638035451
R002,T01,DR0027,Endocrinologist,9,7,43.4,52.5,4.0,2.437736638035451
R002,T01,DR0027,Endocrinologist,10,4,33.2,52.5,4.0,2.437736638035451
R002,T01,DR0027,Endocrinologist,11,9,49.4,52.5,4.0,2.437736638035451
R002,T01,DR0027,Endocrinologist,12,2,18.3,52.5,4.0,2.437736638035451
R003,T01,DR0028,Neurologist,1,2,15.2,37.5,4.0,2.437736638035451
R003,T01,DR0028,Neurologist,2,3,14.7,37.5,4.0,2.437736638035451
R003,T01,DR0028,Neurologist,3,1,7.4,37.5,4.0,2.437736638035451
R003,T01,DR0028,Neurologist,4,10,29.9,37.5,4.0,2.437736638035451
R003,T01,DR0028,Neurologist,5,5,15.2,37.5,4.0,2.437736638035451
R003,T01,DR0028,Neurologist,6,2,13.1,37.5,4.0,2.437736638035451
R003,T01,DR0028,Neurologist,7,3,20.4,37.5,4.0,2.437736638035451
R003,T01,DR0028,Neurologist,8,2,16.9,37.5,4.0,2.437736638035451
R003,T01,DR0028,Neurologist,9,5,23.5,37.5,4.0,2.437736638035451
R003,T01,DR0028,Neurologist,10,3,32.1,37.5,4.0,2.437736638035451
R003,T01,DR0028,Neurologist,11,8,29.2,37.5,4.0,2.437736638035451
R003,T01,DR0028,Neurologist,12,5,25.7,37.5,4.0,2.437736638035451
R004,T01,DR0029,GP,1,1,5.9,25.0,4.0,2.437736638035451
R004,T01,DR0029,GP,2,2,10.6,25.0,4.0,2.437736638035451
R004,T01,DR0029,GP,3,4,16.2,25.0,4.0,2.437736638035451
R004,T01,DR0029,GP,4,3,10.4,25.0,4.0,2.437736638035451
R004,T01,DR0029,GP,5,5,33.0,25.0,4.0,2.437736638035451
R004,T01,DR0029,GP,6,4,13.9,25.0,4.0,2.437736638035451
R004,T01,DR0029,GP,7,2,12.1,25.0,4.0,2.437736638035451
R004,T01,DR0029,GP,8,1,6.8,25.0,4.0,2.437736638035451
R004,T01,DR0029,GP,9,2,8.4,25.0,4.0,2.437736638035451
R004,T01,DR0029,GP,10,3,21.7,25.0,4.0,2.437736638035451
R004,T01,DR0029,GP,11,2,8.4,25.0,4.0,2.437736638035451
R004,T01,DR0029,GP,12,2,10.3,25.0,4.0,2.437736638035451
R005,T01,DR0030,Cardiologist,1,8,28.9,45.0,4.0,2.437736638035451
R005,T01,DR0030,Cardiologist,2,5,42.8,45.0,4.0,2.437736638035451
R005,T01,DR0030,Cardiologist,3,7,31.7,45.0,4.0,2.437736638035451
R005,T01,DR0030,Cardiologist,4,4,43.1,45.0,4.0,2.437736638035451
R005,T01,DR0030,Cardiologist,5,5,21.1,45.0,4.0,2.437736638035451
R005,T01,DR0030,Cardiologist,6,7,35.1,45.0,4.0,2.437736638035451
R005,T01,DR0030,Cardiologist,7,2,17.2,45.0,4.0,2.437736638035451
R005,T01,DR0030,Cardiologist,8,8,42.5,45.0,4.0,2.437736638035451
R005,T01,DR0030,Cardiologist,9,4,28.1,45.0,4.0,2.437736638035451
R005,T01,DR0030,Cardiologist,10,5,20.9,45.0,4.0,2.437736638035451
R005,T01,DR0030,Cardiologist,11,4,40.0,45.0,4.0,2.437736638035451
R005,T01,DR0030,Cardiologist,12,6,32.2,45.0,4.0,2.437736638035451
R006,T02,DR0031,GP,1,3,2.7,25.0,4.0,-8.319872849923964
R006,T02,DR0031,GP,2,2,1.3,25.0,4.0,-8.319872849923964
R006,T02,DR0031,GP,3,2,0.9,25.0,4.0,-8.319872849923964
R006,T02,DR0031,GP,4,1,0.9,25.0,4.0,-8.319872849923964
R006,T02,DR0031,GP,5,3,2.1,25.0,4.0,-8.319872849923964
R006,T02,DR0031,GP,6,3,2.9,25.0,4.0,-8.319872849923964
R006,T02,DR0031,GP,7,1,1.0,25.0,4.0,-8.319872849923964
R006,T02,DR0031,GP,8,4,3.9,25.0,4.0,-8.319872849923964
R006,T02,DR0031,GP,9,2,1.0,25.0,4.0,-8.319872849923964
R006,T02,DR0031,GP,10,2,1.4,25.0,4.0,-8.319872849923964
R006,T02,DR0031,GP,11,3,2.6,25.0,4.0,-8.319872849923964
R006,T02,DR0031,GP,12,1,0.9,25.0,4.0,-8.319872849923964
R007,T02,DR0032,Cardiologist,1,4,20.5,45.0,4.0,-8.319872849923964
R007,T02,DR0032,Cardiologist,2,2,8.2,45.0,4.0,-8.319872849923964
R007,T02,DR0032,Cardiologist,3,3,13.2,45.0,4.0,-8.319872849923964
R007,T02,DR0032,Cardiologist,4,8,32.1,45.0,4.0,-8.319872849923964
R007,T02,DR0032,Cardiologist,5,6,17.0,45.0,4.0,-8.319872849923964
R007,T02,DR0032,Cardiologist,6,3,10.7,45.0,4.0,-8.319872849923964
R007,T02,DR0032,Cardiologist,7,3,9.2,45.0,4.0,-8.319872849923964
R007,T02,DR0032,Cardiologist,8,10,23.6,45.0,4.0,-8.319872849923964
R007,T02,DR0032,Cardiologist,9,5,14.9,45.0,4.0,-8.319872849923964
R007,T02,DR0032,Cardiologist,10,10,25.6,45.0,4.0,-8.319872849923964
R007,T02,DR0032,Cardiologist,11,5,11.6,45.0,4.0,-8.319872849923964
R007,T02,DR0032,Cardiologist,12,8,19.4,45.0,4.0,-8.319872849923964
R008,T02,DR0033,Endocrinologist,1,5,14.2,52.5,4.0,-8.319872849923964
R008,T02,DR0033,Endocrinologist,2,8,34.2,52.5,4.0,-8.319872849923964
R008,T02,DR0033,Endocrinologist,3,7,22.4,52.5,4.0,-8.319872849923964
R008,T02,DR0033,Endocrinologist,4,7,32.2,52.5,4.0,-8.319872849923964
R008,T02,DR0033,Endocrinologist,5,3,10.2,52.5,4.0,-8.319872849923964
R008,T02,DR0033,Endocrinologist,6,3,12.7,52.5,4.0,-8.319872849923964
R008,T02,DR0033,Endocrinologist,7,10,35.3,52.5,4.0,-8.319872849923964
R008,T02,DR0033,Endocrinologist,8,4,17.5,52.5,4.0,-8.319872849923964
R008,T02,DR0033,Endocrinologist,9,6,28.4,52.5,4.0,-8.319872849923964
R008,T02,DR0033,Endocrinologist,10,5,12.0,52.5,4.0,-8.319872849923964
R008,T02,DR0033,Endocrinologist,11,3,18.2,52.5,4.0,-8.319872849923964
R008,T02,DR0033,Endocrinologist,12,5,19.3,52.5,4.0,-8.319872849923964
R009,T02,DR0034,Neurologist,1,1,1.1,37.5,4.0,-8.319872849923964
R009,T02,DR0034,Neurologist,2,1,0.9,37.5,4.0,-8.319872849923964
R009,T02,DR0034,Neurologist,3,6,16.2,37.5,4.0,-8.319872849923964
R009,T02,DR0034,Neurologist,4,2,5.0,37.5,4.0,-8.319872849923964
R009,T02,DR0034,Neurologist,5,1,0.9,37.5,4.0,-8.319872849923964
R009,T02,DR0034,Neurologist,6,3,8.2,37.5,4.0,-8.319872849923964
R009,T02,DR0034,Neurologist,7,5,14.6,37.5,4.0,-8.319872849923964
R009,T02,DR0034,Neurologist,8,6,13.1,37.5,4.0,-8.319872849923964
R009,T02,DR0034,Neurologist,9,6,15.6,37.5,4.0,-8.319872849923964
R009,T02,DR0034,Neurologist,10,5,12.7,37.5,4.0,-8.319872849923964
R009,T02,DR0034,Neurologist,11,6,15.9,37.5,4.0,-8.319872849923964
R009,T02,DR0034,Neurologist,12,2,4.4,37.5,4.0,-8.319872849923964
R010,T02,DR0035,GP,1,4,5.9,25.0,4.0,-8.319872849923964
R010,T02,DR0035,GP,2,5,5.7,25.0,4.0,-8.319872849923964
R010,T02,DR0035,GP,3,8,11.4,25.0,4.0,-8.319872849923964
R010,T02,DR0035,GP,4,2,0.9,25.0,4.0,-8.319872849923964
R010,T02,DR0035,GP,5,3,1.9,25.0,4.0,-8.319872849923964
R010,T02,DR0035,GP,6,3,1.6,25.0,4.0,-8.319872849923964
R010,T02,DR0035,GP,7,4,4.2,25.0,4.0,-8.319872849923964
R010,T02,DR0035,GP,8,6,5.8,25.0,4.0,-8.319872849923964
R010,T02,DR0035,GP,9,3,2.4,25.0,4.0,-8.319872849923964
R010,T02,DR0035,GP,10,6,9.0,25.0,4.0,-8.319872849923964
R010,T02,DR0035,GP,11,1,0.9,25.0,4.0,-8.319872849923964
R010,T02,DR0035,GP,12,6,6.4,25.0,4.0,-8.319872849923964
R006,T02,DR0036,Cardiologist,1,4,8.8,45.0,4.0,-8.319872849923964
R006,T02,DR0036,Cardiologist,2,4,11.2,45.0,4.0,-8.319872849923964
R006,T02,DR0036,Cardiologist,3,6,19.2,45.0,4.0,-8.319872849923964
R006,T02,DR0036,Cardiologist,4,2,5.7,45.0,4.0,-8.319872849923964
R006,T02,DR0036,Cardiologist,5,4,15.5,45.0,4.0,-8.319872849923964
R006,T02,DR0036,Cardiologist,6,4,13.4,45.0,4.0,-8.319872849923964
R006,T02,DR0036,Cardiologist,7,4,13.4,45.0,4.0,-8.319872849923964
R006,T02,DR0036,Cardiologist,8,7,23.0,45.0,4.0,-8.319872849923964
R006,T02,DR0036,Cardiologist,9,5,22.4,45.0,4.0,-8.319872849923964
R006,T02,DR0036,Cardiologist,10,7,19.9,45.0,4.0,-8.319872849923964
R006,T02,DR0036,Cardiologist,11,4,18.4,45.0,4.0,-8.319872849923964
R006,T02,DR0036,Cardiologist,12,3,11.5,45.0,4.0,-8.319872849923964
R007,T02,DR0037,Endocrinologist,1,9,27.8,52.5,4.0,-8.319872849923964
R007,T02,DR0037,Endocrinologist,2,6,18.8,52.5,4.0,-8.319872849923964
R007,T02,DR0037,Endocrinologist,3,4,17.2,52.5,4.0,-8.319872849923964
R007,T02,DR0037,Endocrinologist,4,3,9.5,52.5,4.0,-8.319872849923964
R007,T02,DR0037,Endocrinologist,5,6,19.5,52.5,4.0,-8.319872849923964
R007,T02,DR0037,Endocrinologist,6,8,34.0,52.5,4.0,-8.319872849923964
R007,T02,DR0037,Endocrinologist,7,5,18.6,52.5,4.0,-8.319872849923964
R007,T02,DR0037,Endocrinologist,8,5,23.0,52.5,4.0,-8.319872849923964
R007,T02,DR0037,Endocrinologist,9,9,33.2,52.5,4.0,-8.319872849923964
R007,T02,DR0037,Endocrinologist,10,4,22.8,52.5,4.0,-8.319872849923964
R007,T02,DR0037,Endocrinologist,11,5,22.3,52.5,4.0,-8.319872849923964
R007,T02,DR0037,Endocrinologist,12,3,12.8,52.5,4.0,-8.319872849923964
R008,T02,DR0038,Neurologist,1,1,0.9,37.5,4.0,-8.319872849923964
R008,T02,DR0038,Neurologist,2,2,5.2,37.5,4.0,-8.319872849923964
R008,T02,DR0038,Neurologist,3,1,1.2,37.5,4.0,-8.319872849923964
R008,T02,DR0038,Neurologist,4,1,1.0,37.5,4.0,-8.319872849923964
R008,T02,DR0038,Neurologist,5,6,11.1,37.5,4.0,-8.319872849923964
R008,T02,DR0038,Neurologist,6,5,12.0,37.5,4.0,-8.319872849923964
R008,T02,DR0038,Neurologist,7,5,10.7,37.5,4.0,-8.319872849923964
R008,T02,DR0038,Neurologist,8,3,10.9,37.5,4.0,-8.319872849923964
R008,T02,DR0038,Neurologist,9,3,8.0,37.5,4.0,-8.319872849923964
R008,T02,DR0038,Neurologist,10,3,6.4,37.5,4.0,-8.319872849923964
R008,T02,DR0038,Neurologist,11,4,10.6,37.5,4.0,-8.319872849923964
R008,T02,DR0038,Neurologist,12,3,4.8,37.5,4.0,-8.319872849923964
R009,T02,DR0039,GP,1,1,0.6,25.0,4.0,-8.319872849923964
R009,T02,DR0039,GP,2,2,1.1,25.0,4.0,-8.319872849923964
R009,T02,DR0039,GP,3,5,6.3,25.0,4.0,-8.319872849923964
R009,T02,DR0039,GP,4,3,2.7,25.0,4.0,-8.319872849923964
R009,T02,DR0039,GP,5,1,0.8,25.0,4.0,-8.319872849923964
R009,T02,DR0039,GP,6,3,1.9,25.0,4.0,-8.319872849923964
R009,T02,DR0039,GP,7,3,2.1,25.0,4.0,-8.319872849923964
R009,T02,DR0039,GP,8,3,1.8,25.0,4.0,-8.319872849923964
R009,T02,DR0039,GP,9,5,9.1,25.0,4.0,-8.319872849923964
R009,T02,DR0039,GP,10,1,0.8,25.0,4.0,-8.319872849923964
R009,T02,DR0039,GP,11,1,1.1,25.0,4.0,-8.319872849923964
R009,T02,DR0039,GP,12,5,4.0,25.0,4.0,-8.319872849923964
R010,T02,DR0040,Cardiologist,1,5,8.4,45.0,4.0,-8.319872849923964
R010,T02,DR0040,Cardiologist,2,4,19.5,45.0,4.0,-8.319872849923964
R010,T02,DR0040,Cardiologist,3,8,26.2,45.0,4.0,-8.319872849923964
R010,T02,DR0040,Cardiologist,4,5,17.2,45.0,4.0,-8.319872849923964
R010,T02,DR0040,Cardiologist,5,5,16.8,45.0,4.0,-8.319872849923964
R010,T02,DR0040,Cardiologist,6,4,18.3,45.0,4.0,-8.319872849923964
R010,T02,DR0040,Cardiologist,7,10,23.3,45.0,4.0,-8.319872849923964
R010,T02,DR0040,Cardiologist,8,6,27.8,45.0,4.0,-8.319872849923964
R010,T02,DR0040,Cardiologist,9,5,14.8,45.0,4.0,-8.319872849923964
R010,T02,DR0040,Cardiologist,10,4,19.4,45.0,4.0,-8.319872849923964
R010,T02,DR0040,Cardiologist,11,8,39.1,45.0,4.0,-8.319872849923964
R010,T02,DR0040,Cardiologist,12,6,20.5,45.0,4.0,-8.319872849923964
R006,T02,DR0041,Endocrinologist,1,6,22.2,52.5,4.0,-8.319872849923964
R006,T02,DR0041,Endocrinologist,2,6,26.7,52.5,4.0,-8.319872849923964
R006,T02,DR0041,Endocrinologist,3,5,16.9,52.5,4.0,-8.319872849923964
R006,T02,DR0041,Endocrinologist,4,6,26.2,52.5,4.0,-8.319872849923964
R006,T02,DR0041,Endocrinologist,5,4,14.3,52.5,4.0,-8.319872849923964
R006,T02,DR0041,Endocrinologist,6,5,19.3,52.5,4.0,-8.319872849923964
R006,T02,DR0041,Endocrinologist,7,6,25.8,52.5,4.0,-8.319872849923964
R006,T02,DR0041,Endocrinologist,8,7,25.0,52.5,4.0,-8.319872849923964
R006,T02,DR0041,Endocrinologist,9,4,19.0,52.5,4.0,-8.319872849923964
R006,T02,DR0041,Endocrinologist,10,5,26.6,52.5,4.0,-8.319872849923964
R006,T02,DR0041,Endocrinologist,11,4,13.5,52.5,4.0,-8.319872849923964
R006,T02,DR0041,Endocrinologist,12,7,24.6,52.5,4.0,-8.319872849923964
R007,T02,DR0042,Neurologist,1,4,11.1,37.5,4.0,-8.319872849923964
R007,T02,DR0042,Neurologist,2,3,9.3,37.5,4.0,-8.319872849923964
R007,T02,DR0042,Neurologist,3,1,0.8,37.5,4.0,-8.319872849923964
R007,T02,DR0042,Neurologist,4,4,11.1,37.5,4.0,-8.319872849923964
R007,T02,DR0042,Neurologist,5,7,13.3,37.5,4.0,-8.319872849923964
R007,T02,DR0042,Neurologist,6,1,1.4,37.5,4.0,-8.319872849923964
R007,T02,DR0042,Neurologist,7,5,11.8,37.5,4.0,-8.319872849923964
R007,T02,DR0042,Neurologist,8,4,16.3,37.5,4.0,-8.319872849923964
R007,T02,DR0042,Neurologist,9,3,7.5,37.5,4.0,-8.319872849923964
R007,T02,DR0042,Neurologist,10,3,5.4,37.5,4.0,-8.319872849923964
R007,T02,DR0042,Neurologist,11,3,9.2,37.5,4.0,-8.319872849923964
R007,T02,DR0042,Neurologist,12,5,16.3,37.5,4.0,-8.319872849923964
R008,T02,DR0043,GP,1,6,7.8,25.0,4.0,-8.319872849923964
R008,T02,DR0043,GP,2,1,0.8,25.0,4.0,-8.319872849923964
R008,T02,DR0043,GP,3,1,1.2,25.0,4.0,-8.319872849923964
R008,T02,DR0043,GP,4,1,0.7,25.0,4.0,-8.319872849923964
R008,T02,DR0043,GP,5,2,0.7,25.0,4.0,-8.319872849923964
R008,T02,DR0043,GP,6,1,1.0,25.0,4.0,-8.319872849923964
R008,T02,DR0043,GP,7,4,5.4,25.0,4.0,-8.319872849923964
R008,T02,DR0043,GP,8,4,4.7,25.0,4.0,-8.319872849923964
R008,T02,DR0043,GP,9,1,1.1,25.0,4.0,-8.319872849923964
R008,T02,DR0043,GP,10,1,1.0,25.0,4.0,-8.319872849923964
R008,T02,DR0043,GP,11,2,1.3,25.0,4.0,-8.319872849923964
R008,T02,DR0043,GP,12,4,6.0,25.0,4.0,-8.319872849923964
R009,T02,DR0044,Cardiologist,1,3,9.5,45.0,4.0,-8.319872849923964
R009,T02,DR0044,Cardiologist,2,4,9.9,45.0,4.0,-8.319872849923964
R009,T02,DR0044,Cardiologist,3,2,8.3,45.0,4.0,-8.319872849923964
R009,T02,DR0044,Cardiologist,4,4,10.6,45.0,4.0,-8.319872849923964
R009,T02,DR0044,Cardiologist,5,2,7.1,45.0,4.0,-8.319872849923964
R009,T02,DR0044,Cardiologist,6,8,27.6,45.0,4.0,-8.319872849923964
R009,T02,DR0044,Cardiologist,7,2,10.1,45.0,4.0,-8.319872849923964
R009,T02,DR0044,Cardiologist,8,7,10.2,45.0,4.0,-8.319872849923964
R009,T02,DR0044,Cardiologist,9,6,11.6,45.0,4.0,-8.319872849923964
R009,T02,DR0044,Cardiologist,10,2,5.5,45.0,4.0,-8.319872849923964
R009,T02,DR0044,Cardiologist,11,7,26.6,45.0,4.0,-8.319872849923964
R009,T02,DR0044,Cardiologist,12,6,21.8,45.0,4.0,-8.319872849923964
R010,T02,DR0045,Endocrinologist,1,3,16.3,52.5,4.0,-8.319872849923964
R010,T02,DR0045,Endocrinologist,2,9,33.0,52.5,4.0,-8.319872849923964
R010,T02,DR0045,Endocrinologist,3,4,15.2,52.5,4.0,-8.319872849923964
R010,T02,DR0045,Endocrinologist,4,4,21.8,52.5,4.0,-8.319872849923964
R010,T02,DR0045,Endocrinologist,5,8,24.2,52.5,4.0,-8.319872849923964
R010,T02,DR0045,Endocrinologist,6,2,10.4,52.5,4.0,-8.319872849923964
R010,T02,DR0045,Endocrinologist,7,6,21.9,52.5,4.0,-8.319872849923964
R010,T02,DR0045,Endocrinologist,8,3,14.4,52.5,4.0,-8.319872849923964
R010,T02,DR0045,Endocrinologist,9,7,19.4,52.5,4.0,-8.319872849923964
R010,T02,DR0045,Endocrinologist,10,1,1.2,52.5,4.0,-8.319872849923964
R010,T02,DR0045,Endocrinologist,11,2,6.7,52.5,4.0,-8.319872849923964
R010,T02,DR0045,Endocrinologist,12,8,22.9,52.5,4.0,-8.319872849923964
R006,T02,DR0046,Neurologist,1,4,11.3,37.5,4.0,-8.319872849923964
R006,T02,DR0046,Neurologist,2,2,4.7,37.5,4.0,-8.319872849923964
R006,T02,DR0046,Neurologist,3,6,10.9,37.5,4.0,-8.319872849923964
R006,T02,DR0046,Neurologist,4,8,21.7,37.5,4.0,-8.319872849923964
R006,T02,DR0046,Neurologist,5,7,10.6,37.5,4.0,-8.319872849923964
R006,T02,DR0046,Neurologist,6,1,0.6,37.5,4.0,-8.319872849923964
R006,T02,DR0046,Neurologist,7,5,15.8,37.5,4.0,-8.319872849923964
R006,T02,DR0046,Neurologist,8,2,4.1,37.5,4.0,-8.319872849923964
R006,T02,DR0046,Neurologist,9,11,13.9,37.5,4.0,-8.319872849923964
R006,T02,DR0046,Neurologist,10,5,12.7,37.5,4.0,-8.319872849923964
R006,T02,DR0046,Neurologist,11,3,7.0,37.5,4.0,-8.319872849923964
R006,T02,DR0046,Neurologist,12,2,2.8,37.5,4.0,-8.319872849923964
R007,T02,DR0047,GP,1,3,1.9,25.0,4.0,-8.319872849923964
R007,T02,DR0047,GP,2,1,0.9,25.0,4.0,-8.319872849923964
R007,T02,DR0047,GP,3,3,1.7,25.0,4.0,-8.319872849923964
R007,T02,DR0047,GP,4,3,3.4,25.0,4.0,-8.319872849923964
R007,T02,DR0047,GP,5,3,2.7,25.0,4.0,-8.319872849923964
R007,T02,DR0047,GP,6,6,8.3,25.0,4.0,-8.319872849923964
R007,T02,DR0047,GP,7,7,5.6,25.0,4.0,-8.319872849923964
R007,T02,DR0047,GP,8,3,2.4,25.0,4.0,-8.319872849923964
R007,T02,DR0047,GP,9,2,1.2,25.0,4.0,-8.319872849923964
R007,T02,DR0047,GP,10,5,5.3,25.0,4.0,-8.319872849923964
R007,T02,DR0047,GP,11,4,3.6,25.0,4.0,-8.319872849923964
R007,T02,DR0047,GP,12,6,6.7,25.0,4.0,-8.319872849923964
R008,T02,DR0048,Cardiologist,1,2,6.2,45.0,4.0,-8.319872849923964
R008,T02,DR0048,Cardiologist,2,4,9.6,45.0,4.0,-8.319872849923964
R008,T02,DR0048,Cardiologist,3,6,23.6,45.0,4.0,-8.319872849923964
R008,T02,DR0048,Cardiologist,4,8,32.4,45.0,4.0,-8.319872849923964
R008,T02,DR0048,Cardiologist,5,6,23.6,45.0,4.0,-8.319872849923964
R008,T02,DR0048,Cardiologist,6,2,7.7,45.0,4.0,-8.319872849923964
R008,T02,DR0048,Cardiologist,7,3,10.5,45.0,4.0,-8.319872849923964
R008,T02,DR0048,Cardiologist,8,4,17.5,45.0,4.0,-8.319872849923964
R008,T02,DR0048,Cardiologist,9,2,6.6,45.0,4.0,-8.319872849923964
R008,T02,DR0048,Cardiologist,10,4,10.1,45.0,4.0,-8.319872849923964
R008,T02,DR0048,Cardiologist,11,3,11.8,45.0,4.0,-8.319872849923964
R008,T02,DR0048,Cardiologist,12,6,29.3,45.0,4.0,-8.319872849923964
R009,T02,DR0049,Endocrinologist,1,3,12.3,52.5,4.0,-8.319872849923964
R009,T02,DR0049,Endocrinologist,2,3,10.0,52.5,4.0,-8.319872849923964
R009,T02,DR0049,Endocrinologist,3,4,21.8,52.5,4.0,-8.319872849923964
R009,T02,DR0049,Endocrinologist,4,4,11.3,52.5,4.0,-8.319872849923964
R009,T02,DR0049,Endocrinologist,5,3,13.3,52.5,4.0,-8.319872849923964
R009,T02,DR0049,Endocrinologist,6,12,43.4,52.5,4.0,-8.319872849923964
R009,T02,DR0049,Endocrinologist,7,11,43.1,52.5,4.0,-8.319872849923964
R009,T02,DR0049,Endocrinologist,8,6,18.5,52.5,4.0,-8.319872849923964
R009,T02,DR0049,Endocrinologist,9,4,17.2,52.5,4.0,-8.319872849923964
R009,T02,DR0049,Endocrinologist,10,5,23.8,52.5,4.0,-8.319872849923964
R009,T02,DR0049,Endocrinologist,11,4,20.9,52.5,4.0,-8.319872849923964
R009,T02,DR0049,Endocrinologist,12,12,30.4,52.5,4.0,-8.319872849923964
R010,T02,DR0050,Neurologist,1,4,10.0,37.5,4.0,-8.319872849923964
R010,T02,DR0050,Neurologist,2,5,14.3,37.5,4.0,-8.319872849923964
R010,T02,DR0050,Neurologist,3,1,1.2,37.5,4.0,-8.319872849923964
R010,T02,DR0050,Neurologist,4,5,10.3,37.5,4.0,-8.319872849923964
R010,T02,DR0050,Neurologist,5,2,4.7,37.5,4.0,-8.319872849923964
R010,T02,DR0050,Neurologist,6,6,15.0,37.5,4.0,-8.319872849923964
R010,T02,DR0050,Neurologist,7,4,21.2,37.5,4.0,-8.319872849923964
R010,T02,DR0050,Neurologist,8,3,11.4,37.5,4.0,-8.319872849923964
R010,T02,DR0050,Neurologist,9,5,25.2,37.5,4.0,-8.319872849923964
R010,T02,DR0050,Neurologist,10,4,9.7,37.5,4.0,-8.319872849923964
R010,T02,DR0050,Neurologist,11,8,18.4,37.5,4.0,-8.319872849923964
R010,T02,DR0050,Neurologist,12,3,9.0,37.5,4.0,-8.319872849923964
R006,T02,DR0051,GP,1,3,3.0,25.0,4.0,-8.319872849923964
R006,T02,DR0051,GP,2,2,1.1,25.0,4.0,-8.319872849923964
R006,T02,DR0051,GP,3,4,4.1,25.0,4.0,-8.319872849923964
R006,T02,DR0051,GP,4,3,3.4,25.0,4.0,-8.319872849923964
R006,T02,DR0051,GP,5,2,1.0,25.0,4.0,-8.319872849923964
R006,T02,DR0051,GP,6,1,0.9,25.0,4.0,-8.319872849923964
R006,T02,DR0051,GP,7,5,3.7,25.0,4.0,-8.319872849923964
R006,T02,DR0051,GP,8,3,2.0,25.0,4.0,-8.319872849923964
R006,T02,DR0051,GP,9,4,4.3,25.0,4.0,-8.319872849923964
R006,T02,DR0051,GP,10,1,1.1,25.0,4.0,-8.319872849923964
R006,T02,DR0051,GP,11,7,11.2,25.0,4.0,-8.319872849923964
R006,T02,DR0051,GP,12,4,3.9,25.0,4.0,-8.319872849923964
R007,T02,DR0052,Cardiologist,1,6,17.9,45.0,4.0,-8.319872849923964
R007,T02,DR0052,Cardiologist,2,5,16.0,45.0,4.0,-8.319872849923964
R007,T02,DR0052,Cardiologist,3,3,11.2,45.0,4.0,-8.319872849923964
R007,T02,DR0052,Cardiologist,4,4,16.4,45.0,4.0,-8.319872849923964
R007,T02,DR0052,Cardiologist,5,4,10.6,45.0,4.0,-8.319872849923964
R007,T02,DR0052,Cardiologist,6,6,12.2,45.0,4.0,-8.319872849923964
R007,T02,DR0052,Cardiologist,7,5,12.9,45.0,4.0,-8.319872849923964
R007,T02,DR0052,Cardiologist,8,3,9.9,45.0,4.0,-8.319872849923964
R007,T02,DR0052,Cardiologist,9,4,20.2,45.0,4.0,-8.319872849923964
R007,T02,DR0052,Cardiologist,10,2,6.8,45.0,4.0,-8.319872849923964
R007,T02,DR0052,Cardiologist,11,5,9.3,45.0,4.0,-8.319872849923964
R007,T02,DR0052,Cardiologist,12,6,21.9,45.0,4.0,-8.319872849923964
R008,T02,DR0053,Endocrinologist,1,2,6.1,52.5,4.0,-8.319872849923964
R008,T02,DR0053,Endocrinologist,2,6,20.6,52.5,4.0,-8.319872849923964
R008,T02,DR0053,Endocrinologist,3,3,12.0,52.5,4.0,-8.319872849923964
R008,T02,DR0053,Endocrinologist,4,3,10.8,52.5,4.0,-8.319872849923964
R008,T02,DR0053,Endocrinologist,5,4,12.5,52.5,4.0,-8.319872849923964
R008,T02,DR0053,Endocrinologist,6,9,40.6,52.5,4.0,-8.319872849923964
R008,T02,DR0053,Endocrinologist,7,6,32.1,52.5,4.0,-8.319872849923964
R008,T02,DR0053,Endocrinologist,8,6,23.3,52.5,4.0,-8.319872849923964
R008,T02,DR0053,Endocrinologist,9,12,24.0,52.5,4.0,-8.319872849923964
R008,T02,DR0053,Endocrinologist,10,5,22.5,52.5,4.0,-8.319872849923964
R008,T02,DR0053,Endocrinologist,11,3,13.3,52.5,4.0,-8.319872849923964
R008,T02,DR0053,Endocrinologist,12,5,28.1,52.5,4.0,-8.319872849923964
R009,T02,DR0054,Neurologist,1,5,10.6,37.5,4.0,-8.319872849923964
R009,T02,DR0054,Neurologist,2,3,8.3,37.5,4.0,-8.319872849923964
R009,T02,DR0054,Neurologist,3,6,11.5,37.5,4.0,-8.319872849923964
R009,T02,DR0054,Neurologist,4,4,10.9,37.5,4.0,-8.319872849923964
R009,T02,DR0054,Neurologist,5,6,10.1,37.5,4.0,-8.319872849923964
R009,T02,DR0054,Neurologist,6,8,19.3,37.5,4.0,-8.319872849923964
R009,T02,DR0054,Neurologist,7,7,15.0,37.5,4.0,-8.319872849923964
R009,T02,DR0054,Neurologist,8,6,14.4,37.5,4.0,-8.319872849923964
R009,T02,DR0054,Neurologist,9,2,3.7,37.5,4.0,-8.319872849923964
R009,T02,DR0054,Neurologist,10,4,12.5,37.5,4.0,-8.319872849923964
R009,T02,DR0054,Neurologist,11,1,1.1,37.5,4.0,-8.319872849923964
R009,T02,DR0054,Neurologist,12,2,4.4,37.5,4.0,-8.319872849923964
R010,T02,DR0055,GP,1,4,4.0,25.0,4.0,-8.319872849923964
R010,T02,DR0055,GP,2,6,6.1,25.0,4.0,-8.319872849923964
R010,T02,DR0055,GP,3,6,5.4,25.0,4.0,-8.319872849923964
R010,T02,DR0055,GP,4,3,2.4,25.0,4.0,-8.319872849923964
R010,T02,DR0055,GP,5,1,1.1,25.0,4.0,-8.319872849923964
R010,T02,DR0055,GP,6,4,4.8,25.0,4.0,-8.319872849923964
R010,T02,DR0055,GP,7,2,0.9,25.0,4.0,-8.319872849923964
R010,T02,DR0055,GP,8,3,2.4,25.0,4.0,-8.319872849923964
R010,T02,DR0055,GP,9,1,0.9,25.0,4.0,-8.319872849923964
R010,T02,DR0055,GP,10,3,3.1,25.0,4.0,-8.319872849923964
R010,T02,DR0055,GP,11,3,1.9,25.0,4.0,-8.319872849923964
R010,T02,DR0055,GP,12,2,1.3,25.0,4.0,-8.319872849923964
R006,T02,DR0056,Cardiologist,1,4,15.5,45.0,4.0,-8.319872849923964
R006,T02,DR0056,Cardiologist,2,3,11.5,45.0,4.0,-8.319872849923964
R006,T02,DR0056,Cardiologist,3,2,15.8,45.0,4.0,-8.319872849923964
R006,T02,DR0056,Cardiologist,4,8,31.2,45.0,4.0,-8.319872849923964
R006,T02,DR0056,Cardiologist,5,4,19.8,45.0,4.0,-8.319872849923964
R006,T02,DR0056,Cardiologist,6,1,0.7,45.0,4.0,-8.319872849923964
R006,T02,DR0056,Cardiologist,7,9,26.6,45.0,4.0,-8.319872849923964
R006,T02,DR0056,Cardiologist,8,6,20.3,45.0,4.0,-8.319872849923964
R006,T02,DR0056,Cardiologist,9,3,7.7,45.0,4.0,-8.319872849923964
R006,T02,DR0056,Cardiologist,10,5,28.4,45.0,4.0,-8.319872849923964
R006,T02,DR0056,Cardiologist,11,2,5.2,45.0,4.0,-8.319872849923964
R006,T02,DR0056,Cardiologist,12,8,36.8,45.0,4.0,-8.319872849923964
R007,T02,DR0057,Endocrinologist,1,2,11.5,52.5,4.0,-8.319872849923964
R007,T02,DR0057,Endocrinologist,2,7,35.4,52.5,4.0,-8.319872849923964
R007,T02,DR0057,Endocrinologist,3,8,29.6,52.5,4.0,-8.319872849923964
R007,T02,DR0057,Endocrinologist,4,4,21.4,52.5,4.0,-8.319872849923964
R007,T02,DR0057,Endocrinologist,5,3,14.9,52.5,4.0,-8.319872849923964
R007,T02,DR0057,Endocrinologist,6,3,11.5,52.5,4.0,-8.319872849923964
R007,T02,DR0057,Endocrinologist,7,7,23.5,52.5,4.0,-8.319872849923964
R007,T02,DR0057,Endocrinologist,8,6,33.8,52.5,4.0,-8.319872849923964
R007,T02,DR0057,Endocrinologist,9,7,20.5,52.5,4.0,-8.319872849923964
R007,T02,DR0057,Endocrinologist,10,3,10.8,52.5,4.0,-8.319872849923964
R007,T02,DR0057,Endocrinologist,11,4,16.9,52.5,4.0,-8.319872849923964
R007,T02,DR0057,Endocrinologist,12,6,35.4,52.5,4.0,-8.319872849923964
R008,T02,DR0058,Neurologist,1,5,10.1,37.5,4.0,-8.319872849923964
R008,T02,DR0058,Neurologist,2,3,6.6,37.5,4.0,-8.319872849923964
R008,T02,DR0058,Neurologist,3,1,0.9,37.5,4.0,-8.319872849923964
R008,T02,DR0058,Neurologist,4,5,21.1,37.5,4.0,-8.319872849923964
R008,T02,DR0058,Neurologist,5,2,4.2,37.5,4.0,-8.319872849923964
R008,T02,DR0058,Neurologist,6,2,4.2,37.5,4.0,-8.319872849923964
R008,T02,DR0058,Neurologist,7,3,16.5,37.5,4.0,-8.319872849923964
R008,T02,DR0058,Neurologist,8,3,6.1,37.5,4.0,-8.319872849923964
R008,T02,DR0058,Neurologist,9,1,1.1,37.5,4.0,-8.319872849923964
R008,T02,DR0058,Neurologist,10,6,11.5,37.5,4.0,-8.319872849923964
R008,T02,DR0058,Neurologist,11,1,1.0,37.5,4.0,-8.319872849923964
R008,T02,DR0058,Neurologist,12,3,6.9,37.5,4.0,-8.319872849923964
R009,T02,DR0059,GP,1,1,0.8,25.0,4.0,-8.319872849923964
R009,T02,DR0059,GP,2,5,3.9,25.0,4.0,-8.319872849923964
R009,T02,DR0059,GP,3,1,0.8,25.0,4.0,-8.319872849923964
R009,T02,DR0059,GP,4,4,4.5,25.0,4.0,-8.319872849923964
R009,T02,DR0059,GP,5,3,2.7,25.0,4.0,-8.319872849923964
R009,T02,DR0059,GP,6,2,0.7,25.0,4.0,-8.319872849923964
R009,T02,DR0059,GP,7,5,5.4,25.0,4.0,-8.319872849923964
R009,T02,DR0059,GP,8,3,2.7,25.0,4.0,-8.319872849923964
R009,T02,DR0059,GP,9,1,0.9,25.0,4.0,-8.319872849923964
R009,T02,DR0059,GP,10,3,2.5,25.0,4.0,-8.319872849923964
R009,T02,DR0059,GP,11,5,5.0,25.0,4.0,-8.319872849923964
R009,T02,DR0059,GP,12,2,0.9,25.0,4.0,-8.319872849923964
R010,T02,DR0060,Cardiologist,1,5,16.5,45.0,4.0,-8.319872849923964
R010,T02,DR0060,Cardiologist,2,2,8.1,45.0,4.0,-8.319872849923964
R010,T02,DR0060,Cardiologist,3,3,11.9,45.0,4.0,-8.319872849923964
R010,T02,DR0060,Cardiologist,4,9,21.8,45.0,4.0,-8.319872849923964
R010,T02,DR0060,Cardiologist,5,5,26.9,45.0,4.0,-8.319872849923964
R010,T02,DR0060,Cardiologist,6,1,1.2,45.0,4.0,-8.319872849923964
R010,T02,DR0060,Cardiologist,7,6,14.3,45.0,4.0,-8.319872849923964
R010,T02,DR0060,Cardiologist,8,1,1.4,45.0,4.0,-8.319872849923964
R010,T02,DR0060,Cardiologist,9,4,16.4,45.0,4.0,-8.319872849923964
R010,T02,DR0060,Cardiologist,10,5,16.5,45.0,4.0,-8.319872849923964
R010,T02,DR0060,Cardiologist,11,3,10.9,45.0,4.0,-8.319872849923964
R010,T02,DR0060,Cardiologist,12,5,20.8,45.0,4.0,-8.319872849923964
R011,T03,DR0061,GP,1,2,12.6,25.0,4.0,6.003609566451658
R011,T03,DR0061,GP,2,7,33.5,25.0,4.0,6.003609566451658
R011,T03,DR0061,GP,3,2,22.3,25.0,4.0,6.003609566451658
R011,T03,DR0061,GP,4,2,15.5,25.0,4.0,6.003609566451658
R011,T03,DR0061,GP,5,7,26.7,25.0,4.0,6.003609566451658
R011,T03,DR0061,GP,6,5,18.6,25.0,4.0,6.003609566451658
R011,T03,DR0061,GP,7,2,14.7,25.0,4.0,6.003609566451658
R011,T03,DR0061,GP,8,4,14.2,25.0,4.0,6.003609566451658
R011,T03,DR0061,GP,9,2,18.6,25.0,4.0,6.003609566451658
R011,T03,DR0061,GP,10,3,23.9,25.0,4.0,6.003609566451658
R011,T03,DR0061,GP,11,2,9.9,25.0,4.0,6.003609566451658
R011,T03,DR0061,GP,12,1,12.1,25.0,4.0,6.003609566451658
R012,T03,DR0062,Cardiologist,1,4,30.5,45.0,4.0,6.003609566451658
R012,T03,DR0062,Cardiologist,2,4,26.4,45.0,4.0,6.003609566451658
R012,T03,DR0062,Cardiologist,3,5,33.9,45.0,4.0,6.003609566451658
R012,T03,DR0062,Cardiologist,4,5,36.4,45.0,4.0,6.003609566451658
R012,T03,DR0062,Cardiologist,5,2,23.8,45.0,4.0,6.003609566451658
R012,T03,DR0062,Cardiologist,6,2,24.7,45.0,4.0,6.003609566451658
R012,T03,DR0062,Cardiologist,7,7,38.6,45.0,4.0,6.003609566451658
R012,T03,DR0062,Cardiologist,8,8,49.7,45.0,4.0,6.003609566451658
R012,T03,DR0062,Cardiologist,9,6,40.8,45.0,4.0,6.003609566451658
R012,T03,DR0062,Cardiologist,10,2,25.4,45.0,4.0,6.003609566451658
R012,T03,DR0062,Cardiologist,11,6,32.6,45.0,4.0,6.003609566451658
R012,T03,DR0062,Cardiologist,12,4,21.4,45.0,4.0,6.003609566451658
R013,T03,DR0063,Endocrinologist,1,7,30.7,52.5,4.0,6.003609566451658
R013,T03,DR0063,Endocrinologist,2,3,29.0,52.5,4.0,6.003609566451658
R013,T03,DR0063,Endocrinologist,3,4,27.1,52.5,4.0,6.003609566451658
R013,T03,DR0063,Endocrinologist,4,5,26.1,52.5,4.0,6.003609566451658
R013,T03,DR0063,Endocrinologist,5,7,39.0,52.5,4.0,6.003609566451658
R013,T03,DR0063,Endocrinologist,6,7,35.2,52.5,4.0,6.003609566451658
R013,T03,DR0063,Endocrinologist,7,1,13.3,52.5,4.0,6.003609566451658
R013,T03,DR0063,Endocrinologist,8,1,13.0,52.5,4.0,6.003609566451658
R013,T03,DR0063,Endocrinologist,9,6,45.8,52.5,4.0,6.003609566451658
R013,T03,DR0063,Endocrinologist,10,6,40.2,52.5,4.0,6.003609566451658
R013,T03,DR0063,Endocrinologist,11,6,32.1,52.5,4.0,6.003609566451658
R013,T03,DR0063,Endocrinologist,12,3,19.6,52.5,4.0,6.003609566451658
R014,T03,DR0064,Neurologist,1,6,31.2,37.5,4.0,6.003609566451658
R014,T03,DR0064,Neurologist,2,1,17.7,37.5,4.0,6.003609566451658
R014,T03,DR0064,Neurologist,3,6,31.7,37.5,4.0,6.003609566451658
R014,T03,DR0064,Neurologist,4,5,21.5,37.5,4.0,6.003609566451658
R014,T03,DR0064,Neurologist,5,4,25.7,37.5,4.0,6.003609566451658
R014,T03,DR0064,Neurologist,6,2,16.9,37.5,4.0,6.003609566451658
R014,T03,DR0064,Neurologist,7,3,23.9,37.5,4.0,6.003609566451658
R014,T03,DR0064,Neurologist,8,3,12.6,37.5,4.0,6.003609566451658
R014,T03,DR0064,Neurologist,9,2,23.2,37.5,4.0,6.003609566451658
R014,T03,DR0064,Neurologist,10,2,18.0,37.5,4.0,6.003609566451658
R014,T03,DR0064,Neurologist,11,5,20.6,37.5,4.0,6.003609566451658
R014,T03,DR0064,Neurologist,12,4,38.7,37.5,4.0,6.003609566451658
R015,T03,DR0065,GP,1,3,14.6,25.0,4.0,6.003609566451658
R015,T03,DR0065,GP,2,2,21.4,25.0,4.0,6.003609566451658
R015,T03,DR0065,GP,3,4,27.6,25.0,4.0,6.003609566451658
R015,T03,DR0065,GP,4,3,19.7,25.0,4.0,6.003609566451658
R015,T03,DR0065,GP,5,3,16.4,25.0,4.0,6.003609566451658
R015,T03,DR0065,GP,6,4,18.8,25.0,4.0,6.003609566451658
R015,T03,DR0065,GP,7,3,19.3,25.0,4.0,6.003609566451658
R015,T03,DR0065,GP,8,1,13.2,25.0,4.0,6.003609566451658
R015,T03,DR0065,GP,9,5,17.8,25.0,4.0,6.003609566451658
R015,T03,DR0065,GP,10,2,16.4,25.0,4.0,6.003609566451658
R015,T03,DR0065,GP,11,3,27.4,25.0,4.0,6.003609566451658
R015,T03,DR0065,GP,12,5,19.7,25.0,4.0,6.003609566451658
R011,T03,DR0066,Cardiologist,1,4,20.2,45.0,4.0,6.003609566451658
R011,T03,DR0066,Cardiologist,2,6,31.0,45.0,4.0,6.003609566451658
R011,T03,DR0066,Cardiologist,3,5,20.7,45.0,4.0,6.003609566451658
R011,T03,DR0066,Cardiologist,4,5,24.1,45.0,4.0,6.003609566451658
R011,T03,DR0066,Cardiologist,5,2,26.1,45.0,4.0,6.003609566451658
R011,T03,DR0066,Cardiologist,6,2,21.1,45.0,4.0,6.003609566451658
R011,T03,DR0066,Cardiologist,7,4,38.6,45.0,4.0,6.003609566451658
R011,T03,DR0066,Cardiologist,8,6,37.5,45.0,4.0,6.003609566451658
R011,T03,DR0066,Cardiologist,9,4,29.2,45.0,4.0,6.003609566451658
R011,T03,DR0066,Cardiologist,10,5,39.2,45.0,4.0,6.003609566451658
R011,T03,DR0066,Cardiologist,11,5,28.9,45.0,4.0,6.003609566451658
R011,T03,DR0066,Cardiologist,12,7,26.3,45.0,4.0,6.003609566451658
R012,T03,DR0067,Endocrinologist,1,5,31.5,52.5,4.0,6.003609566451658
R012,T03,DR0067,Endocrinologist,2,8,40.0,52.5,4.0,6.003609566451658
R012,T03,DR0067,Endocrinologist,3,4,33.1,52.5,4.0,6.003609566451658
R012,T03,DR0067,Endocrinologist,4,5,36.9,52.5,4.0,6.003609566451658
R012,T03,DR0067,Endocrinologist,5,6,44.5,52.5,4.0,6.003609566451658
R012,T03,DR0067,Endocrinologist,6,6,44.7,52.5,4.0,6.003609566451658
R012,T03,DR0067,Endocrinologist,7,3,23.6,52.5,4.0,6.003609566451658
R012,T03,DR0067,Endocrinologist,8,6,30.5,52.5,4.0,6.003609566451658
R012,T03,DR0067,Endocrinologist,9,5,41.0,52.5,4.0,6.003609566451658
R012,T03,DR0067,Endocrinologist,10,3,25.2,52.5,4.0,6.003609566451658
R012,T03,DR0067,Endocrinologist,11,7,50.5,52.5,4.0,6.003609566451658
R012,T03,DR0067,Endocrinologist,12,8,26.7,52.5,4.0,6.003609566451658
R013,T03,DR0068,Neurologist,1,3,23.6,37.5,4.0,6.003609566451658
R013,T03,DR0068,Neurologist,2,5,29.9,37.5,4.0,6.003609566451658
R013,T03,DR0068,Neurologist,3,3,17.7,37.5,4.0,6.003609566451658
R013,T03,DR0068,Neurologist,4,4,16.6,37.5,4.0,6.003609566451658
R013,T03,DR0068,Neurologist,5,4,18.0,37.5,4.0,6.003609566451658
R013,T03,DR0068,Neurologist,6,3,19.9,37.5,4.0,6.003609566451658
R013,T03,DR0068,Neurologist,7,6,22.0,37.5,4.0,6.003609566451658
R013,T03,DR0068,Neurologist,8,5,35.9,37.5,4.0,6.003609566451658
R013,T03,DR0068,Neurologist,9,1,13.3,37.5,4.0,6.003609566451658
R013,T03,DR0068,Neurologist,10,6,23.2,37.5,4.0,6.003609566451658
R013,T03,DR0068,Neurologist,11,4,19.2,37.5,4.0,6.003609566451658
R013,T03,DR0068,Neurologist,12,3,22.9,37.5,4.0,6.003609566451658
R014,T03,DR0069,GP,1,1,9.2,25.0,4.0,6.003609566451658
R014,T03,DR0069,GP,2,1,11.0,25.0,4.0,6.003609566451658
R014,T03,DR0069,GP,3,3,12.9,25.0,4.0,6.003609566451658
R014,T03,DR0069,GP,4,1,10.4,25.0,4.0,6.003609566451658
R014,T03,DR0069,GP,5,5,17.7,25.0,4.0,6.003609566451658
R014,T03,DR0069,GP,6,6,26.0,25.0,4.0,6.003609566451658
R014,T03,DR0069,GP,7,2,14.7,25.0,4.0,6.003609566451658
R014,T03,DR0069,GP,8,1,15.2,25.0,4.0,6.003609566451658
R014,T03,DR0069,GP,9,1,7.7,25.0,4.0,6.003609566451658
R014,T03,DR0069,GP,10,5,18.7,25.0,4.0,6.003609566451658
R014,T03,DR0069,GP,11,1,8.7,25.0,4.0,6.003609566451658
R014,T03,DR0069,GP,12,1,16.4,25.0,4.0,6.003609566451658
R015,T03,DR0070,Cardiologist,1,2,17.1,45.0,4.0,6.003609566451658
R015,T03,DR0070,Cardiologist,2,7,52.3,45.0,4.0,6.003609566451658
R015,T03,DR0070,Cardiologist,3,4,29.8,45.0,4.0,6.003609566451658
R015,T03,DR0070,Cardiologist,4,4,32.1,45.0,4.0,6.003609566451658
R015,T03,DR0070,Cardiologist,5,3,25.4,45.0,4.0,6.003609566451658
R015,T03,DR0070,Cardiologist,6,7,33.1,45.0,4.0,6.003609566451658
R015,T03,DR0070,Cardiologist,7,2,13.8,45.0,4.0,6.003609566451658
R015,T03,DR0070,Cardiologist,8,10,32.4,45.0,4.0,6.003609566451658
R015,T03,DR0070,Cardiologist,9,5,32.4,45.0,4.0,6.003609566451658
R015,T03,DR0070,Cardiologist,10,8,28.3,45.0,4.0,6.003609566451658
R015,T03,DR0070,Cardiologist,11,2,29.8,45.0,4.0,6.003609566451658
R015,T03,DR0070,Cardiologist,12,3,24.9,45.0,4.0,6.003609566451658
R011,T03,DR0071,Endocrinologist,1,5,42.5,52.5,4.0,6.003609566451658
R011,T03,DR0071,Endocrinologist,2,3,30.9,52.5,4.0,6.003609566451658
R011,T03,DR0071,Endocrinologist,3,5,33.3,52.5,4.0,6.003609566451658
R011,T03,DR0071,Endocrinologist,4,7,35.7,52.5,4.0,6.003609566451658
R011,T03,DR0071,Endocrinologist,5,7,53.2,52.5,4.0,6.003609566451658
R011,T03,DR0071,Endocrinologist,6,6,41.3,52.5,4.0,6.003609566451658
R011,T03,DR0071,Endocrinologist,7,10,47.3,52.5,4.0,6.003609566451658
R011,T03,DR0071,Endocrinologist,8,9,55.1,52.5,4.0,6.003609566451658
R011,T03,DR0071,Endocrinologist,9,6,27.4,52.5,4.0,6.003609566451658
R011,T03,DR0071,Endocrinologist,10,4,40.4,52.5,4.0,6.003609566451658
R011,T03,DR0071,Endocrinologist,11,8,54.1,52.5,4.0,6.003609566451658
R011,T03,DR0071,Endocrinologist,12,3,29.4,52.5,4.0,6.003609566451658
R012,T03,DR0072,Neurologist,1,4,19.3,37.5,4.0,6.003609566451658
R012,T03,DR0072,Neurologist,2,4,31.2,37.5,4.0,6.003609566451658
R012,T03,DR0072,Neurologist,3,1,10.8,37.5,4.0,6.003609566451658
R012,T03,DR0072,Neurologist,4,3,18.3,37.5,4.0,6.003609566451658
R012,T03,DR0072,Neurologist,5,1,15.8,37.5,4.0,6.003609566451658
R012,T03,DR0072,Neurologist,6,8,43.5,37.5,4.0,6.003609566451658
R012,T03,DR0072,Neurologist,7,2,20.9,37.5,4.0,6.003609566451658
R012,T03,DR0072,Neurologist,8,2,22.4,37.5,4.0,6.003609566451658
R012,T03,DR0072,Neurologist,9,6,28.7,37.5,4.0,6.003609566451658
R012,T03,DR0072,Neurologist,10,5,29.7,37.5,4.0,6.003609566451658
R012,T03,DR0072,Neurologist,11,1,17.8,37.5,4.0,6.003609566451658
R012,T03,DR0072,Neurologist,12,1,16.9,37.5,4.0,6.003609566451658
R013,T03,DR0073,GP,1,1,11.5,25.0,4.0,6.003609566451658
R013,T03,DR0073,GP,2,2,14.1,25.0,4.0,6.003609566451658
R013,T03,DR0073,GP,3,2,16.3,25.0,4.0,6.003609566451658
R013,T03,DR0073,GP,4,1,11.8,25.0,4.0,6.003609566451658
R013,T03,DR0073,GP,5,2,14.3,25.0,4.0,6.003609566451658
R013,T03,DR0073,GP,6,5,20.6,25.0,4.0,6.003609566451658
R013,T03,DR0073,GP,7,3,14.6,25.0,4.0,6.003609566451658
R013,T03,DR0073,GP,8,4,18.2,25.0,4.0,6.003609566451658
R013,T03,DR0073,GP,9,2,14.3,25.0,4.0,6.003609566451658
R013,T03,DR0073,GP,10,3,21.4,25.0,4.0,6.003609566451658
R013,T03,DR0073,GP,11,2,15.8,25.0,4.0,6.003609566451658
R013,T03,DR0073,GP,12,1,8.0,25.0,4.0,6.003609566451658
R014,T03,DR0074,Cardiologist,1,2,31.4,45.0,4.0,6.003609566451658
R014,T03,DR0074,Cardiologist,2,6,44.3,45.0,4.0,6.003609566451658
R014,T03,DR0074,Cardiologist,3,7,23.3,45.0,4.0,6.003609566451658
R014,T03,DR0074,Cardiologist,4,1,11.4,45.0,4.0,6.003609566451658
R014,T03,DR0074,Cardiologist,5,8,33.7,45.0,4.0,6.003609566451658
R014,T03,DR0074,Cardiologist,6,2,20.1,45.0,4.0,6.003609566451658
R014,T03,DR0074,Cardiologist,7,6,22.6,45.0,4.0,6.003609566451658
R014,T03,DR0074,Cardiologist,8,4,24.6,45.0,4.0,6.003609566451658
R014,T03,DR0074,Cardiologist,9,2,21.0,45.0,4.0,6.003609566451658
R014,T03,DR0074,Cardiologist,10,8,34.3,45.0,4.0,6.003609566451658
R014,T03,DR0074,Cardiologist,11,9,35.7,45.0,4.0,6.003609566451658
R014,T03,DR0074,Cardiologist,12,7,32.2,45.0,4.0,6.003609566451658
R015,T03,DR0075,Endocrinologist,1,6,46.8,52.5,4.0,6.003609566451658
R015,T03,DR0075,Endocrinologist,2,8,32.0,52.5,4.0,6.003609566451658
R015,T03,DR0075,Endocrinologist,3,3,24.9,52.5,4.0,6.003609566451658
R015,T03,DR0075,Endocrinologist,4,5,31.1,52.5,4.0,6.003609566451658
R015,T03,DR0075,Endocrinologist,5,3,22.5,52.5,4.0,6.003609566451658
R015,T03,DR0075,Endocrinologist,6,5,23.9,52.5,4.0,6.003609566451658
R015,T03,DR0075,Endocrinologist,7,4,39.5,52.5,4.0,6.003609566451658
R015,T03,DR0075,Endocrinologist,8,5,24.7,52.5,4.0,6.003609566451658
R015,T03,DR0075,Endocrinologist,9,2,23.3,52.5,4.0,6.003609566451658
R015,T03,DR0075,Endocrinologist,10,8,30.3,52.5,4.0,6.003609566451658
R015,T03,DR0075,Endocrinologist,11,7,42.9,52.5,4.0,6.003609566451658
R015,T03,DR0075,Endocrinologist,12,2,27.0,52.5,4.0,6.003609566451658
R011,T03,DR0076,Neurologist,1,4,21.4,37.5,4.0,6.003609566451658
R011,T03,DR0076,Neurologist,2,5,22.1,37.5,4.0,6.003609566451658
R011,T03,DR0076,Neurologist,3,2,17.9,37.5,4.0,6.003609566451658
R011,T03,DR0076,Neurologist,4,4,32.8,37.5,4.0,6.003609566451658
R011,T03,DR0076,Neurologist,5,5,30.3,37.5,4.0,6.003609566451658
R011,T03,DR0076,Neurologist,6,2,19.2,37.5,4.0,6.003609566451658
R011,T03,DR0076,Neurologist,7,1,12.9,37.5,4.0,6.003609566451658
R011,T03,DR0076,Neurologist,8,6,27.2,37.5,4.0,6.003609566451658
R011,T03,DR0076,Neurologist,9,7,21.8,37.5,4.0,6.003609566451658
R011,T03,DR0076,Neurologist,10,5,22.6,37.5,4.0,6.003609566451658
R011,T03,DR0076,Neurologist,11,3,21.5,37.5,4.0,6.003609566451658
R011,T03,DR0076,Neurologist,12,3,26.1,37.5,4.0,6.003609566451658
R012,T03,DR0077,GP,1,1,15.0,25.0,4.0,6.003609566451658
R012,T03,DR0077,GP,2,5,12.1,25.0,4.0,6.003609566451658
R012,T03,DR0077,GP,3,4,20.7,25.0,4.0,6.003609566451658
R012,T03,DR0077,GP,4,1,12.7,25.0,4.0,6.003609566451658
R012,T03,DR0077,GP,5,2,22.2,25.0,4.0,6.003609566451658
R012,T03,DR0077,GP,6,7,26.6,25.0,4.0,6.003609566451658
R012,T03,DR0077,GP,7,3,15.4,25.0,4.0,6.003609566451658
R012,T03,DR0077,GP,8,5,25.6,25.0,4.0,6.003609566451658
R012,T03,DR0077,GP,9,6,21.2,25.0,4.0,6.003609566451658
R012,T03,DR0077,GP,10,1,9.7,25.0,4.0,6.003609566451658
R012,T03,DR0077,GP,11,4,29.7,25.0,4.0,6.003609566451658
R012,T03,DR0077,GP,12,4,26.1,25.0,4.0,6.003609566451658
R013,T03,DR0078,Cardiologist,1,6,57.2,45.0,4.0,6.003609566451658
R013,T03,DR0078,Cardiologist,2,6,33.2,45.0,4.0,6.003609566451658
R013,T03,DR0078,Cardiologist,3,6,15.1,45.0,4.0,6.003609566451658
R013,T03,DR0078,Cardiologist,4,4,25.4,45.0,4.0,6.003609566451658
R013,T03,DR0078,Cardiologist,5,6,34.7,45.0,4.0,6.003609566451658
R013,T03,DR0078,Cardiologist,6,6,33.4,45.0,4.0,6.003609566451658
R013,T03,DR0078,Cardiologist,7,2,24.8,45.0,4.0,6.003609566451658
R013,T03,DR0078,Cardiologist,8,5,35.3,45.0,4.0,6.003609566451658
R013,T03,DR0078,Cardiologist,9,4,31.4,45.0,4.0,6.003609566451658
R013,T03,DR0078,Cardiologist,10,6,35.8,45.0,4.0,6.003609566451658
R013,T03,DR0078,Cardiologist,11,3,40.9,45.0,4.0,6.003609566451658
R013,T03,DR0078,Cardiologist,12,1,13.3,45.0,4.0,6.003609566451658
R014,T03,DR0079,Endocrinologist,1,7,42.7,52.5,4.0,6.003609566451658
R014,T03,DR0079,Endocrinologist,2,7,38.9,52.5,4.0,6.003609566451658
R014,T03,DR0079,Endocrinologist,3,7,52.2,52.5,4.0,6.003609566451658
R014,T03,DR0079,Endocrinologist,4,4,26.6,52.5,4.0,6.003609566451658
R014,T03,DR0079,Endocrinologist,5,7,38.0,52.5,4.0,6.003609566451658
R014,T03,DR0079,Endocrinologist,6,4,40.2,52.5,4.0,6.003609566451658
R014,T03,DR0079,Endocrinologist,7,4,35.1,52.5,4.0,6.003609566451658
R014,T03,DR0079,Endocrinologist,8,2,22.3,52.5,4.0,6.003609566451658
R014,T03,DR0079,Endocrinologist,9,6,39.5,52.5,4.0,6.003609566451658
R014,T03,DR0079,Endocrinologist,10,5,34.9,52.5,4.0,6.003609566451658
R014,T03,DR0079,Endocrinologist,11,6,47.7,52.5,4.0,6.003609566451658
R014,T03,DR0079,Endocrinologist,12,4,37.9,52.5,4.0,6.003609566451658
R015,T03,DR0080,Neurologist,1,10,29.2,37.5,4.0,6.003609566451658
R015,T03,DR0080,Neurologist,2,1,8.9,37.5,4.0,6.003609566451658
R015,T03,DR0080,Neurologist,3,6,28.7,37.5,4.0,6.003609566451658
R015,T03,DR0080,Neurologist,4,1,11.9,37.5,4.0,6.003609566451658
R015,T03,DR0080,Neurologist,5,9,52.4,37.5,4.0,6.003609566451658
R015,T03,DR0080,Neurologist,6,4,23.2,37.5,4.0,6.003609566451658
R015,T03,DR0080,Neurologist,7,6,28.9,37.5,4.0,6.003609566451658
R015,T03,DR0080,Neurologist,8,5,25.3,37.5,4.0,6.003609566451658
R015,T03,DR0080,Neurologist,9,5,31.0,37.5,4.0,6.003609566451658
R015,T03,DR0080,Neurologist,10,5,24.9,37.5,4.0,6.003609566451658
R015,T03,DR0080,Neurologist,11,4,19.5,37.5,4.0,6.003609566451658
R015,T03,DR0080,Neurologist,12,2,19.3,37.5,4.0,6.003609566451658
R011,T03,DR0081,GP,1,3,11.3,25.0,4.0,6.003609566451658
R011,T03,DR0081,GP,2,2,15.2,25.0,4.0,6.003609566451658
R011,T03,DR0081,GP,3,1,7.6,25.0,4.0,6.003609566451658
R011,T03,DR0081,GP,4,3,20.6,25.0,4.0,6.003609566451658
R011,T03,DR0081,GP,5,1,24.5,25.0,4.0,6.003609566451658
R011,T03,DR0081,GP,6,3,18.6,25.0,4.0,6.003609566451658
R011,T03,DR0081,GP,7,2,17.4,25.0,4.0,6.003609566451658
R011,T03,DR0081,GP,8,5,32.0,25.0,4.0,6.003609566451658
R011,T03,DR0081,GP,9,2,14.8,25.0,4.0,6.003609566451658
R011,T03,DR0081,GP,10,4,25.6,25.0,4.0,6.003609566451658
R011,T03,DR0081,GP,11,1,10.0,25.0,4.0,6.003609566451658
R011,T03,DR0081,GP,12,3,24.3,25.0,4.0,6.003609566451658
R012,T03,DR0082,Cardiologist,1,1,17.9,45.0,4.0,6.003609566451658
R012,T03,DR0082,Cardiologist,2,4,25.2,45.0,4.0,6.003609566451658
R012,T03,DR0082,Cardiologist,3,4,19.7,45.0,4.0,6.003609566451658
R012,T03,DR0082,Cardiologist,4,3,26.8,45.0,4.0,6.003609566451658
R012,T03,DR0082,Cardiologist,5,8,23.9,45.0,4.0,6.003609566451658
R012,T03,DR0082,Cardiologist,6,2,16.9,45.0,4.0,6.003609566451658
R012,T03,DR0082,Cardiologist,7,8,42.0,45.0,4.0,6.003609566451658
R012,T03,DR0082,Cardiologist,8,8,39.7,45.0,4.0,6.003609566451658
R012,T03,DR0082,Cardiologist,9,4,34.4,45.0,4.0,6.003609566451658
R012,T03,DR0082,Cardiologist,10,6,28.9,45.0,4.0,6.003609566451658
R012,T03,DR0082,Cardiologist,11,3,18.7,45.0,4.0,6.003609566451658
R012,T03,DR0082,Cardiologist,12,5,23.8,45.0,4.0,6.003609566451658
R013,T03,DR0083,Endocrinologist,1,2,18.9,52.5,4.0,6.003609566451658
R013,T03,DR0083,Endocrinologist,2,4,35.2,52.5,4.0,6.003609566451658
R013,T03,DR0083,Endocrinologist,3,5,42.9,52.5,4.0,6.003609566451658
R013,T03,DR0083,Endocrinologist,4,4,53.9,52.5,4.0,6.003609566451658
R013,T03,DR0083,Endocrinologist,5,6,45.5,52.5,4.0,6.003609566451658
R013,T03,DR0083,Endocrinologist,6,5,30.9,52.5,4.0,6.003609566451658
R013,T03,DR0083,Endocrinologist,7,5,32.4,52.5,4.0,6.003609566451658
R013,T03,DR0083,Endocrinologist,8,6,52.0,52.5,4.0,6.003609566451658
R013,T03,DR0083,Endocrinologist,9,3,23.9,52.5,4.0,6.003609566451658
R013,T03,DR0083,Endocrinologist,10,4,28.9,52.5,4.0,6.003609566451658
R013,T03,DR0083,Endocrinologist,11,3,26.5,52.5,4.0,6.003609566451658
R013,T03,DR0083,Endocrinologist,12,5,33.9,52.5,4.0,6.003609566451658
R014,T03,DR0084,Neurologist,1,3,22.0,37.5,4.0,6.003609566451658
R014,T03,DR0084,Neurologist,2,8,27.7,37.5,4.0,6.003609566451658
R014,T03,DR0084,Neurologist,3,4,23.0,37.5,4.0,6.003609566451658
R014,T03,DR0084,Neurologist,4,2,17.6,37.5,4.0,6.003609566451658
R014,T03,DR0084,Neurologist,5,6,24.3,37.5,4.0,6.003609566451658
R014,T03,DR0084,Neurologist,6,5,26.4,37.5,4.0,6.003609566451658
R014,T03,DR0084,Neurologist,7,3,16.3,37.5,4.0,6.003609566451658
R014,T03,DR0084,Neurologist,8,5,14.0,37.5,4.0,6.003609566451658
R014,T03,DR0084,Neurologist,9,4,31.9,37.5,4.0,6.003609566451658
R014,T03,DR0084,Neurologist,10,9,30.2,37.5,4.0,6.003609566451658
R014,T03,DR0084,Neurologist,11,5,22.3,37.5,4.0,6.003609566451658
R014,T03,DR0084,Neurologist,12,5,17.9,37.5,4.0,6.003609566451658
R015,T03,DR0085,GP,1,2,12.3,25.0,4.0,6.003609566451658
R015,T03,DR0085,GP,2,2,19.4,25.0,4.0,6.003609566451658
R015,T03,DR0085,GP,3,2,13.3,25.0,4.0,6.003609566451658
R015,T03,DR0085,GP,4,5,20.0,25.0,4.0,6.003609566451658
R015,T03,DR0085,GP,5,2,14.2,25.0,4.0,6.003609566451658
R015,T03,DR0085,GP,6,2,14.4,25.0,4.0,6.003609566451658
R015,T03,DR0085,GP,7,1,17.3,25.0,4.0,6.003609566451658
R015,T03,DR0085,GP,8,4,16.2,25.0,4.0,6.003609566451658
R015,T03,DR0085,GP,9,1,9.7,25.0,4.0,6.003609566451658
R015,T03,DR0085,GP,10,3,14.8,25.0,4.0,6.003609566451658
R015,T03,DR0085,GP,11,1,10.3,25.0,4.0,6.003609566451658
R015,T03,DR0085,GP,12,3,21.1,25.0,4.0,6.003609566451658
R011,T03,DR0086,Cardiologist,1,7,35.1,45.0,4.0,6.003609566451658
R011,T03,DR0086,Cardiologist,2,3,24.0,45.0,4.0,6.003609566451658
R011,T03,DR0086,Cardiologist,3,5,37.3,45.0,4.0,6.003609566451658
R011,T03,DR0086,Cardiologist,4,7,25.1,45.0,4.0,6.003609566451658
R011,T03,DR0086,Cardiologist,5,6,28.7,45.0,4.0,6.003609566451658
R011,T03,DR0086,Cardiologist,6,8,27.5,45.0,4.0,6.003609566451658
R011,T03,DR0086,Cardiologist,7,9,37.9,45.0,4.0,6.003609566451658
R011,T03,DR0086,Cardiologist,8,9,32.8,45.0,4.0,6.003609566451658
R011,T03,DR0086,Cardiologist,9,2,18.8,45.0,4.0,6.003609566451658
R011,T03,DR0086,Cardiologist,10,3,23.8,45.0,4.0,6.003609566451658
R011,T03,DR0086,Cardiologist,11,8,42.1,45.0,4.0,6.003609566451658
R011,T03,DR0086,Cardiologist,12,4,33.5,45.0,4.0,6.003609566451658
R012,T03,DR0087,Endocrinologist,1,6,45.9,52.5,4.0,6.003609566451658
R012,T03,DR0087,Endocrinologist,2,3,45.2,52.5,4.0,6.003609566451658
R012,T03,DR0087,Endocrinologist,3,2,21.6,52.5,4.0,6.003609566451658
R012,T03,DR0087,Endocrinologist,4,4,54.8,52.5,4.0,6.003609566451658
R012,T03,DR0087,Endocrinologist,5,9,50.8,52.5,4.0,6.003609566451658
R012,T03,DR0087,Endocrinologist,6,5,39.1,52.5,4.0,6.003609566451658
R012,T03,DR0087,Endocrinologist,7,6,27.3,52.5,4.0,6.003609566451658
R012,T03,DR0087,Endocrinologist,8,11,69.1,52.5,4.0,6.003609566451658
R012,T03,DR0087,Endocrinologist,9,9,49.7,52.5,4.0,6.003609566451658
R012,T03,DR0087,Endocrinologist,10,8,38.4,52.5,4.0,6.003609566451658
R012,T03,DR0087,Endocrinologist,11,2,34.5,52.5,4.0,6.003609566451658
R012,T03,DR0087,Endocrinologist,12,3,34.7,52.5,4.0,6.003609566451658
R013,T03,DR0088,Neurologist,1,2,25.2,37.5,4.0,6.003609566451658
R013,T03,DR0088,Neurologist,2,2,27.8,37.5,4.0,6.003609566451658
R013,T03,DR0088,Neurologist,3,3,23.9,37.5,4.0,6.003609566451658
R013,T03,DR0088,Neurologist,4,2,15.7,37.5,4.0,6.003609566451658
R013,T03,DR0088,Neurologist,5,1,14.4,37.5,4.0,6.003609566451658
R013,T03,DR0088,Neurologist,6,5,27.4,37.5,4.0,6.003609566451658
R013,T03,DR0088,Neurologist,7,3,31.8,37.5,4.0,6.003609566451658
R013,T03,DR0088,Neurologist,8,2,14.4,37.5,4.0,6.003609566451658
R013,T03,DR0088,Neurologist,9,3,19.3,37.5,4.0,6.003609566451658
R013,T03,DR0088,Neurologist,10,2,17.0,37.5,4.0,6.003609566451658
R013,T03,DR0088,Neurologist,11,8,23.6,37.5,4.0,6.003609566451658
R013,T03,DR0088,Neurologist,12,5,46.9,37.5,4.0,6.003609566451658
R014,T03,DR0089,GP,1,3,17.4,25.0,4.0,6.003609566451658
R014,T03,DR0089,GP,2,2,12.2,25.0,4.0,6.003609566451658
R014,T03,DR0089,GP,3,1,9.3,25.0,4.0,6.003609566451658
R014,T03,DR0089,GP,4,5,22.1,25.0,4.0,6.003609566451658
R014,T03,DR0089,GP,5,4,19.5,25.0,4.0,6.003609566451658
R014,T03,DR0089,GP,6,3,9.3,25.0,4.0,6.003609566451658
R014,T03,DR0089,GP,7,5,14.8,25.0,4.0,6.003609566451658
R014,T03,DR0089,GP,8,2,9.7,25.0,4.0,6.003609566451658
R014,T03,DR0089,GP,9,1,14.3,25.0,4.0,6.003609566451658
R014,T03,DR0089,GP,10,6,16.0,25.0,4.0,6.003609566451658
R014,T03,DR0089,GP,11,3,19.6,25.0,4.0,6.003609566451658
R014,T03,DR0089,GP,12,1,10.6,25.0,4.0,6.003609566451658
R015,T03,DR0090,Cardiologist,1,8,26.4,45.0,4.0,6.003609566451658
R015,T03,DR0090,Cardiologist,2,4,28.0,45.0,4.0,6.003609566451658
R015,T03,DR0090,Cardiologist,3,2,23.7,45.0,4.0,6.003609566451658
R015,T03,DR0090,Cardiologist,4,2,23.3,45.0,4.0,6.003609566451658
R015,T03,DR0090,Cardiologist,5,7,42.2,45.0,4.0,6.003609566451658
R015,T03,DR0090,Cardiologist,6,9,39.3,45.0,4.0,6.003609566451658
R015,T03,DR0090,Cardiologist,7,7,34.1,45.0,4.0,6.003609566451658
R015,T03,DR0090,Cardiologist,8,4,37.6,45.0,4.0,6.003609566451658
R015,T03,DR0090,Cardiologist,9,9,32.5,45.0,4.0,6.003609566451658
R015,T03,DR0090,Cardiologist,10,5,29.6,45.0,4.0,6.003609566451658
R015,T03,DR0090,Cardiologist,11,6,25.4,45.0,4.0,6.003609566451658
R015,T03,DR0090,Cardiologist,12,3,19.9,45.0,4.0,6.003609566451658
R016,T04,DR0091,GP,1,4,22.3,25.0,4.0,7.524517731129711
R016,T04,DR0091,GP,2,2,20.7,25.0,4.0,7.524517731129711
R016,T04,DR0091,GP,3,4,16.7,25.0,4.0,7.524517731129711
R016,T04,DR0091,GP,4,2,15.4,25.0,4.0,7.524517731129711
R016,T04,DR0091,GP,5,7,43.1,25.0,4.0,7.524517731129711
R016,T04,DR0091,GP,6,4,14.2,25.0,4.0,7.524517731129711
R016,T04,DR0091,GP,7,2,19.5,25.0,4.0,7.524517731129711
R016,T04,DR0091,GP,8,2,14.9,25.0,4.0,7.524517731129711
R016,T04,DR0091,GP,9,2,14.0,25.0,4.0,7.524517731129711
R016,T04,DR0091,GP,10,2,14.6,25.0,4.0,7.524517731129711
R016,T04,DR0091,GP,11,4,15.5,25.0,4.0,7.524517731129711
R016,T04,DR0091,GP,12,1,11.5,25.0,4.0,7.524517731129711
R017,T04,DR0092,Cardiologist,1,2,20.4,45.0,4.0,7.524517731129711
R017,T04,DR0092,Cardiologist,2,9,33.4,45.0,4.0,7.524517731129711
R017,T04,DR0092,Cardiologist,3,2,29.7,45.0,4.0,7.524517731129711
R017,T04,DR0092,Cardiologist,4,3,26.1,45.0,4.0,7.524517731129711
R017,T04,DR0092,Cardiologist,5,10,57.4,45.0,4.0,7.524517731129711
R017,T04,DR0092,Cardiologist,6,8,36.2,45.0,4.0,7.524517731129711
R017,T04,DR0092,Cardiologist,7,4,22.2,45.0,4.0,7.524517731129711
R017,T04,DR0092,Cardiologist,8,8,37.1,45.0,4.0,7.524517731129711
R017,T04,DR0092,Cardiologist,9,10,58.5,45.0,4.0,7.524517731129711
R017,T04,DR0092,Cardiologist,10,5,20.9,45.0,4.0,7.524517731129711
R017,T04,DR0092,Cardiologist,11,5,27.1,45.0,4.0,7.524517731129711
R017,T04,DR0092,Cardiologist,12,6,30.6,45.0,4.0,7.524517731129711
R018,T04,DR0093,Endocrinologist,1,3,26.8,52.5,4.0,7.524517731129711
R018,T04,DR0093,Endocrinologist,2,8,43.0,52.5,4.0,7.524517731129711
R018,T04,DR0093,Endocrinologist,3,2,21.5,52.5,4.0,7.524517731129711
R018,T04,DR0093,Endocrinologist,4,12,47.1,52.5,4.0,7.524517731129711
R018,T04,DR0093,Endocrinologist,5,3,46.8,52.5,4.0,7.524517731129711
R018,T04,DR0093,Endocrinologist,6,3,35.2,52.5,4.0,7.524517731129711
R018,T04,DR0093,Endocrinologist,7,7,40.8,52.5,4.0,7.524517731129711
R018,T04,DR0093,Endocrinologist,8,2,19.5,52.5,4.0,7.524517731129711
R018,T04,DR0093,Endocrinologist,9,3,21.7,52.5,4.0,7.524517731129711
R018,T04,DR0093,Endocrinologist,10,6,27.2,52.5,4.0,7.524517731129711
R018,T04,DR0093,Endocrinologist,11,6,31.4,52.5,4.0,7.524517731129711
R018,T04,DR0093,Endocrinologist,12,4,41.2,52.5,4.0,7.524517731129711
R019,T04,DR0094,Neurologist,1,2,19.4,37.5,4.0,7.524517731129711
R019,T04,DR0094,Neurologist,2,3,21.5,37.5,4.0,7.524517731129711
R019,T04,DR0094,Neurologist,3,4,23.9,37.5,4.0,7.524517731129711
R019,T04,DR0094,Neurologist,4,4,21.9,37.5,4.0,7.524517731129711
R019,T04,DR0094,Neurologist,5,7,27.1,37.5,4.0,7.524517731129711
R019,T04,DR0094,Neurologist,6,6,21.7,37.5,4.0,7.524517731129711
R019,T04,DR0094,Neurologist,7,2,26.0,37.5,4.0,7.524517731129711
R019,T04,DR0094,Neurologist,8,2,18.9,37.5,4.0,7.524517731129711
R019,T04,DR0094,Neurologist,9,2,24.5,37.5,4.0,7.524517731129711
R019,T04,DR0094,Neurologist,10,7,25.5,37.5,4.0,7.524517731129711
R019,T04,DR0094,Neurologist,11,3,31.8,37.5,4.0,7.524517731129711
R019,T04,DR0094,Neurologist,12,6,35.8,37.5,4.0,7.524517731129711
R020,T04,DR0095,GP,1,2,18.5,25.0,4.0,7.524517731129711
R020,T04,DR0095,GP,2,2,24.4,25.0,4.0,7.524517731129711
R020,T04,DR0095,GP,3,2,17.1,25.0,4.0,7.524517731129711
R020,T04,DR0095,GP,4,3,19.2,25.0,4.0,7.524517731129711
R020,T04,DR0095,GP,5,10,22.7,25.0,4.0,7.524517731129711
R020,T04,DR0095,GP,6,5,15.8,25.0,4.0,7.524517731129711
R020,T04,DR0095,GP,7,2,16.0,25.0,4.0,7.524517731129711
R020,T04,DR0095,GP,8,4,22.5,25.0,4.0,7.524517731129711
R020,T04,DR0095,GP,9,4,23.9,25.0,4.0,7.524517731129711
R020,T04,DR0095,GP,10,1,11.5,25.0,4.0,7.524517731129711
R020,T04,DR0095,GP,11,2,14.3,25.0,4.0,7.524517731129711
R020,T04,DR0095,GP,12,3,20.6,25.0,4.0,7.524517731129711
R016,T04,DR0096,Cardiologist,1,7,52.5,45.0,4.0,7.524517731129711
R016,T04,DR0096,Cardiologist,2,3,25.6,45.0,4.0,7.524517731129711
R016,T04,DR0096,Cardiologist,3,6,45.4,45.0,4.0,7.524517731129711
R016,T04,DR0096,Cardiologist,4,4,27.0,45.0,4.0,7.524517731129711
R016,T04,DR0096,Cardiologist,5,3,34.4,45.0,4.0,7.524517731129711
R016,T04,DR0096,Cardiologist,6,4,19.1,45.0,4.0,7.524517731129711
R016,T04,DR0096,Cardiologist,7,8,41.9,45.0,4.0,7.524517731129711
R016,T04,DR0096,Cardiologist,8,9,44.8,45.0,4.0,7.524517731129711
R016,T04,DR0096,Cardiologist,9,4,29.0,45.0,4.0,7.524517731129711
R016,T04,DR0096,Cardiologist,10,3,22.9,45.0,4.0,7.524517731129711
R016,T04,DR0096,Cardiologist,11,6,47.1,45.0,4.0,7.524517731129711
R016,T04,DR0096,Cardiologist,12,7,34.5,45.0,4.0,7.524517731129711
R017,T04,DR0097,Endocrinologist,1,6,52.2,52.5,4.0,7.524517731129711
R017,T04,DR0097,Endocrinologist,2,6,45.4,52.5,4.0,7.524517731129711
R017,T04,DR0097,Endocrinologist,3,7,35.8,52.5,4.0,7.524517731129711
R017,T04,DR0097,Endocrinologist,4,4,63.2,52.5,4.0,7.524517731129711
R017,T04,DR0097,Endocrinologist,5,6,49.0,52.5,4.0,7.524517731129711
R017,T04,DR0097,Endocrinologist,6,8,44.0,52.5,4.0,7.524517731129711
R017,T04,DR0097,Endocrinologist,7,6,41.2,52.5,4.0,7.524517731129711
R017,T04,DR0097,Endocrinologist,8,4,35.2,52.5,4.0,7.524517731129711
R017,T04,DR0097,Endocrinologist,9,4,29.9,52.5,4.0,7.524517731129711
R017,T04,DR0097,Endocrinologist,10,6,42.5,52.5,4.0,7.524517731129711
R017,T04,DR0097,Endocrinologist,11,6,33.8,52.5,4.0,7.524517731129711
R017,T04,DR0097,Endocrinologist,12,8,52.4,52.5,4.0,7.524517731129711
R018,T04,DR0098,Neurologist,1,5,39.1,37.5,4.0,7.524517731129711
R018,T04,DR0098,Neurologist,2,3,17.8,37.5,4.0,7.524517731129711
R018,T04,DR0098,Neurologist,3,1,11.8,37.5,4.0,7.524517731129711
R018,T04,DR0098,Neurologist,4,8,37.6,37.5,4.0,7.524517731129711
R018,T04,DR0098,Neurologist,5,2,14.6,37.5,4.0,7.524517731129711
R018,T04,DR0098,Neurologist,6,5,23.9,37.5,4.0,7.524517731129711
R018,T04,DR0098,Neurologist,7,5,37.3,37.5,4.0,7.524517731129711
R018,T04,DR0098,Neurologist,8,4,18.9,37.5,4.0,7.524517731129711
R018,T04,DR0098,Neurologist,9,6,30.8,37.5,4.0,7.524517731129711
R018,T04,DR0098,Neurologist,10,2,28.4,37.5,4.0,7.524517731129711
R018,T04,DR0098,Neurologist,11,5,31.5,37.5,4.0,7.524517731129711
R018,T04,DR0098,Neurologist,12,4,29.6,37.5,4.0,7.524517731129711
R019,T04,DR0099,GP,1,6,21.1,25.0,4.0,7.524517731129711
R019,T04,DR0099,GP,2,2,14.2,25.0,4.0,7.524517731129711
R019,T04,DR0099,GP,3,1,8.5,25.0,4.0,7.524517731129711
R019,T04,DR0099,GP,4,3,23.7,25.0,4.0,7.524517731129711
R019,T04,DR0099,GP,5,3,14.7,25.0,4.0,7.524517731129711
R019,T04,DR0099,GP,6,4,17.2,25.0,4.0,7.524517731129711
R019,T04,DR0099,GP,7,3,18.0,25.0,4.0,7.524517731129711
R019,T04,DR0099,GP,8,1,8.0,25.0,4.0,7.524517731129711
R019,T04,DR0099,GP,9,5,21.5,25.0,4.0,7.524517731129711
R019,T04,DR0099,GP,10,1,12.5,25.0,4.0,7.524517731129711
R019,T04,DR0099,GP,11,3,9.6,25.0,4.0,7.524517731129711
R019,T04,DR0099,GP,12,6,17.4,25.0,4.0,7.524517731129711
R020,T04,DR0100,Cardiologist,1,5,45.4,45.0,4.0,7.524517731129711
R020,T04,DR0100,Cardiologist,2,3,19.7,45.0,4.0,7.524517731129711
R020,T04,DR0100,Cardiologist,3,4,41.4,45.0,4.0,7.524517731129711
R020,T04,DR0100,Cardiologist,4,2,31.7,45.0,4.0,7.524517731129711
R020,T04,DR0100,Cardiologist,5,5,29.7,45.0,4.0,7.524517731129711
R020,T04,DR0100,Cardiologist,6,4,40.9,45.0,4.0,7.524517731129711
R020,T04,DR0100,Cardiologist,7,1,14.8,45.0,4.0,7.524517731129711
R020,T04,DR0100,Cardiologist,8,5,26.1,45.0,4.0,7.524517731129711
R020,T04,DR0100,Cardiologist,9,5,32.0,45.0,4.0,7.524517731129711
R020,T04,DR0100,Cardiologist,10,6,24.3,45.0,4.0,7.524517731129711
R020,T04,DR0100,Cardiologist,11,3,29.5,45.0,4.0,7.524517731129711
R020,T04,DR0100,Cardiologist,12,5,32.7,45.0,4.0,7.524517731129711
R016,T04,DR0101,Endocrinologist,1,10,35.8,52.5,4.0,7.524517731129711
R016,T04,DR0101,Endocrinologist,2,9,50.3,52.5,4.0,7.524517731129711
R016,T04,DR0101,Endocrinologist,3,11,26.6,52.5,4.0,7.524517731129711
R016,T04,DR0101,Endocrinologist,4,3,24.2,52.5,4.0,7.524517731129711
R016,T04,DR0101,Endocrinologist,5,7,41.0,52.5,4.0,7.524517731129711
R016,T04,DR0101,Endocrinologist,6,4,36.8,52.5,4.0,7.524517731129711
R016,T04,DR0101,Endocrinologist,7,4,32.5,52.5,4.0,7.524517731129711
R016,T04,DR0101,Endocrinologist,8,5,45.3,52.5,4.0,7.524517731129711
R016,T04,DR0101,Endocrinologist,9,9,24.2,52.5,4.0,7.524517731129711
R016,T04,DR0101,Endocrinologist,10,8,40.3,52.5,4.0,7.524517731129711
R016,T04,DR0101,Endocrinologist,11,8,37.4,52.5,4.0,7.524517731129711
R016,T04,DR0101,Endocrinologist,12,4,29.0,52.5,4.0,7.524517731129711
R017,T04,DR0102,Neurologist,1,3,19.6,37.5,4.0,7.524517731129711
R017,T04,DR0102,Neurologist,2,3,24.5,37.5,4.0,7.524517731129711
R017,T04,DR0102,Neurologist,3,4,18.0,37.5,4.0,7.524517731129711
R017,T04,DR0102,Neurologist,4,5,25.3,37.5,4.0,7.524517731129711
R017,T04,DR0102,Neurologist,5,3,20.0,37.5,4.0,7.524517731129711
R017,T04,DR0102,Neurologist,6,2,22.4,37.5,4.0,7.524517731129711
R017,T04,DR0102,Neurologist,7,3,18.5,37.5,4.0,7.524517731129711
R017,T04,DR0102,Neurologist,8,3,35.1,37.5,4.0,7.524517731129711
R017,T04,DR0102,Neurologist,9,4,31.2,37.5,4.0,7.524517731129711
R017,T04,DR0102,Neurologist,10,8,27.9,37.5,4.0,7.524517731129711
R017,T04,DR0102,Neurologist,11,6,34.5,37.5,4.0,7.524517731129711
R017,T04,DR0102,Neurologist,12,4,25.0,37.5,4.0,7.524517731129711
R018,T04,DR0103,GP,1,1,17.5,25.0,4.0,7.524517731129711
R018,T04,DR0103,GP,2,3,11.7,25.0,4.0,7.524517731129711
R018,T04,DR0103,GP,3,3,13.6,25.0,4.0,7.524517731129711
R018,T04,DR0103,GP,4,4,19.8,25.0,4.0,7.524517731129711
R018,T04,DR0103,GP,5,4,21.3,25.0,4.0,7.524517731129711
R018,T04,DR0103,GP,6,3,22.0,25.0,4.0,7.524517731129711
R018,T04,DR0103,GP,7,4,18.1,25.0,4.0,7.524517731129711
R018,T04,DR0103,GP,8,3,25.4,25.0,4.0,7.524517731129711
R018,T04,DR0103,GP,9,4,19.2,25.0,4.0,7.524517731129711
R018,T04,DR0103,GP,10,4,19.1,25.0,4.0,7.524517731129711
R018,T04,DR0103,GP,11,5,21.2,25.0,4.0,7.524517731129711
R018,T04,DR0103,GP,12,3,16.7,25.0,4.0,7.524517731129711
R019,T04,DR0104,Cardiologist,1,5,45.9,45.0,4.0,7.524517731129711
R019,T04,DR0104,Cardiologist,2,6,30.1,45.0,4.0,7.524517731129711
R019,T04,DR0104,Cardiologist,3,3,22.0,45.0,4.0,7.524517731129711
R019,T04,DR0104,Cardiologist,4,7,61.8,45.0,4.0,7.524517731129711
R019,T04,DR0104,Cardiologist,5,4,21.8,45.0,4.0,7.524517731129711
R019,T04,DR0104,Cardiologist,6,1,14.9,45.0,4.0,7.524517731129711
R019,T04,DR0104,Cardiologist,7,2,21.9,45.0,4.0,7.524517731129711
R019,T04,DR0104,Cardiologist,8,2,23.9,45.0,4.0,7.524517731129711
R019,T04,DR0104,Cardiologist,9,4,22.6,45.0,4.0,7.524517731129711
R019,T04,DR0104,Cardiologist,10,3,36.0,45.0,4.0,7.524517731129711
R019,T04,DR0104,Cardiologist,11,5,33.3,45.0,4.0,7.524517731129711
R019,T04,DR0104,Cardiologist,12,5,42.1,45.0,4.0,7.524517731129711
R020,T04,DR0105,Endocrinologist,1,9,50.3,52.5,4.0,7.524517731129711
R020,T04,DR0105,Endocrinologist,2,8,33.5,52.5,4.0,7.524517731129711
R020,T04,DR0105,Endocrinologist,3,5,42.2,52.5,4.0,7.524517731129711
R020,T04,DR0105,Endocrinologist,4,3,16.2,52.5,4.0,7.524517731129711
R020,T04,DR0105,Endocrinologist,5,3,22.4,52.5,4.0,7.524517731129711
R020,T04,DR0105,Endocrinologist,6,5,39.7,52.5,4.0,7.524517731129711
R020,T04,DR0105,Endocrinologist,7,6,33.8,52.5,4.0,7.524517731129711
R020,T04,DR0105,Endocrinologist,8,5,36.1,52.5,4.0,7.524517731129711
R020,T04,DR0105,Endocrinologist,9,6,29.8,52.5,4.0,7.524517731129711
R020,T04,DR0105,Endocrinologist,10,3,28.7,52.5,4.0,7.524517731129711
R020,T04,DR0105,Endocrinologist,11,12,67.3,52.5,4.0,7.524517731129711
R020,T04,DR0105,Endocrinologist,12,3,21.3,52.5,4.0,7.524517731129711
R016,T04,DR0106,Neurologist,1,5,31.9,37.5,4.0,7.524517731129711
R016,T04,DR0106,Neurologist,2,9,43.0,37.5,4.0,7.524517731129711
R016,T04,DR0106,Neurologist,3,5,37.8,37.5,4.0,7.524517731129711
R016,T04,DR0106,Neurologist,4,4,35.4,37.5,4.0,7.524517731129711
R016,T04,DR0106,Neurologist,5,5,15.6,37.5,4.0,7.524517731129711
R016,T04,DR0106,Neurologist,6,2,25.7,37.5,4.0,7.524517731129711
R016,T04,DR0106,Neurologist,7,5,48.2,37.5,4.0,7.524517731129711
R016,T04,DR0106,Neurologist,8,10,25.2,37.5,4.0,7.524517731129711
R016,T04,DR0106,Neurologist,9,6,29.8,37.5,4.0,7.524517731129711
R016,T04,DR0106,Neurologist,10,4,21.4,37.5,4.0,7.524517731129711
R016,T04,DR0106,Neurologist,11,3,34.5,37.5,4.0,7.524517731129711
R016,T04,DR0106,Neurologist,12,4,30.7,37.5,4.0,7.524517731129711
R017,T04,DR0107,GP,1,3,27.6,25.0,4.0,7.524517731129711
R017,T04,DR0107,GP,2,1,15.3,25.0,4.0,7.524517731129711
R017,T04,DR0107,GP,3,2,19.6,25.0,4.0,7.524517731129711
R017,T04,DR0107,GP,4,1,10.4,25.0,4.0,7.524517731129711
R017,T04,DR0107,GP,5,2,12.0,25.0,4.0,7.524517731129711
R017,T04,DR0107,GP,6,2,15.2,25.0,4.0,7.524517731129711
R017,T04,DR0107,GP,7,4,23.2,25.0,4.0,7.524517731129711
R017,T04,DR0107,GP,8,4,18.3,25.0,4.0,7.524517731129711
R017,T04,DR0107,GP,9,4,17.5,25.0,4.0,7.524517731129711
R017,T04,DR0107,GP,10,4,17.5,25.0,4.0,7.524517731129711
R017,T04,DR0107,GP,11,5,22.5,25.0,4.0,7.524517731129711
R017,T04,DR0107,GP,12,3,16.4,25.0,4.0,7.524517731129711
R018,T04,DR0108,Cardiologist,1,4,27.2,45.0,4.0,7.524517731129711
R018,T04,DR0108,Cardiologist,2,7,27.5,45.0,4.0,7.524517731129711
R018,T04,DR0108,Cardiologist,3,4,44.7,45.0,4.0,7.524517731129711
R018,T04,DR0108,Cardiologist,4,8,42.4,45.0,4.0,7.524517731129711
R018,T04,DR0108,Cardiologist,5,5,31.9,45.0,4.0,7.524517731129711
R018,T04,DR0108,Cardiologist,6,3,22.8,45.0,4.0,7.524517731129711
R018,T04,DR0108,Cardiologist,7,6,38.4,45.0,4.0,7.524517731129711
R018,T04,DR0108,Cardiologist,8,5,34.1,45.0,4.0,7.524517731129711
R018,T04,DR0108,Cardiologist,9,5,21.3,45.0,4.0,7.524517731129711
R018,T04,DR0108,Cardiologist,10,7,52.6,45.0,4.0,7.524517731129711
R018,T04,DR0108,Cardiologist,11,7,37.4,45.0,4.0,7.524517731129711
R018,T04,DR0108,Cardiologist,12,5,31.5,45.0,4.0,7.524517731129711
R019,T04,DR0109,Endocrinologist,1,7,44.8,52.5,4.0,7.524517731129711
R019,T04,DR0109,Endocrinologist,2,5,38.7,52.5,4.0,7.524517731129711
R019,T04,DR0109,Endocrinologist,3,2,21.4,52.5,4.0,7.524517731129711
R019,T04,DR0109,Endocrinologist,4,7,46.9,52.5,4.0,7.524517731129711
R019,T04,DR0109,Endocrinologist,5,9,74.9,52.5,4.0,7.524517731129711
R019,T04,DR0109,Endocrinologist,6,7,30.4,52.5,4.0,7.524517731129711
R019,T04,DR0109,Endocrinologist,7,3,33.7,52.5,4.0,7.524517731129711
R019,T04,DR0109,Endocrinologist,8,6,28.2,52.5,4.0,7.524517731129711
R019,T04,DR0109,Endocrinologist,9,3,46.8,52.5,4.0,7.524517731129711
R019,T04,DR0109,Endocrinologist,10,5,43.8,52.5,4.0,7.524517731129711
R019,T04,DR0109,Endocrinologist,11,5,29.8,52.5,4.0,7.524517731129711
R019,T04,DR0109,Endocrinologist,12,6,49.1,52.5,4.0,7.524517731129711
R020,T04,DR0110,Neurologist,1,3,32.3,37.5,4.0,7.524517731129711
R020,T04,DR0110,Neurologist,2,5,22.3,37.5,4.0,7.524517731129711
R020,T04,DR0110,Neurologist,3,3,26.4,37.5,4.0,7.524517731129711
R020,T04,DR0110,Neurologist,4,4,19.0,37.5,4.0,7.524517731129711
R020,T04,DR0110,Neurologist,5,3,27.7,37.5,4.0,7.524517731129711
R020,T04,DR0110,Neurologist,6,7,31.7,37.5,4.0,7.524517731129711
R020,T04,DR0110,Neurologist,7,4,45.4,37.5,4.0,7.524517731129711
R020,T04,DR0110,Neurologist,8,3,21.3,37.5,4.0,7.524517731129711
R020,T04,DR0110,Neurologist,9,4,19.3,37.5,4.0,7.524517731129711
R020,T04,DR0110,Neurologist,10,5,31.5,37.5,4.0,7.524517731129711
R020,T04,DR0110,Neurologist,11,4,31.0,37.5,4.0,7.524517731129711
R020,T04,DR0110,Neurologist,12,4,34.6,37.5,4.0,7.524517731129711
R016,T04,DR0111,GP,1,5,14.0,25.0,4.0,7.524517731129711
R016,T04,DR0111,GP,2,7,23.4,25.0,4.0,7.524517731129711
R016,T04,DR0111,GP,3,2,11.5,25.0,4.0,7.524517731129711
R016,T04,DR0111,GP,4,3,20.8,25.0,4.0,7.524517731129711
R016,T04,DR0111,GP,5,6,16.0,25.0,4.0,7.524517731129711
R016,T04,DR0111,GP,6,1,14.0,25.0,4.0,7.524517731129711
R016,T04,DR0111,GP,7,7,24.6,25.0,4.0,7.524517731129711
R016,T04,DR0111,GP,8,2,22.9,25.0,4.0,7.524517731129711
R016,T04,DR0111,GP,9,1,11.3,25.0,4.0,7.524517731129711
R016,T04,DR0111,GP,10,4,21.0,25.0,4.0,7.524517731129711
R016,T04,DR0111,GP,11,2,22.0,25.0,4.0,7.524517731129711
R016,T04,DR0111,GP,12,8,25.0,25.0,4.0,7.524517731129711
R017,T04,DR0112,Cardiologist,1,6,38.7,45.0,4.0,7.524517731129711
R017,T04,DR0112,Cardiologist,2,5,38.9,45.0,4.0,7.524517731129711
R017,T04,DR0112,Cardiologist,3,8,31.9,45.0,4.0,7.524517731129711
R017,T04,DR0112,Cardiologist,4,7,33.8,45.0,4.0,7.524517731129711
R017,T04,DR0112,Cardiologist,5,6,39.3,45.0,4.0,7.524517731129711
R017,T04,DR0112,Cardiologist,6,8,42.0,45.0,4.0,7.524517731129711
R017,T04,DR0112,Cardiologist,7,5,20.5,45.0,4.0,7.524517731129711
R017,T04,DR0112,Cardiologist,8,5,26.8,45.0,4.0,7.524517731129711
R017,T04,DR0112,Cardiologist,9,5,31.8,45.0,4.0,7.524517731129711
R017,T04,DR0112,Cardiologist,10,1,11.2,45.0,4.0,7.524517731129711
R017,T04,DR0112,Cardiologist,11,11,37.3,45.0,4.0,7.524517731129711
R017,T04,DR0112,Cardiologist,12,7,37.0,45.0,4.0,7.524517731129711
R018,T04,DR0113,Endocrinologist,1,11,47.5,52.5,4.0,7.524517731129711
R018,T04,DR0113,Endocrinologist,2,5,59.3,52.5,4.0,7.524517731129711
R018,T04,DR0113,Endocrinologist,3,5,38.4,52.5,4.0,7.524517731129711
R018,T04,DR0113,Endocrinologist,4,7,37.2,52.5,4.0,7.524517731129711
R018,T04,DR0113,Endocrinologist,5,5,33.3,52.5,4.0,7.524517731129711
R018,T04,DR0113,Endocrinologist,6,4,43.5,52.5,4.0,7.524517731129711
R018,T04,DR0113,Endocrinologist,7,7,39.2,52.5,4.0,7.524517731129711
R018,T04,DR0113,Endocrinologist,8,4,45.5,52.5,4.0,7.524517731129711
R018,T04,DR0113,Endocrinologist,9,2,25.8,52.5,4.0,7.524517731129711
R018,T04,DR0113,Endocrinologist,10,4,32.3,52.5,4.0,7.524517731129711
R018,T04,DR0113,Endocrinologist,11,4,33.0,52.5,4.0,7.524517731129711
R018,T04,DR0113,Endocrinologist,12,7,29.4,52.5,4.0,7.524517731129711
R019,T04,DR0114,Neurologist,1,3,26.8,37.5,4.0,7.524517731129711
R019,T04,DR0114,Neurologist,2,4,28.9,37.5,4.0,7.524517731129711
R019,T04,DR0114,Neurologist,3,4,30.6,37.5,4.0,7.524517731129711
R019,T04,DR0114,Neurologist,4,3,26.1,37.5,4.0,7.524517731129711
R019,T04,DR0114,Neurologist,5,7,31.6,37.5,4.0,7.524517731129711
R019,T04,DR0114,Neurologist,6,2,26.6,37.5,4.0,7.524517731129711
R019,T04,DR0114,Neurologist,7,2,18.3,37.5,4.0,7.524517731129711
R019,T04,DR0114,Neurologist,8,4,31.2,37.5,4.0,7.524517731129711
R019,T04,DR0114,Neurologist,9,3,34.2,37.5,4.0,7.524517731129711
R019,T04,DR0114,Neurologist,10,2,16.6,37.5,4.0,7.524517731129711
R019,T04,DR0114,Neurologist,11,5,26.2,37.5,4.0,7.524517731129711
R019,T04,DR0114,Neurologist,12,1,13.9,37.5,4.0,7.524517731129711
R020,T04,DR0115,GP,1,1,15.8,25.0,4.0,7.524517731129711
R020,T04,DR0115,GP,2,6,22.5,25.0,4.0,7.524517731129711
R020,T04,DR0115,GP,3,2,15.6,25.0,4.0,7.524517731129711
R020,T04,DR0115,GP,4,4,21.5,25.0,4.0,7.524517731129711
R020,T04,DR0115,GP,5,1,10.8,25.0,4.0,7.524517731129711
R020,T04,DR0115,GP,6,3,22.6,25.0,4.0,7.524517731129711
R020,T04,DR0115,GP,7,7,37.0,25.0,4.0,7.524517731129711
R020,T04,DR0115,GP,8,1,11.6,25.0,4.0,7.524517731129711
R020,T04,DR0115,GP,9,2,14.5,25.0,4.0,7.524517731129711
R020,T04,DR0115,GP,10,5,22.6,25.0,4.0,7.524517731129711
R020,T04,DR0115,GP,11,4,16.7,25.0,4.0,7.524517731129711
R020,T04,DR0115,GP,12,4,22.2,25.0,4.0,7.524517731129711
R016,T04,DR0116,Cardiologist,1,6,25.6,45.0,4.0,7.524517731129711
R016,T04,DR0116,Cardiologist,2,8,35.7,45.0,4.0,7.524517731129711
R016,T04,DR0116,Cardiologist,3,2,25.8,45.0,4.0,7.524517731129711
R016,T04,DR0116,Cardiologist,4,5,43.5,45.0,4.0,7.524517731129711
R016,T04,DR0116,Cardiologist,5,12,41.9,45.0,4.0,7.524517731129711
R016,T04,DR0116,Cardiologist,6,5,39.4,45.0,4.0,7.524517731129711
R016,T04,DR0116,Cardiologist,7,3,28.1,45.0,4.0,7.524517731129711
R016,T04,DR0116,Cardiologist,8,4,31.7,45.0,4.0,7.524517731129711
R016,T04,DR0116,Cardiologist,9,8,36.3,45.0,4.0,7.524517731129711
R016,T04,DR0116,Cardiologist,10,6,25.6,45.0,4.0,7.524517731129711
R016,T04,DR0116,Cardiologist,11,4,27.4,45.0,4.0,7.524517731129711
R016,T04,DR0116,Cardiologist,12,5,30.6,45.0,4.0,7.524517731129711
R017,T04,DR0117,Endocrinologist,1,4,24.4,52.5,4.0,7.524517731129711
R017,T04,DR0117,Endocrinologist,2,5,33.8,52.5,4.0,7.524517731129711
R017,T04,DR0117,Endocrinologist,3,6,41.4,52.5,4.0,7.524517731129711
R017,T04,DR0117,Endocrinologist,4,3,23.7,52.5,4.0,7.524517731129711
R017,T04,DR0117,Endocrinologist,5,7,29.1,52.5,4.0,7.524517731129711
R017,T04,DR0117,Endocrinologist,6,6,45.0,52.5,4.0,7.524517731129711
R017,T04,DR0117,Endocrinologist,7,5,30.5,52.5,4.0,7.524517731129711
R017,T04,DR0117,Endocrinologist,8,7,37.7,52.5,4.0,7.524517731129711
R017,T04,DR0117,Endocrinologist,9,4,25.1,52.5,4.0,7.524517731129711
R017,T04,DR0117,Endocrinologist,10,3,28.9,52.5,4.0,7.524517731129711
R017,T04,DR0117,Endocrinologist,11,5,40.9,52.5,4.0,7.524517731129711
R017,T04,DR0117,Endocrinologist,12,7,23.7,52.5,4.0,7.524517731129711
R018,T04,DR0118,Neurologist,1,4,23.3,37.5,4.0,7.524517731129711
R018,T04,DR0118,Neurologist,2,7,44.6,37.5,4.0,7.524517731129711
R018,T04,DR0118,Neurologist,3,1,15.5,37.5,4.0,7.524517731129711
R018,T04,DR0118,Neurologist,4,8,24.4,37.5,4.0,7.524517731129711
R018,T04,DR0118,Neurologist,5,1,14.8,37.5,4.0,7.524517731129711
R018,T04,DR0118,Neurologist,6,2,18.5,37.5,4.0,7.524517731129711
R018,T04,DR0118,Neurologist,7,8,33.9,37.5,4.0,7.524517731129711
R018,T04,DR0118,Neurologist,8,4,31.8,37.5,4.0,7.524517731129711
R018,T04,DR0118,Neurologist,9,9,53.6,37.5,4.0,7.524517731129711
R018,T04,DR0118,Neurologist,10,6,20.7,37.5,4.0,7.524517731129711
R018,T04,DR0118,Neurologist,11,5,29.8,37.5,4.0,7.524517731129711
R018,T04,DR0118,Neurologist,12,2,13.2,37.5,4.0,7.524517731129711
R019,T04,DR0119,GP,1,2,11.9,25.0,4.0,7.524517731129711
R019,T04,DR0119,GP,2,1,11.3,25.0,4.0,7.524517731129711
R019,T04,DR0119,GP,3,2,12.2,25.0,4.0,7.524517731129711
R019,T04,DR0119,GP,4,6,32.5,25.0,4.0,7.524517731129711
R019,T04,DR0119,GP,5,5,16.1,25.0,4.0,7.524517731129711
R019,T04,DR0119,GP,6,3,20.5,25.0,4.0,7.524517731129711
R019,T04,DR0119,GP,7,3,25.9,25.0,4.0,7.524517731129711
R019,T04,DR0119,GP,8,1,11.0,25.0,4.0,7.524517731129711
R019,T04,DR0119,GP,9,2,18.2,25.0,4.0,7.524517731129711
R019,T04,DR0119,GP,10,1,9.7,25.0,4.0,7.524517731129711
R019,T04,DR0119,GP,11,3,16.1,25.0,4.0,7.524517731129711
R019,T04,DR0119,GP,12,2,23.5,25.0,4.0,7.524517731129711
R020,T04,DR0120,Cardiologist,1,7,26.5,45.0,4.0,7.524517731129711
R020,T04,DR0120,Cardiologist,2,7,24.7,45.0,4.0,7.524517731129711
R020,T04,DR0120,Cardiologist,3,7,44.0,45.0,4.0,7.524517731129711
R020,T04,DR0120,Cardiologist,4,8,43.2,45.0,4.0,7.524517731129711
R020,T04,DR0120,Cardiologist,5,2,16.8,45.0,4.0,7.524517731129711
R020,T04,DR0120,Cardiologist,6,4,37.5,45.0,4.0,7.524517731129711
R020,T04,DR0120,Cardiologist,7,3,34.9,45.0,4.0,7.524517731129711
R020,T04,DR0120,Cardiologist,8,3,14.3,45.0,4.0,7.524517731129711
R020,T04,DR0120,Cardiologist,9,6,31.1,45.0,4.0,7.524517731129711
R020,T04,DR0120,Cardiologist,10,7,31.1,45.0,4.0,7.524517731129711
R020,T04,DR0120,Cardiologist,11,3,29.4,45.0,4.0,7.524517731129711
R020,T04,DR0120,Cardiologist,12,5,35.6,45.0,4.0,7.524517731129711
R021,T05,DR0121,GP,1,1,0.7,25.0,4.0,-15.608281509230691
R021,T05,DR0121,GP,2,7,1.1,25.0,4.0,-15.608281509230691
R021,T05,DR0121,GP,3,2,1.1,25.0,4.0,-15.608281509230691
R021,T05,DR0121,GP,4,2,0.8,25.0,4.0,-15.608281509230691
R021,T05,DR0121,GP,5,3,1.4,25.0,4.0,-15.608281509230691
R021,T05,DR0121,GP,6,3,1.4,25.0,4.0,-15.608281509230691
R021,T05,DR0121,GP,7,2,1.0,25.0,4.0,-15.608281509230691
R021,T05,DR0121,GP,8,6,1.5,25.0,4.0,-15.608281509230691
R021,T05,DR0121,GP,9,1,1.2,25.0,4.0,-15.608281509230691
R021,T05,DR0121,GP,10,4,0.9,25.0,4.0,-15.608281509230691
R021,T05,DR0121,GP,11,3,1.3,25.0,4.0,-15.608281509230691
R021,T05,DR0121,GP,12,5,1.0,25.0,4.0,-15.608281509230691
R022,T05,DR0122,Cardiologist,1,6,8.9,45.0,4.0,-15.608281509230691
R022,T05,DR0122,Cardiologist,2,9,12.9,45.0,4.0,-15.608281509230691
R022,T05,DR0122,Cardiologist,3,7,12.6,45.0,4.0,-15.608281509230691
R022,T05,DR0122,Cardiologist,4,5,11.8,45.0,4.0,-15.608281509230691
R022,T05,DR0122,Cardiologist,5,6,14.8,45.0,4.0,-15.608281509230691
R022,T05,DR0122,Cardiologist,6,4,5.8,45.0,4.0,-15.608281509230691
R022,T05,DR0122,Cardiologist,7,2,1.6,45.0,4.0,-15.608281509230691
R022,T05,DR0122,Cardiologist,8,5,6.9,45.0,4.0,-15.608281509230691
R022,T05,DR0122,Cardiologist,9,1,0.6,45.0,4.0,-15.608281509230691
R022,T05,DR0122,Cardiologist,10,5,13.5,45.0,4.0,-15.608281509230691
R022,T05,DR0122,Cardiologist,11,5,6.7,45.0,4.0,-15.608281509230691
R022,T05,DR0122,Cardiologist,12,4,6.4,45.0,4.0,-15.608281509230691
R023,T05,DR0123,Endocrinologist,1,1,0.7,52.5,4.0,-15.608281509230691
R023,T05,DR0123,Endocrinologist,2,5,11.5,52.5,4.0,-15.608281509230691
R023,T05,DR0123,Endocrinologist,3,4,12.3,52.5,4.0,-15.608281509230691
R023,T05,DR0123,Endocrinologist,4,6,14.4,52.5,4.0,-15.608281509230691
R023,T05,DR0123,Endocrinologist,5,8,17.5,52.5,4.0,-15.608281509230691
R023,T05,DR0123,Endocrinologist,6,10,18.7,52.5,4.0,-15.608281509230691
R023,T05,DR0123,Endocrinologist,7,6,12.8,52.5,4.0,-15.608281509230691
R023,T05,DR0123,Endocrinologist,8,8,19.1,52.5,4.0,-15.608281509230691
R023,T05,DR0123,Endocrinologist,9,11,28.5,52.5,4.0,-15.608281509230691
R023,T05,DR0123,Endocrinologist,10,7,30.6,52.5,4.0,-15.608281509230691
R023,T05,DR0123,Endocrinologist,11,7,16.6,52.5,4.0,-15.608281509230691
R023,T05,DR0123,Endocrinologist,12,5,16.8,52.5,4.0,-15.608281509230691
R024,T05,DR0124,Neurologist,1,5,4.6,37.5,4.0,-15.608281509230691
R024,T05,DR0124,Neurologist,2,4,2.6,37.5,4.0,-15.608281509230691
R024,T05,DR0124,Neurologist,3,5,8.6,37.5,4.0,-15.608281509230691
R024,T05,DR0124,Neurologist,4,6,5.7,37.5,4.0,-15.608281509230691
R024,T05,DR0124,Neurologist,5,4,3.0,37.5,4.0,-15.608281509230691
R024,T05,DR0124,Neurologist,6,3,0.9,37.5,4.0,-15.608281509230691
R024,T05,DR0124,Neurologist,7,3,1.0,37.5,4.0,-15.608281509230691
R024,T05,DR0124,Neurologist,8,3,1.0,37.5,4.0,-15.608281509230691
R024,T05,DR0124,Neurologist,9,7,8.1,37.5,4.0,-15.608281509230691
R024,T05,DR0124,Neurologist,10,7,7.9,37.5,4.0,-15.608281509230691
R024,T05,DR0124,Neurologist,11,1,1.1,37.5,4.0,-15.608281509230691
R024,T05,DR0124,Neurologist,12,4,3.8,37.5,4.0,-15.608281509230691
R025,T05,DR0125,GP,1,3,0.7,25.0,4.0,-15.608281509230691
R025,T05,DR0125,GP,2,4,1.2,25.0,4.0,-15.608281509230691
R025,T05,DR0125,GP,3,3,0.9,25.0,4.0,-15.608281509230691
R025,T05,DR0125,GP,4,1,1.0,25.0,4.0,-15.608281509230691
R025,T05,DR0125,GP,5,1,1.0,25.0,4.0,-15.608281509230691
R025,T05,DR0125,GP,6,2,1.2,25.0,4.0,-15.608281509230691
R025,T05,DR0125,GP,7,6,0.7,25.0,4.0,-15.608281509230691
R025,T05,DR0125,GP,8,3,1.1,25.0,4.0,-15.608281509230691
R025,T05,DR0125,GP,9,4,0.9,25.0,4.0,-15.608281509230691
R025,T05,DR0125,GP,10,3,0.9,25.0,4.0,-15.608281509230691
R025,T05,DR0125,GP,11,1,0.8,25.0,4.0,-15.608281509230691
R025,T05,DR0125,GP,12,4,0.8,25.0,4.0,-15.608281509230691
R021,T05,DR0126,Cardiologist,1,5,9.7,45.0,4.0,-15.608281509230691
R021,T05,DR0126,Cardiologist,2,4,6.1,45.0,4.0,-15.608281509230691
R021,T05,DR0126,Cardiologist,3,3,2.2,45.0,4.0,-15.608281509230691
R021,T05,DR0126,Cardiologist,4,5,9.0,45.0,4.0,-15.608281509230691
R021,T05,DR0126,Cardiologist,5,5,15.4,45.0,4.0,-15.608281509230691
R021,T05,DR0126,Cardiologist,6,5,11.8,45.0,4.0,-15.608281509230691
R021,T05,DR0126,Cardiologist,7,7,16.6,45.0,4.0,-15.608281509230691
R021,T05,DR0126,Cardiologist,8,3,3.1,45.0,4.0,-15.608281509230691
R021,T05,DR0126,Cardiologist,9,1,0.8,45.0,4.0,-15.608281509230691
R021,T05,DR0126,Cardiologist,10,8,11.1,45.0,4.0,-15.608281509230691
R021,T05,DR0126,Cardiologist,11,6,13.6,45.0,4.0,-15.608281509230691
R021,T05,DR0126,Cardiologist,12,4,5.1,45.0,4.0,-15.608281509230691
R022,T05,DR0127,Endocrinologist,1,7,13.9,52.5,4.0,-15.608281509230691
R022,T05,DR0127,Endocrinologist,2,4,11.2,52.5,4.0,-15.608281509230691
R022,T05,DR0127,Endocrinologist,3,8,15.8,52.5,4.0,-15.608281509230691
R022,T05,DR0127,Endocrinologist,4,6,14.3,52.5,4.0,-15.608281509230691
R022,T05,DR0127,Endocrinologist,5,4,11.0,52.5,4.0,-15.608281509230691
R022,T05,DR0127,Endocrinologist,6,5,9.0,52.5,4.0,-15.608281509230691
R022,T05,DR0127,Endocrinologist,7,4,10.0,52.5,4.0,-15.608281509230691
R022,T05,DR0127,Endocrinologist,8,2,2.3,52.5,4.0,-15.608281509230691
R022,T05,DR0127,Endocrinologist,9,6,12.5,52.5,4.0,-15.608281509230691
R022,T05,DR0127,Endocrinologist,10,3,4.4,52.5,4.0,-15.608281509230691
R022,T05,DR0127,Endocrinologist,11,3,10.9,52.5,4.0,-15.608281509230691
R022,T05,DR0127,Endocrinologist,12,7,16.6,52.5,4.0,-15.608281509230691
R023,T05,DR0128,Neurologist,1,4,4.7,37.5,4.0,-15.608281509230691
R023,T05,DR0128,Neurologist,2,1,0.5,37.5,4.0,-15.608281509230691
R023,T05,DR0128,Neurologist,3,8,11.9,37.5,4.0,-15.608281509230691
R023,T05,DR0128,Neurologist,4,4,2.1,37.5,4.0,-15.608281509230691
R023,T05,DR0128,Neurologist,5,3,1.5,37.5,4.0,-15.608281509230691
R023,T05,DR0128,Neurologist,6,3,0.8,37.5,4.0,-15.608281509230691
R023,T05,DR0128,Neurologist,7,4,4.1,37.5,4.0,-15.608281509230691
R023,T05,DR0128,Neurologist,8,5,4.7,37.5,4.0,-15.608281509230691
R023,T05,DR0128,Neurologist,9,5,5.4,37.5,4.0,-15.608281509230691
R023,T05,DR0128,Neurologist,10,3,0.9,37.5,4.0,-15.608281509230691
R023,T05,DR0128,Neurologist,11,2,0.9,37.5,4.0,-15.608281509230691
R023,T05,DR0128,Neurologist,12,2,0.9,37.5,4.0,-15.608281509230691
R024,T05,DR0129,GP,1,1,1.2,25.0,4.0,-15.608281509230691
R024,T05,DR0129,GP,2,5,0.7,25.0,4.0,-15.608281509230691
R024,T05,DR0129,GP,3,3,1.0,25.0,4.0,-15.608281509230691
R024,T05,DR0129,GP,4,2,1.1,25.0,4.0,-15.608281509230691
R024,T05,DR0129,GP,5,1,0.9,25.0,4.0,-15.608281509230691
R024,T05,DR0129,GP,6,6,1.2,25.0,4.0,-15.608281509230691
R024,T05,DR0129,GP,7,4,1.3,25.0,4.0,-15.608281509230691
R024,T05,DR0129,GP,8,2,0.7,25.0,4.0,-15.608281509230691
R024,T05,DR0129,GP,9,4,1.2,25.0,4.0,-15.608281509230691
R024,T05,DR0129,GP,10,4,1.0,25.0,4.0,-15.608281509230691
R024,T05,DR0129,GP,11,1,1.0,25.0,4.0,-15.608281509230691
R024,T05,DR0129,GP,12,2,1.4,25.0,4.0,-15.608281509230691
R025,T05,DR0130,Cardiologist,1,5,9.4,45.0,4.0,-15.608281509230691
R025,T05,DR0130,Cardiologist,2,2,1.1,45.0,4.0,-15.608281509230691
R025,T05,DR0130,Cardiologist,3,1,0.9,45.0,4.0,-15.608281509230691
R025,T05,DR0130,Cardiologist,4,3,4.5,45.0,4.0,-15.608281509230691
R025,T05,DR0130,Cardiologist,5,5,14.1,45.0,4.0,-15.608281509230691
R025,T05,DR0130,Cardiologist,6,3,4.4,45.0,4.0,-15.608281509230691
R025,T05,DR0130,Cardiologist,7,6,11.8,45.0,4.0,-15.608281509230691
R025,T05,DR0130,Cardiologist,8,8,9.4,45.0,4.0,-15.608281509230691
R025,T05,DR0130,Cardiologist,9,7,12.5,45.0,4.0,-15.608281509230691
R025,T05,DR0130,Cardiologist,10,5,5.6,45.0,4.0,-15.608281509230691
R025,T05,DR0130,Cardiologist,11,4,12.6,45.0,4.0,-15.608281509230691
R025,T05,DR0130,Cardiologist,12,5,8.2,45.0,4.0,-15.608281509230691
R021,T05,DR0131,Endocrinologist,1,5,12.9,52.5,4.0,-15.608281509230691
R021,T05,DR0131,Endocrinologist,2,6,19.6,52.5,4.0,-15.608281509230691
R021,T05,DR0131,Endocrinologist,3,3,9.6,52.5,4.0,-15.608281509230691
R021,T05,DR0131,Endocrinologist,4,7,31.9,52.5,4.0,-15.608281509230691
R021,T05,DR0131,Endocrinologist,5,3,6.7,52.5,4.0,-15.608281509230691
R021,T05,DR0131,Endocrinologist,6,5,18.0,52.5,4.0,-15.608281509230691
R021,T05,DR0131,Endocrinologist,7,5,13.5,52.5,4.0,-15.608281509230691
R021,T05,DR0131,Endocrinologist,8,1,1.5,52.5,4.0,-15.608281509230691
R021,T05,DR0131,Endocrinologist,9,8,9.0,52.5,4.0,-15.608281509230691
R021,T05,DR0131,Endocrinologist,10,4,5.6,52.5,4.0,-15.608281509230691
R021,T05,DR0131,Endocrinologist,11,4,12.1,52.5,4.0,-15.608281509230691
R021,T05,DR0131,Endocrinologist,12,4,6.7,52.5,4.0,-15.608281509230691
R022,T05,DR0132,Neurologist,1,2,0.9,37.5,4.0,-15.608281509230691
R022,T05,DR0132,Neurologist,2,3,1.3,37.5,4.0,-15.608281509230691
R022,T05,DR0132,Neurologist,3,2,0.6,37.5,4.0,-15.608281509230691
R022,T05,DR0132,Neurologist,4,3,1.0,37.5,4.0,-15.608281509230691
R022,T05,DR0132,Neurologist,5,8,8.5,37.5,4.0,-15.608281509230691
R022,T05,DR0132,Neurologist,6,1,0.7,37.5,4.0,-15.608281509230691
R022,T05,DR0132,Neurologist,7,7,7.7,37.5,4.0,-15.608281509230691
R022,T05,DR0132,Neurologist,8,4,3.1,37.5,4.0,-15.608281509230691
R022,T05,DR0132,Neurologist,9,5,6.5,37.5,4.0,-15.608281509230691
R022,T05,DR0132,Neurologist,10,4,2.9,37.5,4.0,-15.608281509230691
R022,T05,DR0132,Neurologist,11,5,4.4,37.5,4.0,-15.608281509230691
R022,T05,DR0132,Neurologist,12,4,3.4,37.5,4.0,-15.608281509230691
R023,T05,DR0133,GP,1,5,1.1,25.0,4.0,-15.608281509230691
R023,T05,DR0133,GP,2,1,1.0,25.0,4.0,-15.608281509230691
R023,T05,DR0133,GP,3,2,1.2,25.0,4.0,-15.608281509230691
R023,T05,DR0133,GP,4,1,1.4,25.0,4.0,-15.608281509230691
R023,T05,DR0133,GP,5,5,1.2,25.0,4.0,-15.608281509230691
R023,T05,DR0133,GP,6,3,1.5,25.0,4.0,-15.608281509230691
R023,T05,DR0133,GP,7,1,0.9,25.0,4.0,-15.608281509230691
R023,T05,DR0133,GP,8,4,0.8,25.0,4.0,-15.608281509230691
R023,T05,DR0133,GP,9,1,1.1,25.0,4.0,-15.608281509230691
R023,T05,DR0133,GP,10,1,1.2,25.0,4.0,-15.608281509230691
R023,T05,DR0133,GP,11,1,1.0,25.0,4.0,-15.608281509230691
R023,T05,DR0133,GP,12,2,1.1,25.0,4.0,-15.608281509230691
R024,T05,DR0134,Cardiologist,1,4,6.8,45.0,4.0,-15.608281509230691
R024,T05,DR0134,Cardiologist,2,5,10.5,45.0,4.0,-15.608281509230691
R024,T05,DR0134,Cardiologist,3,4,10.9,45.0,4.0,-15.608281509230691
R024,T05,DR0134,Cardiologist,4,6,15.7,45.0,4.0,-15.608281509230691
R024,T05,DR0134,Cardiologist,5,7,12.9,45.0,4.0,-15.608281509230691
R024,T05,DR0134,Cardiologist,6,5,7.3,45.0,4.0,-15.608281509230691
R024,T05,DR0134,Cardiologist,7,5,9.0,45.0,4.0,-15.608281509230691
R024,T05,DR0134,Cardiologist,8,3,5.7,45.0,4.0,-15.608281509230691
R024,T05,DR0134,Cardiologist,9,4,6.4,45.0,4.0,-15.608281509230691
R024,T05,DR0134,Cardiologist,10,7,17.9,45.0,4.0,-15.608281509230691
R024,T05,DR0134,Cardiologist,11,4,6.7,45.0,4.0,-15.608281509230691
R024,T05,DR0134,Cardiologist,12,1,0.8,45.0,4.0,-15.608281509230691
R025,T05,DR0135,Endocrinologist,1,3,8.7,52.5,4.0,-15.608281509230691
R025,T05,DR0135,Endocrinologist,2,9,31.1,52.5,4.0,-15.608281509230691
R025,T05,DR0135,Endocrinologist,3,7,12.3,52.5,4.0,-15.608281509230691
R025,T05,DR0135,Endocrinologist,4,2,2.7,52.5,4.0,-15.608281509230691
R025,T05,DR0135,Endocrinologist,5,3,6.6,52.5,4.0,-15.608281509230691
R025,T05,DR0135,Endocrinologist,6,7,16.7,52.5,4.0,-15.608281509230691
R025,T05,DR0135,Endocrinologist,7,6,13.3,52.5,4.0,-15.608281509230691
R025,T05,DR0135,Endocrinologist,8,7,14.9,52.5,4.0,-15.608281509230691
R025,T05,DR0135,Endocrinologist,9,4,18.2,52.5,4.0,-15.608281509230691
R025,T05,DR0135,Endocrinologist,10,8,19.3,52.5,4.0,-15.608281509230691
R025,T05,DR0135,Endocrinologist,11,5,14.8,52.5,4.0,-15.608281509230691
R025,T05,DR0135,Endocrinologist,12,9,25.0,52.5,4.0,-15.608281509230691
R021,T05,DR0136,Neurologist,1,1,0.6,37.5,4.0,-15.608281509230691
R021,T05,DR0136,Neurologist,2,9,9.0,37.5,4.0,-15.608281509230691
R021,T05,DR0136,Neurologist,3,2,0.6,37.5,4.0,-15.608281509230691
R021,T05,DR0136,Neurologist,4,5,5.3,37.5,4.0,-15.608281509230691
R021,T05,DR0136,Neurologist,5,6,4.5,37.5,4.0,-15.608281509230691
R021,T05,DR0136,Neurologist,6,1,0.6,37.5,4.0,-15.608281509230691
R021,T05,DR0136,Neurologist,7,6,5.8,37.5,4.0,-15.608281509230691
R021,T05,DR0136,Neurologist,8,8,8.6,37.5,4.0,-15.608281509230691
R021,T05,DR0136,Neurologist,9,2,0.7,37.5,4.0,-15.608281509230691
R021,T05,DR0136,Neurologist,10,5,6.4,37.5,4.0,-15.608281509230691
R021,T05,DR0136,Neurologist,11,5,5.6,37.5,4.0,-15.608281509230691
R021,T05,DR0136,Neurologist,12,2,0.9,37.5,4.0,-15.608281509230691
R022,T05,DR0137,GP,1,4,1.1,25.0,4.0,-15.608281509230691
R022,T05,DR0137,GP,2,6,1.1,25.0,4.0,-15.608281509230691
R022,T05,DR0137,GP,3,5,1.2,25.0,4.0,-15.608281509230691
R022,T05,DR0137,GP,4,4,1.0,25.0,4.0,-15.608281509230691
R022,T05,DR0137,GP,5,1,1.0,25.0,4.0,-15.608281509230691
R022,T05,DR0137,GP,6,4,0.9,25.0,4.0,-15.608281509230691
R022,T05,DR0137,GP,7,2,0.9,25.0,4.0,-15.608281509230691
R022,T05,DR0137,GP,8,3,0.9,25.0,4.0,-15.608281509230691
R022,T05,DR0137,GP,9,2,1.0,25.0,4.0,-15.608281509230691
R022,T05,DR0137,GP,10,2,1.1,25.0,4.0,-15.608281509230691
R022,T05,DR0137,GP,11,4,0.8,25.0,4.0,-15.608281509230691
R022,T05,DR0137,GP,12,2,0.5,25.0,4.0,-15.608281509230691
R023,T05,DR0138,Cardiologist,1,1,0.9,45.0,4.0,-15.608281509230691
R023,T05,DR0138,Cardiologist,2,7,11.6,45.0,4.0,-15.608281509230691
R023,T05,DR0138,Cardiologist,3,3,6.0,45.0,4.0,-15.608281509230691
R023,T05,DR0138,Cardiologist,4,5,6.9,45.0,4.0,-15.608281509230691
R023,T05,DR0138,Cardiologist,5,5,10.0,45.0,4.0,-15.608281509230691
R023,T05,DR0138,Cardiologist,6,5,8.9,45.0,4.0,-15.608281509230691
R023,T05,DR0138,Cardiologist,7,2,0.6,45.0,4.0,-15.608281509230691
R023,T05,DR0138,Cardiologist,8,8,15.8,45.0,4.0,-15.608281509230691
R023,T05,DR0138,Cardiologist,9,3,2.6,45.0,4.0,-15.608281509230691
R023,T05,DR0138,Cardiologist,10,4,7.9,45.0,4.0,-15.608281509230691
R023,T05,DR0138,Cardiologist,11,5,12.5,45.0,4.0,-15.608281509230691
R023,T05,DR0138,Cardiologist,12,5,12.2,45.0,4.0,-15.608281509230691
R024,T05,DR0139,Endocrinologist,1,7,16.5,52.5,4.0,-15.608281509230691
R024,T05,DR0139,Endocrinologist,2,9,19.5,52.5,4.0,-15.608281509230691
R024,T05,DR0139,Endocrinologist,3,7,12.5,52.5,4.0,-15.608281509230691
R024,T05,DR0139,Endocrinologist,4,4,8.3,52.5,4.0,-15.608281509230691
R024,T05,DR0139,Endocrinologist,5,7,23.8,52.5,4.0,-15.608281509230691
R024,T05,DR0139,Endocrinologist,6,9,21.5,52.5,4.0,-15.608281509230691
R024,T05,DR0139,Endocrinologist,7,5,12.0,52.5,4.0,-15.608281509230691
R024,T05,DR0139,Endocrinologist,8,4,9.4,52.5,4.0,-15.608281509230691
R024,T05,DR0139,Endocrinologist,9,6,15.0,52.5,4.0,-15.608281509230691
R024,T05,DR0139,Endocrinologist,10,10,33.3,52.5,4.0,-15.608281509230691
R024,T05,DR0139,Endocrinologist,11,8,22.7,52.5,4.0,-15.608281509230691
R024,T05,DR0139,Endocrinologist,12,5,22.1,52.5,4.0,-15.608281509230691
R025,T05,DR0140,Neurologist,1,5,6.4,37.5,4.0,-15.608281509230691
R025,T05,DR0140,Neurologist,2,9,7.0,37.5,4.0,-15.608281509230691
R025,T05,DR0140,Neurologist,3,4,4.4,37.5,4.0,-15.608281509230691
R025,T05,DR0140,Neurologist,4,2,0.9,37.5,4.0,-15.608281509230691
R025,T05,DR0140,Neurologist,5,4,2.0,37.5,4.0,-15.608281509230691
R025,T05,DR0140,Neurologist,6,4,2.4,37.5,4.0,-15.608281509230691
R025,T05,DR0140,Neurologist,7,2,0.8,37.5,4.0,-15.608281509230691
R025,T05,DR0140,Neurologist,8,5,4.4,37.5,4.0,-15.608281509230691
R025,T05,DR0140,Neurologist,9,11,9.8,37.5,4.0,-15.608281509230691
R025,T05,DR0140,Neurologist,10,3,1.3,37.5,4.0,-15.608281509230691
R025,T05,DR0140,Neurologist,11,6,7.3,37.5,4.0,-15.608281509230691
R025,T05,DR0140,Neurologist,12,7,9.8,37.5,4.0,-15.608281509230691
R021,T05,DR0141,GP,1,3,1.1,25.0,4.0,-15.608281509230691
R021,T05,DR0141,GP,2,1,0.9,25.0,4.0,-15.608281509230691
R021,T05,DR0141,GP,3,7,0.8,25.0,4.0,-15.608281509230691
R021,T05,DR0141,GP,4,4,0.9,25.0,4.0,-15.608281509230691
R021,T05,DR0141,GP,5,4,0.9,25.0,4.0,-15.608281509230691
R021,T05,DR0141,GP,6,5,0.9,25.0,4.0,-15.608281509230691
R021,T05,DR0141,GP,7,2,1.0,25.0,4.0,-15.608281509230691
R021,T05,DR0141,GP,8,5,0.8,25.0,4.0,-15.608281509230691
R021,T05,DR0141,GP,9,3,0.7,25.0,4.0,-15.608281509230691
R021,T05,DR0141,GP,10,3,0.8,25.0,4.0,-15.608281509230691
R021,T05,DR0141,GP,11,2,0.7,25.0,4.0,-15.608281509230691
R021,T05,DR0141,GP,12,5,1.0,25.0,4.0,-15.608281509230691
R022,T05,DR0142,Cardiologist,1,5,7.9,45.0,4.0,-15.608281509230691
R022,T05,DR0142,Cardiologist,2,6,13.7,45.0,4.0,-15.608281509230691
R022,T05,DR0142,Cardiologist,3,5,10.1,45.0,4.0,-15.608281509230691
R022,T05,DR0142,Cardiologist,4,5,6.4,45.0,4.0,-15.608281509230691
R022,T05,DR0142,Cardiologist,5,3,2.1,45.0,4.0,-15.608281509230691
R022,T05,DR0142,Cardiologist,6,5,7.8,45.0,4.0,-15.608281509230691
R022,T05,DR0142,Cardiologist,7,7,15.1,45.0,4.0,-15.608281509230691
R022,T05,DR0142,Cardiologist,8,3,4.4,45.0,4.0,-15.608281509230691
R022,T05,DR0142,Cardiologist,9,6,13.2,45.0,4.0,-15.608281509230691
R022,T05,DR0142,Cardiologist,10,5,12.3,45.0,4.0,-15.608281509230691
R022,T05,DR0142,Cardiologist,11,9,10.1,45.0,4.0,-15.608281509230691
R022,T05,DR0142,Cardiologist,12,2,1.2,45.0,4.0,-15.608281509230691
R023,T05,DR0143,Endocrinologist,1,8,29.2,52.5,4.0,-15.608281509230691
R023,T05,DR0143,Endocrinologist,2,7,16.8,52.5,4.0,-15.608281509230691
R023,T05,DR0143,Endocrinologist,3,4,13.2,52.5,4.0,-15.608281509230691
R023,T05,DR0143,Endocrinologist,4,5,19.2,52.5,4.0,-15.608281509230691
R023,T05,DR0143,Endocrinologist,5,4,13.1,52.5,4.0,-15.608281509230691
R023,T05,DR0143,Endocrinologist,6,6,17.1,52.5,4.0,-15.608281509230691
R023,T05,DR0143,Endocrinologist,7,5,11.1,52.5,4.0,-15.608281509230691
R023,T05,DR0143,Endocrinologist,8,8,19.9,52.5,4.0,-15.608281509230691
R023,T05,DR0143,Endocrinologist,9,7,21.3,52.5,4.0,-15.608281509230691
R023,T05,DR0143,Endocrinologist,10,10,28.1,52.5,4.0,-15.608281509230691
R023,T05,DR0143,Endocrinologist,11,9,12.2,52.5,4.0,-15.608281509230691
R023,T05,DR0143,Endocrinologist,12,7,18.5,52.5,4.0,-15.608281509230691
R024,T05,DR0144,Neurologist,1,5,5.8,37.5,4.0,-15.608281509230691
R024,T05,DR0144,Neurologist,2,3,1.0,37.5,4.0,-15.608281509230691
R024,T05,DR0144,Neurologist,3,4,3.0,37.5,4.0,-15.608281509230691
R024,T05,DR0144,Neurologist,4,6,6.5,37.5,4.0,-15.608281509230691
R024,T05,DR0144,Neurologist,5,3,1.0,37.5,4.0,-15.608281509230691
R024,T05,DR0144,Neurologist,6,5,5.1,37.5,4.0,-15.608281509230691
R024,T05,DR0144,Neurologist,7,7,8.5,37.5,4.0,-15.608281509230691
R024,T05,DR0144,Neurologist,8,7,9.7,37.5,4.0,-15.608281509230691
R024,T05,DR0144,Neurologist,9,8,6.9,37.5,4.0,-15.608281509230691
R024,T05,DR0144,Neurologist,10,7,8.4,37.5,4.0,-15.608281509230691
R024,T05,DR0144,Neurologist,11,3,1.6,37.5,4.0,-15.608281509230691
R024,T05,DR0144,Neurologist,12,5,4.5,37.5,4.0,-15.608281509230691
R025,T05,DR0145,GP,1,1,0.9,25.0,4.0,-15.608281509230691
R025,T05,DR0145,GP,2,2,0.8,25.0,4.0,-15.608281509230691
R025,T05,DR0145,GP,3,5,0.8,25.0,4.0,-15.608281509230691
R025,T05,DR0145,GP,4,3,1.1,25.0,4.0,-15.608281509230691
R025,T05,DR0145,GP,5,4,1.3,25.0,4.0,-15.608281509230691
R025,T05,DR0145,GP,6,6,0.5,25.0,4.0,-15.608281509230691
R025,T05,DR0145,GP,7,2,1.2,25.0,4.0,-15.608281509230691
R025,T05,DR0145,GP,8,1,0.9,25.0,4.0,-15.608281509230691
R025,T05,DR0145,GP,9,2,0.8,25.0,4.0,-15.608281509230691
R025,T05,DR0145,GP,10,4,1.3,25.0,4.0,-15.608281509230691
R025,T05,DR0145,GP,11,3,1.2,25.0,4.0,-15.608281509230691
R025,T05,DR0145,GP,12,3,1.1,25.0,4.0,-15.608281509230691
R021,T05,DR0146,Cardiologist,1,6,5.5,45.0,4.0,-15.608281509230691
R021,T05,DR0146,Cardiologist,2,3,3.5,45.0,4.0,-15.608281509230691
R021,T05,DR0146,Cardiologist,3,8,17.2,45.0,4.0,-15.608281509230691
R021,T05,DR0146,Cardiologist,4,2,0.9,45.0,4.0,-15.608281509230691
R021,T05,DR0146,Cardiologist,5,1,1.4,45.0,4.0,-15.608281509230691
R021,T05,DR0146,Cardiologist,6,3,3.7,45.0,4.0,-15.608281509230691
R021,T05,DR0146,Cardiologist,7,2,1.0,45.0,4.0,-15.608281509230691
R021,T05,DR0146,Cardiologist,8,3,3.7,45.0,4.0,-15.608281509230691
R021,T05,DR0146,Cardiologist,9,3,3.5,45.0,4.0,-15.608281509230691
R021,T05,DR0146,Cardiologist,10,7,17.7,45.0,4.0,-15.608281509230691
R021,T05,DR0146,Cardiologist,11,4,5.4,45.0,4.0,-15.608281509230691
R021,T05,DR0146,Cardiologist,12,5,13.3,45.0,4.0,-15.608281509230691
R022,T05,DR0147,Endocrinologist,1,6,14.0,52.5,4.0,-15.608281509230691
R022,T05,DR0147,Endocrinologist,2,3,6.5,52.5,4.0,-15.608281509230691
R022,T05,DR0147,Endocrinologist,3,2,1.9,52.5,4.0,-15.608281509230691
R022,T05,DR0147,Endocrinologist,4,6,13.5,52.5,4.0,-15.608281509230691
R022,T05,DR0147,Endocrinologist,5,6,11.3,52.5,4.0,-15.608281509230691
R022,T05,DR0147,Endocrinologist,6,3,5.4,52.5,4.0,-15.608281509230691
R022,T05,DR0147,Endocrinologist,7,4,15.5,52.5,4.0,-15.608281509230691
R022,T05,DR0147,Endocrinologist,8,7,17.7,52.5,4.0,-15.608281509230691
R022,T05,DR0147,Endocrinologist,9,6,12.4,52.5,4.0,-15.608281509230691
R022,T05,DR0147,Endocrinologist,10,4,12.1,52.5,4.0,-15.608281509230691
R022,T05,DR0147,Endocrinologist,11,6,18.8,52.5,4.0,-15.608281509230691
R022,T05,DR0147,Endocrinologist,12,3,5.6,52.5,4.0,-15.608281509230691
R023,T05,DR0148,Neurologist,1,4,4.6,37.5,4.0,-15.608281509230691
R023,T05,DR0148,Neurologist,2,1,1.0,37.5,4.0,-15.608281509230691
R023,T05,DR0148,Neurologist,3,2,1.0,37.5,4.0,-15.608281509230691
R023,T05,DR0148,Neurologist,4,3,1.4,37.5,4.0,-15.608281509230691
R023,T05,DR0148,Neurologist,5,4,3.8,37.5,4.0,-15.608281509230691
R023,T05,DR0148,Neurologist,6,12,12.5,37.5,4.0,-15.608281509230691
R023,T05,DR0148,Neurologist,7,1,1.3,37.5,4.0,-15.608281509230691
R023,T05,DR0148,Neurologist,8,4,4.3,37.5,4.0,-15.608281509230691
R023,T05,DR0148,Neurologist,9,1,1.2,37.5,4.0,-15.608281509230691
R023,T05,DR0148,Neurologist,10,3,2.1,37.5,4.0,-15.608281509230691
R023,T05,DR0148,Neurologist,11,3,0.8,37.5,4.0,-15.608281509230691
R023,T05,DR0148,Neurologist,12,5,5.6,37.5,4.0,-15.608281509230691
R024,T05,DR0149,GP,1,3,1.3,25.0,4.0,-15.608281509230691
R024,T05,DR0149,GP,2,2,0.7,25.0,4.0,-15.608281509230691
R024,T05,DR0149,GP,3,2,0.8,25.0,4.0,-15.608281509230691
R024,T05,DR0149,GP,4,2,0.9,25.0,4.0,-15.608281509230691
R024,T05,DR0149,GP,5,2,1.1,25.0,4.0,-15.608281509230691
R024,T05,DR0149,GP,6,2,1.5,25.0,4.0,-15.608281509230691
R024,T05,DR0149,GP,7,5,1.2,25.0,4.0,-15.608281509230691
R024,T05,DR0149,GP,8,3,1.0,25.0,4.0,-15.608281509230691
R024,T05,DR0149,GP,9,2,1.1,25.0,4.0,-15.608281509230691
R024,T05,DR0149,GP,10,3,0.8,25.0,4.0,-15.608281509230691
R024,T05,DR0149,GP,11,3,1.1,25.0,4.0,-15.608281509230691
R024,T05,DR0149,GP,12,2,0.8,25.0,4.0,-15.608281509230691
R025,T05,DR0150,Cardiologist,1,9,14.2,45.0,4.0,-15.608281509230691
R025,T05,DR0150,Cardiologist,2,4,4.9,45.0,4.0,-15.608281509230691
R025,T05,DR0150,Cardiologist,3,3,4.8,45.0,4.0,-15.608281509230691
R025,T05,DR0150,Cardiologist,4,9,34.6,45.0,4.0,-15.608281509230691
R025,T05,DR0150,Cardiologist,5,4,7.3,45.0,4.0,-15.608281509230691
R025,T05,DR0150,Cardiologist,6,1,1.3,45.0,4.0,-15.608281509230691
R025,T05,DR0150,Cardiologist,7,7,12.3,45.0,4.0,-15.608281509230691
R025,T05,DR0150,Cardiologist,8,2,0.9,45.0,4.0,-15.608281509230691
R025,T05,DR0150,Cardiologist,9,7,9.8,45.0,4.0,-15.608281509230691
R025,T05,DR0150,Cardiologist,10,3,3.2,45.0,4.0,-15.608281509230691
R025,T05,DR0150,Cardiologist,11,7,13.2,45.0,4.0,-15.608281509230691
R025,T05,DR0150,Cardiologist,12,2,1.2,45.0,4.0,-15.608281509230691
R026,T06,DR0151,GP,1,1,1.2,25.0,4.0,-10.417436054898545
R026,T06,DR0151,GP,2,5,2.8,25.0,4.0,-10.417436054898545
R026,T06,DR0151,GP,3,4,3.6,25.0,4.0,-10.417436054898545
R026,T06,DR0151,GP,4,1,1.0,25.0,4.0,-10.417436054898545
R026,T06,DR0151,GP,5,2,1.0,25.0,4.0,-10.417436054898545
R026,T06,DR0151,GP,6,5,2.2,25.0,4.0,-10.417436054898545
R026,T06,DR0151,GP,7,3,0.9,25.0,4.0,-10.417436054898545
R026,T06,DR0151,GP,8,3,1.0,25.0,4.0,-10.417436054898545
R026,T06,DR0151,GP,9,3,1.3,25.0,4.0,-10.417436054898545
R026,T06,DR0151,GP,10,1,0.6,25.0,4.0,-10.417436054898545
R026,T06,DR0151,GP,11,1,0.9,25.0,4.0,-10.417436054898545
R026,T06,DR0151,GP,12,2,1.1,25.0,4.0,-10.417436054898545
R027,T06,DR0152,Cardiologist,1,3,5.8,45.0,4.0,-10.417436054898545
R027,T06,DR0152,Cardiologist,2,3,10.5,45.0,4.0,-10.417436054898545
R027,T06,DR0152,Cardiologist,3,5,17.8,45.0,4.0,-10.417436054898545
R027,T06,DR0152,Cardiologist,4,4,9.5,45.0,4.0,-10.417436054898545
R027,T06,DR0152,Cardiologist,5,4,8.0,45.0,4.0,-10.417436054898545
R027,T06,DR0152,Cardiologist,6,6,13.6,45.0,4.0,-10.417436054898545
R027,T06,DR0152,Cardiologist,7,9,15.7,45.0,4.0,-10.417436054898545
R027,T06,DR0152,Cardiologist,8,6,8.8,45.0,4.0,-10.417436054898545
R027,T06,DR0152,Cardiologist,9,4,12.8,45.0,4.0,-10.417436054898545
R027,T06,DR0152,Cardiologist,10,5,12.4,45.0,4.0,-10.417436054898545
R027,T06,DR0152,Cardiologist,11,4,8.0,45.0,4.0,-10.417436054898545
R027,T06,DR0152,Cardiologist,12,3,7.1,45.0,4.0,-10.417436054898545
R028,T06,DR0153,Endocrinologist,1,1,0.7,52.5,4.0,-10.417436054898545
R028,T06,DR0153,Endocrinologist,2,5,17.8,52.5,4.0,-10.417436054898545
R028,T06,DR0153,Endocrinologist,3,7,17.0,52.5,4.0,-10.417436054898545
R028,T06,DR0153,Endocrinologist,4,6,15.8,52.5,4.0,-10.417436054898545
R028,T06,DR0153,Endocrinologist,5,8,21.0,52.5,4.0,-10.417436054898545
R028,T06,DR0153,Endocrinologist,6,6,15.0,52.5,4.0,-10.417436054898545
R028,T06,DR0153,Endocrinologist,7,5,13.3,52.5,4.0,-10.417436054898545
R028,T06,DR0153,Endocrinologist,8,9,25.2,52.5,4.0,-10.417436054898545
R028,T06,DR0153,Endocrinologist,9,2,4.7,52.5,4.0,-10.417436054898545
R028,T06,DR0153,Endocrinologist,10,10,27.9,52.5,4.0,-10.417436054898545
R028,T06,DR0153,Endocrinologist,11,5,21.2,52.5,4.0,-10.417436054898545
R028,T06,DR0153,Endocrinologist,12,9,29.4,52.5,4.0,-10.417436054898545
R029,T06,DR0154,Neurologist,1,3,3.2,37.5,4.0,-10.417436054898545
R029,T06,DR0154,Neurologist,2,1,0.7,37.5,4.0,-10.417436054898545
R029,T06,DR0154,Neurologist,3,6,9.9,37.5,4.0,-10.417436054898545
R029,T06,DR0154,Neurologist,4,2,1.8,37.5,4.0,-10.417436054898545
R029,T06,DR0154,Neurologist,5,5,7.1,37.5,4.0,-10.417436054898545
R029,T06,DR0154,Neurologist,6,6,9.6,37.5,4.0,-10.417436054898545
R029,T06,DR0154,Neurologist,7,5,11.5,37.5,4.0,-10.417436054898545
R029,T06,DR0154,Neurologist,8,4,9.1,37.5,4.0,-10.417436054898545
R029,T06,DR0154,Neurologist,9,6,15.0,37.5,4.0,-10.417436054898545
R029,T06,DR0154,Neurologist,10,1,0.9,37.5,4.0,-10.417436054898545
R029,T06,DR0154,Neurologist,11,3,8.4,37.5,4.0,-10.417436054898545
R029,T06,DR0154,Neurologist,12,4,9.2,37.5,4.0,-10.417436054898545
R030,T06,DR0155,GP,1,1,1.6,25.0,4.0,-10.417436054898545
R030,T06,DR0155,GP,2,2,1.1,25.0,4.0,-10.417436054898545
R030,T06,DR0155,GP,3,3,1.0,25.0,4.0,-10.417436054898545
R030,T06,DR0155,GP,4,2,1.4,25.0,4.0,-10.417436054898545
R030,T06,DR0155,GP,5,3,1.3,25.0,4.0,-10.417436054898545
R030,T06,DR0155,GP,6,2,0.9,25.0,4.0,-10.417436054898545
R030,T06,DR0155,GP,7,6,4.7,25.0,4.0,-10.417436054898545
R030,T06,DR0155,GP,8,6,5.3,25.0,4.0,-10.417436054898545
R030,T06,DR0155,GP,9,2,0.8,25.0,4.0,-10.417436054898545
R030,T06,DR0155,GP,10,5,2.5,25.0,4.0,-10.417436054898545
R030,T06,DR0155,GP,11,1,0.9,25.0,4.0,-10.417436054898545
R030,T06,DR0155,GP,12,1,1.4,25.0,4.0,-10.417436054898545
R026,T06,DR0156,Cardiologist,1,6,17.5,45.0,4.0,-10.417436054898545
R026,T06,DR0156,Cardiologist,2,7,16.4,45.0,4.0,-10.417436054898545
R026,T06,DR0156,Cardiologist,3,4,18.7,45.0,4.0,-10.417436054898545
R026,T06,DR0156,Cardiologist,4,9,23.6,45.0,4.0,-10.417436054898545
R026,T06,DR0156,Cardiologist,5,3,6.5,45.0,4.0,-10.417436054898545
R026,T06,DR0156,Cardiologist,6,1,1.0,45.0,4.0,-10.417436054898545
R026,T06,DR0156,Cardiologist,7,3,6.2,45.0,4.0,-10.417436054898545
R026,T06,DR0156,Cardiologist,8,7,20.3,45.0,4.0,-10.417436054898545
R026,T06,DR0156,Cardiologist,9,1,1.1,45.0,4.0,-10.417436054898545
R026,T06,DR0156,Cardiologist,10,3,6.0,45.0,4.0,-10.417436054898545
R026,T06,DR0156,Cardiologist,11,4,9.3,45.0,4.0,-10.417436054898545
R026,T06,DR0156,Cardiologist,12,7,24.4,45.0,4.0,-10.417436054898545
R027,T06,DR0157,Endocrinologist,1,12,20.3,52.5,4.0,-10.417436054898545
R027,T06,DR0157,Endocrinologist,2,10,20.9,52.5,4.0,-10.417436054898545
R027,T06,DR0157,Endocrinologist,3,4,16.2,52.5,4.0,-10.417436054898545
R027,T06,DR0157,Endocrinologist,4,6,20.4,52.5,4.0,-10.417436054898545
R027,T06,DR0157,Endocrinologist,5,5,18.5,52.5,4.0,-10.417436054898545
R027,T06,DR0157,Endocrinologist,6,4,17.0,52.5,4.0,-10.417436054898545
R027,T06,DR0157,Endocrinologist,7,5,15.6,52.5,4.0,-10.417436054898545
R027,T06,DR0157,Endocrinologist,8,4,13.6,52.5,4.0,-10.417436054898545
R027,T06,DR0157,Endocrinologist,9,4,12.9,52.5,4.0,-10.417436054898545
R027,T06,DR0157,Endocrinologist,10,8,20.9,52.5,4.0,-10.417436054898545
R027,T06,DR0157,Endocrinologist,11,6,21.3,52.5,4.0,-10.417436054898545
R027,T06,DR0157,Endocrinologist,12,5,17.7,52.5,4.0,-10.417436054898545
R028,T06,DR0158,Neurologist,1,2,3.9,37.5,4.0,-10.417436054898545
R028,T06,DR0158,Neurologist,2,4,10.2,37.5,4.0,-10.417436054898545
R028,T06,DR0158,Neurologist,3,1,0.6,37.5,4.0,-10.417436054898545
R028,T06,DR0158,Neurologist,4,4,8.3,37.5,4.0,-10.417436054898545
R028,T06,DR0158,Neurologist,5,4,9.3,37.5,4.0,-10.417436054898545
R028,T06,DR0158,Neurologist,6,5,8.1,37.5,4.0,-10.417436054898545
R028,T06,DR0158,Neurologist,7,6,15.7,37.5,4.0,-10.417436054898545
R028,T06,DR0158,Neurologist,8,6,16.6,37.5,4.0,-10.417436054898545
R028,T06,DR0158,Neurologist,9,5,6.8,37.5,4.0,-10.417436054898545
R028,T06,DR0158,Neurologist,10,3,3.7,37.5,4.0,-10.417436054898545
R028,T06,DR0158,Neurologist,11,3,7.8,37.5,4.0,-10.417436054898545
R028,T06,DR0158,Neurologist,12,4,7.1,37.5,4.0,-10.417436054898545
R029,T06,DR0159,GP,1,4,2.5,25.0,4.0,-10.417436054898545
R029,T06,DR0159,GP,2,2,1.1,25.0,4.0,-10.417436054898545
R029,T06,DR0159,GP,3,3,1.5,25.0,4.0,-10.417436054898545
R029,T06,DR0159,GP,4,2,1.0,25.0,4.0,-10.417436054898545
R029,T06,DR0159,GP,5,4,1.8,25.0,4.0,-10.417436054898545
R029,T06,DR0159,GP,6,1,1.2,25.0,4.0,-10.417436054898545
R029,T06,DR0159,GP,7,3,0.9,25.0,4.0,-10.417436054898545
R029,T06,DR0159,GP,8,2,0.7,25.0,4.0,-10.417436054898545
R029,T06,DR0159,GP,9,5,4.4,25.0,4.0,-10.417436054898545
R029,T06,DR0159,GP,10,2,1.1,25.0,4.0,-10.417436054898545
R029,T06,DR0159,GP,11,2,0.8,25.0,4.0,-10.417436054898545
R029,T06,DR0159,GP,12,5,3.7,25.0,4.0,-10.417436054898545
R030,T06,DR0160,Cardiologist,1,3,10.3,45.0,4.0,-10.417436054898545
R030,T06,DR0160,Cardiologist,2,3,8.2,45.0,4.0,-10.417436054898545
R030,T06,DR0160,Cardiologist,3,6,11.6,45.0,4.0,-10.417436054898545
R030,T06,DR0160,Cardiologist,4,2,3.0,45.0,4.0,-10.417436054898545
R030,T06,DR0160,Cardiologist,5,1,1.4,45.0,4.0,-10.417436054898545
R030,T06,DR0160,Cardiologist,6,8,15.8,45.0,4.0,-10.417436054898545
R030,T06,DR0160,Cardiologist,7,8,19.1,45.0,4.0,-10.417436054898545
R030,T06,DR0160,Cardiologist,8,2,4.3,45.0,4.0,-10.417436054898545
R030,T06,DR0160,Cardiologist,9,2,2.7,45.0,4.0,-10.417436054898545
R030,T06,DR0160,Cardiologist,10,2,4.1,45.0,4.0,-10.417436054898545
R030,T06,DR0160,Cardiologist,11,9,19.4,45.0,4.0,-10.417436054898545
R030,T06,DR0160,Cardiologist,12,5,12.7,45.0,4.0,-10.417436054898545
R026,T06,DR0161,Endocrinologist,1,7,36.8,52.5,4.0,-10.417436054898545
R026,T06,DR0161,Endocrinologist,2,3,12.1,52.5,4.0,-10.417436054898545
R026,T06,DR0161,Endocrinologist,3,6,14.5,52.5,4.0,-10.417436054898545
R026,T06,DR0161,Endocrinologist,4,10,31.7,52.5,4.0,-10.417436054898545
R026,T06,DR0161,Endocrinologist,5,2,7.7,52.5,4.0,-10.417436054898545
R026,T06,DR0161,Endocrinologist,6,2,5.8,52.5,4.0,-10.417436054898545
R026,T06,DR0161,Endocrinologist,7,6,21.6,52.5,4.0,-10.417436054898545
R026,T06,DR0161,Endocrinologist,8,2,5.1,52.5,4.0,-10.417436054898545
R026,T06,DR0161,Endocrinologist,9,4,14.3,52.5,4.0,-10.417436054898545
R026,T06,DR0161,Endocrinologist,10,6,21.4,52.5,4.0,-10.417436054898545
R026,T06,DR0161,Endocrinologist,11,7,23.2,52.5,4.0,-10.417436054898545
R026,T06,DR0161,Endocrinologist,12,4,15.3,52.5,4.0,-10.417436054898545
R027,T06,DR0162,Neurologist,1,5,12.5,37.5,4.0,-10.417436054898545
R027,T06,DR0162,Neurologist,2,5,7.7,37.5,4.0,-10.417436054898545
R027,T06,DR0162,Neurologist,3,7,18.4,37.5,4.0,-10.417436054898545
R027,T06,DR0162,Neurologist,4,3,6.1,37.5,4.0,-10.417436054898545
R027,T06,DR0162,Neurologist,5,4,10.7,37.5,4.0,-10.417436054898545
R027,T06,DR0162,Neurologist,6,2,2.1,37.5,4.0,-10.417436054898545
R027,T06,DR0162,Neurologist,7,5,13.1,37.5,4.0,-10.417436054898545
R027,T06,DR0162,Neurologist,8,2,2.4,37.5,4.0,-10.417436054898545
R027,T06,DR0162,Neurologist,9,5,9.1,37.5,4.0,-10.417436054898545
R027,T06,DR0162,Neurologist,10,4,9.3,37.5,4.0,-10.417436054898545
R027,T06,DR0162,Neurologist,11,6,10.2,37.5,4.0,-10.417436054898545
R027,T06,DR0162,Neurologist,12,3,6.8,37.5,4.0,-10.417436054898545
R028,T06,DR0163,GP,1,1,0.7,25.0,4.0,-10.417436054898545
R028,T06,DR0163,GP,2,5,2.9,25.0,4.0,-10.417436054898545
R028,T06,DR0163,GP,3,2,1.0,25.0,4.0,-10.417436054898545
R028,T06,DR0163,GP,4,4,1.5,25.0,4.0,-10.417436054898545
R028,T06,DR0163,GP,5,2,1.1,25.0,4.0,-10.417436054898545
R028,T06,DR0163,GP,6,7,6.6,25.0,4.0,-10.417436054898545
R028,T06,DR0163,GP,7,9,7.1,25.0,4.0,-10.417436054898545
R028,T06,DR0163,GP,8,2,0.9,25.0,4.0,-10.417436054898545
R028,T06,DR0163,GP,9,1,0.8,25.0,4.0,-10.417436054898545
R028,T06,DR0163,GP,10,1,1.2,25.0,4.0,-10.417436054898545
R028,T06,DR0163,GP,11,5,2.4,25.0,4.0,-10.417436054898545
R028,T06,DR0163,GP,12,2,1.0,25.0,4.0,-10.417436054898545
R029,T06,DR0164,Cardiologist,1,6,15.6,45.0,4.0,-10.417436054898545
R029,T06,DR0164,Cardiologist,2,10,24.8,45.0,4.0,-10.417436054898545
R029,T06,DR0164,Cardiologist,3,4,9.5,45.0,4.0,-10.417436054898545
R029,T06,DR0164,Cardiologist,4,4,15.2,45.0,4.0,-10.417436054898545
R029,T06,DR0164,Cardiologist,5,3,12.9,45.0,4.0,-10.417436054898545
R029,T06,DR0164,Cardiologist,6,7,22.3,45.0,4.0,-10.417436054898545
R029,T06,DR0164,Cardiologist,7,5,14.6,45.0,4.0,-10.417436054898545
R029,T06,DR0164,Cardiologist,8,7,14.4,45.0,4.0,-10.417436054898545
R029,T06,DR0164,Cardiologist,9,5,13.0,45.0,4.0,-10.417436054898545
R029,T06,DR0164,Cardiologist,10,3,11.6,45.0,4.0,-10.417436054898545
R029,T06,DR0164,Cardiologist,11,6,13.7,45.0,4.0,-10.417436054898545
R029,T06,DR0164,Cardiologist,12,5,17.9,45.0,4.0,-10.417436054898545
R030,T06,DR0165,Endocrinologist,1,2,6.1,52.5,4.0,-10.417436054898545
R030,T06,DR0165,Endocrinologist,2,7,19.0,52.5,4.0,-10.417436054898545
R030,T06,DR0165,Endocrinologist,3,4,15.6,52.5,4.0,-10.417436054898545
R030,T06,DR0165,Endocrinologist,4,4,15.9,52.5,4.0,-10.417436054898545
R030,T06,DR0165,Endocrinologist,5,5,24.2,52.5,4.0,-10.417436054898545
R030,T06,DR0165,Endocrinologist,6,6,18.2,52.5,4.0,-10.417436054898545
R030,T06,DR0165,Endocrinologist,7,8,20.5,52.5,4.0,-10.417436054898545
R030,T06,DR0165,Endocrinologist,8,4,21.4,52.5,4.0,-10.417436054898545
R030,T06,DR0165,Endocrinologist,9,5,20.6,52.5,4.0,-10.417436054898545
R030,T06,DR0165,Endocrinologist,10,12,23.6,52.5,4.0,-10.417436054898545
R030,T06,DR0165,Endocrinologist,11,7,27.0,52.5,4.0,-10.417436054898545
R030,T06,DR0165,Endocrinologist,12,8,28.2,52.5,4.0,-10.417436054898545
R026,T06,DR0166,Neurologist,1,5,8.7,37.5,4.0,-10.417436054898545
R026,T06,DR0166,Neurologist,2,5,11.7,37.5,4.0,-10.417436054898545
R026,T06,DR0166,Neurologist,3,5,9.3,37.5,4.0,-10.417436054898545
R026,T06,DR0166,Neurologist,4,3,5.2,37.5,4.0,-10.417436054898545
R026,T06,DR0166,Neurologist,5,2,2.4,37.5,4.0,-10.417436054898545
R026,T06,DR0166,Neurologist,6,4,10.0,37.5,4.0,-10.417436054898545
R026,T06,DR0166,Neurologist,7,5,13.2,37.5,4.0,-10.417436054898545
R026,T06,DR0166,Neurologist,8,5,9.1,37.5,4.0,-10.417436054898545
R026,T06,DR0166,Neurologist,9,2,2.3,37.5,4.0,-10.417436054898545
R026,T06,DR0166,Neurologist,10,4,7.8,37.5,4.0,-10.417436054898545
R026,T06,DR0166,Neurologist,11,3,5.1,37.5,4.0,-10.417436054898545
R026,T06,DR0166,Neurologist,12,5,10.2,37.5,4.0,-10.417436054898545
R027,T06,DR0167,GP,1,7,4.1,25.0,4.0,-10.417436054898545
R027,T06,DR0167,GP,2,1,1.4,25.0,4.0,-10.417436054898545
R027,T06,DR0167,GP,3,2,1.1,25.0,4.0,-10.417436054898545
R027,T06,DR0167,GP,4,2,1.0,25.0,4.0,-10.417436054898545
R027,T06,DR0167,GP,5,3,0.8,25.0,4.0,-10.417436054898545
R027,T06,DR0167,GP,6,1,1.2,25.0,4.0,-10.417436054898545
R027,T06,DR0167,GP,7,1,1.6,25.0,4.0,-10.417436054898545
R027,T06,DR0167,GP,8,4,3.0,25.0,4.0,-10.417436054898545
R027,T06,DR0167,GP,9,6,4.8,25.0,4.0,-10.417436054898545
R027,T06,DR0167,GP,10,1,0.8,25.0,4.0,-10.417436054898545
R027,T06,DR0167,GP,11,3,0.8,25.0,4.0,-10.417436054898545
R027,T06,DR0167,GP,12,2,0.8,25.0,4.0,-10.417436054898545
R028,T06,DR0168,Cardiologist,1,5,12.3,45.0,4.0,-10.417436054898545
R028,T06,DR0168,Cardiologist,2,6,17.9,45.0,4.0,-10.417436054898545
R028,T06,DR0168,Cardiologist,3,5,16.3,45.0,4.0,-10.417436054898545
R028,T06,DR0168,Cardiologist,4,2,3.4,45.0,4.0,-10.417436054898545
R028,T06,DR0168,Cardiologist,5,6,18.8,45.0,4.0,-10.417436054898545
R028,T06,DR0168,Cardiologist,6,6,20.8,45.0,4.0,-10.417436054898545
R028,T06,DR0168,Cardiologist,7,6,11.5,45.0,4.0,-10.417436054898545
R028,T06,DR0168,Cardiologist,8,6,20.3,45.0,4.0,-10.417436054898545
R028,T06,DR0168,Cardiologist,9,2,5.5,45.0,4.0,-10.417436054898545
R028,T06,DR0168,Cardiologist,10,6,15.6,45.0,4.0,-10.417436054898545
R028,T06,DR0168,Cardiologist,11,6,21.7,45.0,4.0,-10.417436054898545
R028,T06,DR0168,Cardiologist,12,2,5.2,45.0,4.0,-10.417436054898545
R029,T06,DR0169,Endocrinologist,1,6,17.2,52.5,4.0,-10.417436054898545
R029,T06,DR0169,Endocrinologist,2,5,31.1,52.5,4.0,-10.417436054898545
R029,T06,DR0169,Endocrinologist,3,6,17.9,52.5,4.0,-10.417436054898545
R029,T06,DR0169,Endocrinologist,4,8,23.0,52.5,4.0,-10.417436054898545
R029,T06,DR0169,Endocrinologist,5,3,11.3,52.5,4.0,-10.417436054898545
R029,T06,DR0169,Endocrinologist,6,6,28.5,52.5,4.0,-10.417436054898545
R029,T06,DR0169,Endocrinologist,7,9,19.8,52.5,4.0,-10.417436054898545
R029,T06,DR0169,Endocrinologist,8,4,12.9,52.5,4.0,-10.417436054898545
R029,T06,DR0169,Endocrinologist,9,8,17.6,52.5,4.0,-10.417436054898545
R029,T06,DR0169,Endocrinologist,10,2,5.9,52.5,4.0,-10.417436054898545
R029,T06,DR0169,Endocrinologist,11,7,21.0,52.5,4.0,-10.417436054898545
R029,T06,DR0169,Endocrinologist,12,4,16.2,52.5,4.0,-10.417436054898545
R030,T06,DR0170,Neurologist,1,1,1.2,37.5,4.0,-10.417436054898545
R030,T06,DR0170,Neurologist,2,6,9.7,37.5,4.0,-10.417436054898545
R030,T06,DR0170,Neurologist,3,7,12.4,37.5,4.0,-10.417436054898545
R030,T06,DR0170,Neurologist,4,4,6.3,37.5,4.0,-10.417436054898545
R030,T06,DR0170,Neurologist,5,4,6.5,37.5,4.0,-10.417436054898545
R030,T06,DR0170,Neurologist,6,6,16.9,37.5,4.0,-10.417436054898545
R030,T06,DR0170,Neurologist,7,1,0.8,37.5,4.0,-10.417436054898545
R030,T06,DR0170,Neurologist,8,3,6.1,37.5,4.0,-10.417436054898545
R030,T06,DR0170,Neurologist,9,3,4.9,37.5,4.0,-10.417436054898545
R030,T06,DR0170,Neurologist,10,1,0.8,37.5,4.0,-10.417436054898545
R030,T06,DR0170,Neurologist,11,3,5.7,37.5,4.0,-10.417436054898545
R030,T06,DR0170,Neurologist,12,3,7.1,37.5,4.0,-10.417436054898545
R026,T06,DR0171,GP,1,5,3.6,25.0,4.0,-10.417436054898545
R026,T06,DR0171,GP,2,5,3.4,25.0,4.0,-10.417436054898545
R026,T06,DR0171,GP,3,4,4.0,25.0,4.0,-10.417436054898545
R026,T06,DR0171,GP,4,3,1.8,25.0,4.0,-10.417436054898545
R026,T06,DR0171,GP,5,3,1.3,25.0,4.0,-10.417436054898545
R026,T06,DR0171,GP,6,1,0.8,25.0,4.0,-10.417436054898545
R026,T06,DR0171,GP,7,2,1.6,25.0,4.0,-10.417436054898545
R026,T06,DR0171,GP,8,1,1.0,25.0,4.0,-10.417436054898545
R026,T06,DR0171,GP,9,3,0.7,25.0,4.0,-10.417436054898545
R026,T06,DR0171,GP,10,2,0.8,25.0,4.0,-10.417436054898545
R026,T06,DR0171,GP,11,5,3.2,25.0,4.0,-10.417436054898545
R026,T06,DR0171,GP,12,2,0.9,25.0,4.0,-10.417436054898545
R027,T06,DR0172,Cardiologist,1,1,1.2,45.0,4.0,-10.417436054898545
R027,T06,DR0172,Cardiologist,2,7,19.4,45.0,4.0,-10.417436054898545
R027,T06,DR0172,Cardiologist,3,4,13.5,45.0,4.0,-10.417436054898545
R027,T06,DR0172,Cardiologist,4,1,0.6,45.0,4.0,-10.417436054898545
R027,T06,DR0172,Cardiologist,5,8,25.9,45.0,4.0,-10.417436054898545
R027,T06,DR0172,Cardiologist,6,6,16.3,45.0,4.0,-10.417436054898545
R027,T06,DR0172,Cardiologist,7,3,10.0,45.0,4.0,-10.417436054898545
R027,T06,DR0172,Cardiologist,8,2,4.1,45.0,4.0,-10.417436054898545
R027,T06,DR0172,Cardiologist,9,6,13.5,45.0,4.0,-10.417436054898545
R027,T06,DR0172,Cardiologist,10,1,1.4,45.0,4.0,-10.417436054898545
R027,T06,DR0172,Cardiologist,11,6,18.3,45.0,4.0,-10.417436054898545
R027,T06,DR0172,Cardiologist,12,7,19.5,45.0,4.0,-10.417436054898545
R028,T06,DR0173,Endocrinologist,1,5,22.1,52.5,4.0,-10.417436054898545
R028,T06,DR0173,Endocrinologist,2,3,10.6,52.5,4.0,-10.417436054898545
R028,T06,DR0173,Endocrinologist,3,4,16.5,52.5,4.0,-10.417436054898545
R028,T06,DR0173,Endocrinologist,4,10,30.0,52.5,4.0,-10.417436054898545
R028,T06,DR0173,Endocrinologist,5,5,14.4,52.5,4.0,-10.417436054898545
R028,T06,DR0173,Endocrinologist,6,6,14.5,52.5,4.0,-10.417436054898545
R028,T06,DR0173,Endocrinologist,7,6,29.0,52.5,4.0,-10.417436054898545
R028,T06,DR0173,Endocrinologist,8,3,9.5,52.5,4.0,-10.417436054898545
R028,T06,DR0173,Endocrinologist,9,6,30.0,52.5,4.0,-10.417436054898545
R028,T06,DR0173,Endocrinologist,10,2,6.1,52.5,4.0,-10.417436054898545
R028,T06,DR0173,Endocrinologist,11,1,0.9,52.5,4.0,-10.417436054898545
R028,T06,DR0173,Endocrinologist,12,8,36.4,52.5,4.0,-10.417436054898545
R029,T06,DR0174,Neurologist,1,6,14.4,37.5,4.0,-10.417436054898545
R029,T06,DR0174,Neurologist,2,5,8.5,37.5,4.0,-10.417436054898545
R029,T06,DR0174,Neurologist,3,5,5.8,37.5,4.0,-10.417436054898545
R029,T06,DR0174,Neurologist,4,2,1.5,37.5,4.0,-10.417436054898545
R029,T06,DR0174,Neurologist,5,1,0.7,37.5,4.0,-10.417436054898545
R029,T06,DR0174,Neurologist,6,5,10.6,37.5,4.0,-10.417436054898545
R029,T06,DR0174,Neurologist,7,2,1.8,37.5,4.0,-10.417436054898545
R029,T06,DR0174,Neurologist,8,2,1.4,37.5,4.0,-10.417436054898545
R029,T06,DR0174,Neurologist,9,3,6.5,37.5,4.0,-10.417436054898545
R029,T06,DR0174,Neurologist,10,2,2.0,37.5,4.0,-10.417436054898545
R029,T06,DR0174,Neurologist,11,5,11.0,37.5,4.0,-10.417436054898545
R029,T06,DR0174,Neurologist,12,6,9.0,37.5,4.0,-10.417436054898545
R030,T06,DR0175,GP,1,1,0.6,25.0,4.0,-10.417436054898545
R030,T06,DR0175,GP,2,8,5.7,25.0,4.0,-10.417436054898545
R030,T06,DR0175,GP,3,1,1.0,25.0,4.0,-10.417436054898545
R030,T06,DR0175,GP,4,3,0.9,25.0,4.0,-10.417436054898545
R030,T06,DR0175,GP,5,6,4.4,25.0,4.0,-10.417436054898545
R030,T06,DR0175,GP,6,3,1.2,25.0,4.0,-10.417436054898545
R030,T06,DR0175,GP,7,2,1.2,25.0,4.0,-10.417436054898545
R030,T06,DR0175,GP,8,1,0.8,25.0,4.0,-10.417436054898545
R030,T06,DR0175,GP,9,1,1.1,25.0,4.0,-10.417436054898545
R030,T06,DR0175,GP,10,5,3.5,25.0,4.0,-10.417436054898545
R030,T06,DR0175,GP,11,3,1.8,25.0,4.0,-10.417436054898545
R030,T06,DR0175,GP,12,1,1.7,25.0,4.0,-10.417436054898545
R026,T06,DR0176,Cardiologist,1,2,4.1,45.0,4.0,-10.417436054898545
R026,T06,DR0176,Cardiologist,2,1,0.9,45.0,4.0,-10.417436054898545
R026,T06,DR0176,Cardiologist,3,12,19.2,45.0,4.0,-10.417436054898545
R026,T06,DR0176,Cardiologist,4,2,5.6,45.0,4.0,-10.417436054898545
R026,T06,DR0176,Cardiologist,5,6,17.5,45.0,4.0,-10.417436054898545
R026,T06,DR0176,Cardiologist,6,5,12.0,45.0,4.0,-10.417436054898545
R026,T06,DR0176,Cardiologist,7,5,15.7,45.0,4.0,-10.417436054898545
R026,T06,DR0176,Cardiologist,8,8,18.3,45.0,4.0,-10.417436054898545
R026,T06,DR0176,Cardiologist,9,4,8.0,45.0,4.0,-10.417436054898545
R026,T06,DR0176,Cardiologist,10,3,10.1,45.0,4.0,-10.417436054898545
R026,T06,DR0176,Cardiologist,11,3,10.1,45.0,4.0,-10.417436054898545
R026,T06,DR0176,Cardiologist,12,4,7.1,45.0,4.0,-10.417436054898545
R027,T06,DR0177,Endocrinologist,1,9,36.8,52.5,4.0,-10.417436054898545
R027,T06,DR0177,Endocrinologist,2,8,12.5,52.5,4.0,-10.417436054898545
R027,T06,DR0177,Endocrinologist,3,5,14.4,52.5,4.0,-10.417436054898545
R027,T06,DR0177,Endocrinologist,4,3,12.3,52.5,4.0,-10.417436054898545
R027,T06,DR0177,Endocrinologist,5,4,17.9,52.5,4.0,-10.417436054898545
R027,T06,DR0177,Endocrinologist,6,5,14.8,52.5,4.0,-10.417436054898545
R027,T06,DR0177,Endocrinologist,7,3,18.6,52.5,4.0,-10.417436054898545
R027,T06,DR0177,Endocrinologist,8,3,14.8,52.5,4.0,-10.417436054898545
R027,T06,DR0177,Endocrinologist,9,7,24.2,52.5,4.0,-10.417436054898545
R027,T06,DR0177,Endocrinologist,10,6,22.7,52.5,4.0,-10.417436054898545
R027,T06,DR0177,Endocrinologist,11,6,16.4,52.5,4.0,-10.417436054898545
R027,T06,DR0177,Endocrinologist,12,5,19.3,52.5,4.0,-10.417436054898545
R028,T06,DR0178,Neurologist,1,5,10.3,37.5,4.0,-10.417436054898545
R028,T06,DR0178,Neurologist,2,3,6.5,37.5,4.0,-10.417436054898545
R028,T06,DR0178,Neurologist,3,5,13.5,37.5,4.0,-10.417436054898545
R028,T06,DR0178,Neurologist,4,5,12.9,37.5,4.0,-10.417436054898545
R028,T06,DR0178,Neurologist,5,7,19.4,37.5,4.0,-10.417436054898545
R028,T06,DR0178,Neurologist,6,2,1.8,37.5,4.0,-10.417436054898545
R028,T06,DR0178,Neurologist,7,4,9.2,37.5,4.0,-10.417436054898545
R028,T06,DR0178,Neurologist,8,3,6.1,37.5,4.0,-10.417436054898545
R028,T06,DR0178,Neurologist,9,3,4.1,37.5,4.0,-10.417436054898545
R028,T06,DR0178,Neurologist,10,5,10.1,37.5,4.0,-10.417436054898545
R028,T06,DR0178,Neurologist,11,2,1.8,37.5,4.0,-10.417436054898545
R028,T06,DR0178,Neurologist,12,7,11.8,37.5,4.0,-10.417436054898545
R029,T06,DR0179,GP,1,7,5.9,25.0,4.0,-10.417436054898545
R029,T06,DR0179,GP,2,3,1.9,25.0,4.0,-10.417436054898545
R029,T06,DR0179,GP,3,4,2.5,25.0,4.0,-10.417436054898545
R029,T06,DR0179,GP,4,2,1.1,25.0,4.0,-10.417436054898545
R029,T06,DR0179,GP,5,1,1.2,25.0,4.0,-10.417436054898545
R029,T06,DR0179,GP,6,4,1.5,25.0,4.0,-10.417436054898545
R029,T06,DR0179,GP,7,2,1.6,25.0,4.0,-10.417436054898545
R029,T06,DR0179,GP,8,1,0.9,25.0,4.0,-10.417436054898545
R029,T06,DR0179,GP,9,4,3.5,25.0,4.0,-10.417436054898545
R029,T06,DR0179,GP,10,4,2.6,25.0,4.0,-10.417436054898545
R029,T06,DR0179,GP,11,3,1.0,25.0,4.0,-10.417436054898545
R029,T06,DR0179,GP,12,2,1.0,25.0,4.0,-10.417436054898545
R030,T06,DR0180,Cardiologist,1,5,14.2,45.0,4.0,-10.417436054898545
R030,T06,DR0180,Cardiologist,2,4,12.3,45.0,4.0,-10.417436054898545
R030,T06,DR0180,Cardiologist,3,5,9.3,45.0,4.0,-10.417436054898545
R030,T06,DR0180,Cardiologist,4,11,28.7,45.0,4.0,-10.417436054898545
R030,T06,DR0180,Cardiologist,5,5,10.8,45.0,4.0,-10.417436054898545
R030,T06,DR0180,Cardiologist,6,1,1.7,45.0,4.0,-10.417436054898545
R030,T06,DR0180,Cardiologist,7,4,14.6,45.0,4.0,-10.417436054898545
R030,T06,DR0180,Cardiologist,8,1,1.4,45.0,4.0,-10.417436054898545
R030,T06,DR0180,Cardiologist,9,2,5.8,45.0,4.0,-10.417436054898545
R030,T06,DR0180,Cardiologist,10,3,11.6,45.0,4.0,-10.417436054898545
R030,T06,DR0180,Cardiologist,11,3,9.8,45.0,4.0,-10.417436054898545
R030,T06,DR0180,Cardiologist,12,3,12.9,45.0,4.0,-10.417436054898545
R031,T07,DR0181,GP,1,4,12.4,25.0,4.0,1.022723225338283
R031,T07,DR0181,GP,2,2,9.9,25.0,4.0,1.022723225338283
R031,T07,DR0181,GP,3,5,16.6,25.0,4.0,1.022723225338283
R031,T07,DR0181,GP,4,1,5.6,25.0,4.0,1.022723225338283
R031,T07,DR0181,GP,5,6,10.1,25.0,4.0,1.022723225338283
R031,T07,DR0181,GP,6,6,16.0,25.0,4.0,1.022723225338283
R031,T07,DR0181,GP,7,3,16.5,25.0,4.0,1.022723225338283
R031,T07,DR0181,GP,8,2,11.0,25.0,4.0,1.022723225338283
R031,T07,DR0181,GP,9,4,8.8,25.0,4.0,1.022723225338283
R031,T07,DR0181,GP,10,2,10.8,25.0,4.0,1.022723225338283
R031,T07,DR0181,GP,11,4,17.0,25.0,4.0,1.022723225338283
R031,T07,DR0181,GP,12,4,11.2,25.0,4.0,1.022723225338283
R032,T07,DR0182,Cardiologist,1,6,21.7,45.0,4.0,1.022723225338283
R032,T07,DR0182,Cardiologist,2,5,22.5,45.0,4.0,1.022723225338283
R032,T07,DR0182,Cardiologist,3,4,22.1,45.0,4.0,1.022723225338283
R032,T07,DR0182,Cardiologist,4,4,19.1,45.0,4.0,1.022723225338283
R032,T07,DR0182,Cardiologist,5,2,17.4,45.0,4.0,1.022723225338283
R032,T07,DR0182,Cardiologist,6,8,35.6,45.0,4.0,1.022723225338283
R032,T07,DR0182,Cardiologist,7,6,25.7,45.0,4.0,1.022723225338283
R032,T07,DR0182,Cardiologist,8,3,30.9,45.0,4.0,1.022723225338283
R032,T07,DR0182,Cardiologist,9,6,28.3,45.0,4.0,1.022723225338283
R032,T07,DR0182,Cardiologist,10,6,26.9,45.0,4.0,1.022723225338283
R032,T07,DR0182,Cardiologist,11,5,39.9,45.0,4.0,1.022723225338283
R032,T07,DR0182,Cardiologist,12,6,36.0,45.0,4.0,1.022723225338283
R033,T07,DR0183,Endocrinologist,1,3,17.5,52.5,4.0,1.022723225338283
R033,T07,DR0183,Endocrinologist,2,8,31.1,52.5,4.0,1.022723225338283
R033,T07,DR0183,Endocrinologist,3,6,32.8,52.5,4.0,1.022723225338283
R033,T07,DR0183,Endocrinologist,4,9,37.8,52.5,4.0,1.022723225338283
R033,T07,DR0183,Endocrinologist,5,7,30.0,52.5,4.0,1.022723225338283
R033,T07,DR0183,Endocrinologist,6,6,20.2,52.5,4.0,1.022723225338283
R033,T07,DR0183,Endocrinologist,7,4,22.4,52.5,4.0,1.022723225338283
R033,T07,DR0183,Endocrinologist,8,10,31.8,52.5,4.0,1.022723225338283
R033,T07,DR0183,Endocrinologist,9,10,25.7,52.5,4.0,1.022723225338283
R033,T07,DR0183,Endocrinologist,10,4,24.3,52.5,4.0,1.022723225338283
R033,T07,DR0183,Endocrinologist,11,10,32.0,52.5,4.0,1.022723225338283
R033,T07,DR0183,Endocrinologist,12,8,30.4,52.5,4.0,1.022723225338283
R034,T07,DR0184,Neurologist,1,1,7.5,37.5,4.0,1.022723225338283
R034,T07,DR0184,Neurologist,2,6,22.5,37.5,4.0,1.022723225338283
R034,T07,DR0184,Neurologist,3,4,12.4,37.5,4.0,1.022723225338283
R034,T07,DR0184,Neurologist,4,3,22.6,37.5,4.0,1.022723225338283
R034,T07,DR0184,Neurologist,5,3,15.5,37.5,4.0,1.022723225338283
R034,T07,DR0184,Neurologist,6,5,23.6,37.5,4.0,1.022723225338283
R034,T07,DR0184,Neurologist,7,11,30.4,37.5,4.0,1.022723225338283
R034,T07,DR0184,Neurologist,8,5,19.5,37.5,4.0,1.022723225338283
R034,T07,DR0184,Neurologist,9,7,17.4,37.5,4.0,1.022723225338283
R034,T07,DR0184,Neurologist,10,6,30.7,37.5,4.0,1.022723225338283
R034,T07,DR0184,Neurologist,11,7,29.1,37.5,4.0,1.022723225338283
R034,T07,DR0184,Neurologist,12,4,18.6,37.5,4.0,1.022723225338283
R035,T07,DR0185,GP,1,1,9.6,25.0,4.0,1.022723225338283
R035,T07,DR0185,GP,2,1,6.1,25.0,4.0,1.022723225338283
R035,T07,DR0185,GP,3,5,10.9,25.0,4.0,1.022723225338283
R035,T07,DR0185,GP,4,5,14.5,25.0,4.0,1.022723225338283
R035,T07,DR0185,GP,5,3,9.3,25.0,4.0,1.022723225338283
R035,T07,DR0185,GP,6,3,11.5,25.0,4.0,1.022723225338283
R035,T07,DR0185,GP,7,1,8.1,25.0,4.0,1.022723225338283
R035,T07,DR0185,GP,8,4,13.4,25.0,4.0,1.022723225338283
R035,T07,DR0185,GP,9,4,16.4,25.0,4.0,1.022723225338283
R035,T07,DR0185,GP,10,5,15.6,25.0,4.0,1.022723225338283
R035,T07,DR0185,GP,11,4,15.9,25.0,4.0,1.022723225338283
R035,T07,DR0185,GP,12,2,7.7,25.0,4.0,1.022723225338283
R031,T07,DR0186,Cardiologist,1,5,28.7,45.0,4.0,1.022723225338283
R031,T07,DR0186,Cardiologist,2,10,19.1,45.0,4.0,1.022723225338283
R031,T07,DR0186,Cardiologist,3,6,26.7,45.0,4.0,1.022723225338283
R031,T07,DR0186,Cardiologist,4,7,32.0,45.0,4.0,1.022723225338283
R031,T07,DR0186,Cardiologist,5,9,41.1,45.0,4.0,1.022723225338283
R031,T07,DR0186,Cardiologist,6,8,20.7,45.0,4.0,1.022723225338283
R031,T07,DR0186,Cardiologist,7,6,35.4,45.0,4.0,1.022723225338283
R031,T07,DR0186,Cardiologist,8,6,31.4,45.0,4.0,1.022723225338283
R031,T07,DR0186,Cardiologist,9,10,25.2,45.0,4.0,1.022723225338283
R031,T07,DR0186,Cardiologist,10,4,15.6,45.0,4.0,1.022723225338283
R031,T07,DR0186,Cardiologist,11,4,26.7,45.0,4.0,1.022723225338283
R031,T07,DR0186,Cardiologist,12,3,23.8,45.0,4.0,1.022723225338283
R032,T07,DR0187,Endocrinologist,1,5,39.7,52.5,4.0,1.022723225338283
R032,T07,DR0187,Endocrinologist,2,6,27.4,52.5,4.0,1.022723225338283
R032,T07,DR0187,Endocrinologist,3,3,19.1,52.5,4.0,1.022723225338283
R032,T07,DR0187,Endocrinologist,4,4,19.5,52.5,4.0,1.022723225338283
R032,T07,DR0187,Endocrinologist,5,1,10.2,52.5,4.0,1.022723225338283
R032,T07,DR0187,Endocrinologist,6,3,26.9,52.5,4.0,1.022723225338283
R032,T07,DR0187,Endocrinologist,7,1,22.0,52.5,4.0,1.022723225338283
R032,T07,DR0187,Endocrinologist,8,5,24.3,52.5,4.0,1.022723225338283
R032,T07,DR0187,Endocrinologist,9,12,39.1,52.5,4.0,1.022723225338283
R032,T07,DR0187,Endocrinologist,10,6,39.5,52.5,4.0,1.022723225338283
R032,T07,DR0187,Endocrinologist,11,5,31.3,52.5,4.0,1.022723225338283
R032,T07,DR0187,Endocrinologist,12,3,19.8,52.5,4.0,1.022723225338283
R033,T07,DR0188,Neurologist,1,5,26.7,37.5,4.0,1.022723225338283
R033,T07,DR0188,Neurologist,2,2,15.0,37.5,4.0,1.022723225338283
R033,T07,DR0188,Neurologist,3,5,32.6,37.5,4.0,1.022723225338283
R033,T07,DR0188,Neurologist,4,6,15.1,37.5,4.0,1.022723225338283
R033,T07,DR0188,Neurologist,5,3,30.9,37.5,4.0,1.022723225338283
R033,T07,DR0188,Neurologist,6,1,6.6,37.5,4.0,1.022723225338283
R033,T07,DR0188,Neurologist,7,3,15.5,37.5,4.0,1.022723225338283
R033,T07,DR0188,Neurologist,8,4,19.2,37.5,4.0,1.022723225338283
R033,T07,DR0188,Neurologist,9,1,8.1,37.5,4.0,1.022723225338283
R033,T07,DR0188,Neurologist,10,2,13.5,37.5,4.0,1.022723225338283
R033,T07,DR0188,Neurologist,11,4,24.8,37.5,4.0,1.022723225338283
R033,T07,DR0188,Neurologist,12,2,14.3,37.5,4.0,1.022723225338283
R034,T07,DR0189,GP,1,8,22.7,25.0,4.0,1.022723225338283
R034,T07,DR0189,GP,2,2,7.1,25.0,4.0,1.022723225338283
R034,T07,DR0189,GP,3,4,15.5,25.0,4.0,1.022723225338283
R034,T07,DR0189,GP,4,2,8.8,25.0,4.0,1.022723225338283
R034,T07,DR0189,GP,5,3,9.6,25.0,4.0,1.022723225338283
R034,T07,DR0189,GP,6,4,14.8,25.0,4.0,1.022723225338283
R034,T07,DR0189,GP,7,1,4.6,25.0,4.0,1.022723225338283
R034,T07,DR0189,GP,8,1,6.2,25.0,4.0,1.022723225338283
R034,T07,DR0189,GP,9,5,20.6,25.0,4.0,1.022723225338283
R034,T07,DR0189,GP,10,1,8.1,25.0,4.0,1.022723225338283
R034,T07,DR0189,GP,11,2,5.3,25.0,4.0,1.022723225338283
R034,T07,DR0189,GP,12,4,12.4,25.0,4.0,1.022723225338283
R035,T07,DR0190,Cardiologist,1,4,22.0,45.0,4.0,1.022723225338283
R035,T07,DR0190,Cardiologist,2,5,26.9,45.0,4.0,1.022723225338283
R035,T07,DR0190,Cardiologist,3,4,21.1,45.0,4.0,1.022723225338283
R035,T07,DR0190,Cardiologist,4,3,28.2,45.0,4.0,1.022723225338283
R035,T07,DR0190,Cardiologist,5,8,34.3,45.0,4.0,1.022723225338283
R035,T07,DR0190,Cardiologist,6,6,31.0,45.0,4.0,1.022723225338283
R035,T07,DR0190,Cardiologist,7,3,14.6,45.0,4.0,1.022723225338283
R035,T07,DR0190,Cardiologist,8,1,9.5,45.0,4.0,1.022723225338283
R035,T07,DR0190,Cardiologist,9,3,23.5,45.0,4.0,1.022723225338283
R035,T07,DR0190,Cardiologist,10,5,26.1,45.0,4.0,1.022723225338283
R035,T07,DR0190,Cardiologist,11,4,25.9,45.0,4.0,1.022723225338283
R035,T07,DR0190,Cardiologist,12,9,26.1,45.0,4.0,1.022723225338283
R031,T07,DR0191,Endocrinologist,1,10,37.2,52.5,4.0,1.022723225338283
R031,T07,DR0191,Endocrinologist,2,4,21.0,52.5,4.0,1.022723225338283
R031,T07,DR0191,Endocrinologist,3,8,41.0,52.5,4.0,1.022723225338283
R031,T07,DR0191,Endocrinologist,4,3,19.9,52.5,4.0,1.022723225338283
R031,T07,DR0191,Endocrinologist,5,10,39.1,52.5,4.0,1.022723225338283
R031,T07,DR0191,Endocrinologist,6,1,13.0,52.5,4.0,1.022723225338283
R031,T07,DR0191,Endocrinologist,7,4,32.3,52.5,4.0,1.022723225338283
R031,T07,DR0191,Endocrinologist,8,2,17.7,52.5,4.0,1.022723225338283
R031,T07,DR0191,Endocrinologist,9,8,53.7,52.5,4.0,1.022723225338283
R031,T07,DR0191,Endocrinologist,10,5,27.4,52.5,4.0,1.022723225338283
R031,T07,DR0191,Endocrinologist,11,2,16.9,52.5,4.0,1.022723225338283
R031,T07,DR0191,Endocrinologist,12,7,29.3,52.5,4.0,1.022723225338283
R032,T07,DR0192,Neurologist,1,6,26.2,37.5,4.0,1.022723225338283
R032,T07,DR0192,Neurologist,2,9,40.5,37.5,4.0,1.022723225338283
R032,T07,DR0192,Neurologist,3,1,11.7,37.5,4.0,1.022723225338283
R032,T07,DR0192,Neurologist,4,3,12.5,37.5,4.0,1.022723225338283
R032,T07,DR0192,Neurologist,5,4,13.8,37.5,4.0,1.022723225338283
R032,T07,DR0192,Neurologist,6,7,29.3,37.5,4.0,1.022723225338283
R032,T07,DR0192,Neurologist,7,6,23.2,37.5,4.0,1.022723225338283
R032,T07,DR0192,Neurologist,8,6,15.5,37.5,4.0,1.022723225338283
R032,T07,DR0192,Neurologist,9,4,12.6,37.5,4.0,1.022723225338283
R032,T07,DR0192,Neurologist,10,1,12.6,37.5,4.0,1.022723225338283
R032,T07,DR0192,Neurologist,11,4,21.6,37.5,4.0,1.022723225338283
R032,T07,DR0192,Neurologist,12,1,12.8,37.5,4.0,1.022723225338283
R033,T07,DR0193,GP,1,1,4.0,25.0,4.0,1.022723225338283
R033,T07,DR0193,GP,2,2,11.6,25.0,4.0,1.022723225338283
R033,T07,DR0193,GP,3,2,7.8,25.0,4.0,1.022723225338283
R033,T07,DR0193,GP,4,4,19.2,25.0,4.0,1.022723225338283
R033,T07,DR0193,GP,5,4,14.5,25.0,4.0,1.022723225338283
R033,T07,DR0193,GP,6,3,10.4,25.0,4.0,1.022723225338283
R033,T07,DR0193,GP,7,4,14.6,25.0,4.0,1.022723225338283
R033,T07,DR0193,GP,8,3,14.4,25.0,4.0,1.022723225338283
R033,T07,DR0193,GP,9,1,4.6,25.0,4.0,1.022723225338283
R033,T07,DR0193,GP,10,3,20.2,25.0,4.0,1.022723225338283
R033,T07,DR0193,GP,11,3,10.5,25.0,4.0,1.022723225338283
R033,T07,DR0193,GP,12,1,6.9,25.0,4.0,1.022723225338283
R034,T07,DR0194,Cardiologist,1,6,48.4,45.0,4.0,1.022723225338283
R034,T07,DR0194,Cardiologist,2,6,30.1,45.0,4.0,1.022723225338283
R034,T07,DR0194,Cardiologist,3,10,25.4,45.0,4.0,1.022723225338283
R034,T07,DR0194,Cardiologist,4,8,29.9,45.0,4.0,1.022723225338283
R034,T07,DR0194,Cardiologist,5,2,15.8,45.0,4.0,1.022723225338283
R034,T07,DR0194,Cardiologist,6,3,22.8,45.0,4.0,1.022723225338283
R034,T07,DR0194,Cardiologist,7,4,18.5,45.0,4.0,1.022723225338283
R034,T07,DR0194,Cardiologist,8,5,22.0,45.0,4.0,1.022723225338283
R034,T07,DR0194,Cardiologist,9,7,24.4,45.0,4.0,1.022723225338283
R034,T07,DR0194,Cardiologist,10,8,18.5,45.0,4.0,1.022723225338283
R034,T07,DR0194,Cardiologist,11,3,32.6,45.0,4.0,1.022723225338283
R034,T07,DR0194,Cardiologist,12,2,13.6,45.0,4.0,1.022723225338283
R035,T07,DR0195,Endocrinologist,1,2,29.1,52.5,4.0,1.022723225338283
R035,T07,DR0195,Endocrinologist,2,1,8.2,52.5,4.0,1.022723225338283
R035,T07,DR0195,Endocrinologist,3,5,30.5,52.5,4.0,1.022723225338283
R035,T07,DR0195,Endocrinologist,4,8,45.2,52.5,4.0,1.022723225338283
R035,T07,DR0195,Endocrinologist,5,6,25.9,52.5,4.0,1.022723225338283
R035,T07,DR0195,Endocrinologist,6,3,20.5,52.5,4.0,1.022723225338283
R035,T07,DR0195,Endocrinologist,7,3,14.0,52.5,4.0,1.022723225338283
R035,T07,DR0195,Endocrinologist,8,7,36.8,52.5,4.0,1.022723225338283
R035,T07,DR0195,Endocrinologist,9,4,27.4,52.5,4.0,1.022723225338283
R035,T07,DR0195,Endocrinologist,10,1,9.5,52.5,4.0,1.022723225338283
R035,T07,DR0195,Endocrinologist,11,9,35.9,52.5,4.0,1.022723225338283
R035,T07,DR0195,Endocrinologist,12,2,24.7,52.5,4.0,1.022723225338283
R031,T07,DR0196,Neurologist,1,8,32.2,37.5,4.0,1.022723225338283
R031,T07,DR0196,Neurologist,2,3,19.7,37.5,4.0,1.022723225338283
R031,T07,DR0196,Neurologist,3,3,12.0,37.5,4.0,1.022723225338283
R031,T07,DR0196,Neurologist,4,3,15.5,37.5,4.0,1.022723225338283
R031,T07,DR0196,Neurologist,5,4,17.2,37.5,4.0,1.022723225338283
R031,T07,DR0196,Neurologist,6,4,12.6,37.5,4.0,1.022723225338283
R031,T07,DR0196,Neurologist,7,3,19.8,37.5,4.0,1.022723225338283
R031,T07,DR0196,Neurologist,8,5,28.4,37.5,4.0,1.022723225338283
R031,T07,DR0196,Neurologist,9,2,13.0,37.5,4.0,1.022723225338283
R031,T07,DR0196,Neurologist,10,2,14.5,37.5,4.0,1.022723225338283
R031,T07,DR0196,Neurologist,11,5,34.2,37.5,4.0,1.022723225338283
R031,T07,DR0196,Neurologist,12,7,27.4,37.5,4.0,1.022723225338283
R032,T07,DR0197,GP,1,3,11.6,25.0,4.0,1.022723225338283
R032,T07,DR0197,GP,2,2,12.0,25.0,4.0,1.022723225338283
R032,T07,DR0197,GP,3,6,14.4,25.0,4.0,1.022723225338283
R032,T07,DR0197,GP,4,2,7.1,25.0,4.0,1.022723225338283
R032,T07,DR0197,GP,5,2,7.5,25.0,4.0,1.022723225338283
R032,T07,DR0197,GP,6,8,19.3,25.0,4.0,1.022723225338283
R032,T07,DR0197,GP,7,2,7.3,25.0,4.0,1.022723225338283
R032,T07,DR0197,GP,8,3,12.7,25.0,4.0,1.022723225338283
R032,T07,DR0197,GP,9,3,11.0,25.0,4.0,1.022723225338283
R032,T07,DR0197,GP,10,2,10.6,25.0,4.0,1.022723225338283
R032,T07,DR0197,GP,11,6,9.4,25.0,4.0,1.022723225338283
R032,T07,DR0197,GP,12,7,18.4,25.0,4.0,1.022723225338283
R033,T07,DR0198,Cardiologist,1,6,18.4,45.0,4.0,1.022723225338283
R033,T07,DR0198,Cardiologist,2,4,30.9,45.0,4.0,1.022723225338283
R033,T07,DR0198,Cardiologist,3,5,34.8,45.0,4.0,1.022723225338283
R033,T07,DR0198,Cardiologist,4,10,24.2,45.0,4.0,1.022723225338283
R033,T07,DR0198,Cardiologist,5,6,22.3,45.0,4.0,1.022723225338283
R033,T07,DR0198,Cardiologist,6,2,16.0,45.0,4.0,1.022723225338283
R033,T07,DR0198,Cardiologist,7,5,29.9,45.0,4.0,1.022723225338283
R033,T07,DR0198,Cardiologist,8,5,28.9,45.0,4.0,1.022723225338283
R033,T07,DR0198,Cardiologist,9,9,31.5,45.0,4.0,1.022723225338283
R033,T07,DR0198,Cardiologist,10,3,22.5,45.0,4.0,1.022723225338283
R033,T07,DR0198,Cardiologist,11,5,16.6,45.0,4.0,1.022723225338283
R033,T07,DR0198,Cardiologist,12,3,16.2,45.0,4.0,1.022723225338283
R034,T07,DR0199,Endocrinologist,1,5,20.9,52.5,4.0,1.022723225338283
R034,T07,DR0199,Endocrinologist,2,6,36.7,52.5,4.0,1.022723225338283
R034,T07,DR0199,Endocrinologist,3,4,27.7,52.5,4.0,1.022723225338283
R034,T07,DR0199,Endocrinologist,4,5,20.0,52.5,4.0,1.022723225338283
R034,T07,DR0199,Endocrinologist,5,7,51.3,52.5,4.0,1.022723225338283
R034,T07,DR0199,Endocrinologist,6,5,16.7,52.5,4.0,1.022723225338283
R034,T07,DR0199,Endocrinologist,7,4,33.4,52.5,4.0,1.022723225338283
R034,T07,DR0199,Endocrinologist,8,6,36.9,52.5,4.0,1.022723225338283
R034,T07,DR0199,Endocrinologist,9,8,24.8,52.5,4.0,1.022723225338283
R034,T07,DR0199,Endocrinologist,10,2,15.4,52.5,4.0,1.022723225338283
R034,T07,DR0199,Endocrinologist,11,5,29.1,52.5,4.0,1.022723225338283
R034,T07,DR0199,Endocrinologist,12,5,27.2,52.5,4.0,1.022723225338283
R035,T07,DR0200,Neurologist,1,6,22.0,37.5,4.0,1.022723225338283
R035,T07,DR0200,Neurologist,2,4,19.7,37.5,4.0,1.022723225338283
R035,T07,DR0200,Neurologist,3,5,28.1,37.5,4.0,1.022723225338283
R035,T07,DR0200,Neurologist,4,5,21.6,37.5,4.0,1.022723225338283
R035,T07,DR0200,Neurologist,5,3,14.7,37.5,4.0,1.022723225338283
R035,T07,DR0200,Neurologist,6,3,13.4,37.5,4.0,1.022723225338283
R035,T07,DR0200,Neurologist,7,5,21.6,37.5,4.0,1.022723225338283
R035,T07,DR0200,Neurologist,8,3,21.1,37.5,4.0,1.022723225338283
R035,T07,DR0200,Neurologist,9,3,13.5,37.5,4.0,1.022723225338283
R035,T07,DR0200,Neurologist,10,4,13.7,37.5,4.0,1.022723225338283
R035,T07,DR0200,Neurologist,11,1,6.6,37.5,4.0,1.022723225338283
R035,T07,DR0200,Neurologist,12,2,10.1,37.5,4.0,1.022723225338283
R031,T07,DR0201,GP,1,7,17.9,25.0,4.0,1.022723225338283
R031,T07,DR0201,GP,2,2,10.2,25.0,4.0,1.022723225338283
R031,T07,DR0201,GP,3,2,6.7,25.0,4.0,1.022723225338283
R031,T07,DR0201,GP,4,2,10.2,25.0,4.0,1.022723225338283
R031,T07,DR0201,GP,5,1,8.9,25.0,4.0,1.022723225338283
R031,T07,DR0201,GP,6,2,11.0,25.0,4.0,1.022723225338283
R031,T07,DR0201,GP,7,2,7.6,25.0,4.0,1.022723225338283
R031,T07,DR0201,GP,8,4,10.8,25.0,4.0,1.022723225338283
R031,T07,DR0201,GP,9,4,15.3,25.0,4.0,1.022723225338283
R031,T07,DR0201,GP,10,1,4.8,25.0,4.0,1.022723225338283
R031,T07,DR0201,GP,11,2,11.1,25.0,4.0,1.022723225338283
R031,T07,DR0201,GP,12,2,11.5,25.0,4.0,1.022723225338283
R032,T07,DR0202,Cardiologist,1,3,17.6,45.0,4.0,1.022723225338283
R032,T07,DR0202,Cardiologist,2,1,15.5,45.0,4.0,1.022723225338283
R032,T07,DR0202,Cardiologist,3,6,26.5,45.0,4.0,1.022723225338283
R032,T07,DR0202,Cardiologist,4,5,21.4,45.0,4.0,1.022723225338283
R032,T07,DR0202,Cardiologist,5,4,31.2,45.0,4.0,1.022723225338283
R032,T07,DR0202,Cardiologist,6,10,36.8,45.0,4.0,1.022723225338283
R032,T07,DR0202,Cardiologist,7,5,31.4,45.0,4.0,1.022723225338283
R032,T07,DR0202,Cardiologist,8,3,21.8,45.0,4.0,1.022723225338283
R032,T07,DR0202,Cardiologist,9,5,39.3,45.0,4.0,1.022723225338283
R032,T07,DR0202,Cardiologist,10,5,27.4,45.0,4.0,1.022723225338283
R032,T07,DR0202,Cardiologist,11,5,22.4,45.0,4.0,1.022723225338283
R032,T07,DR0202,Cardiologist,12,5,22.3,45.0,4.0,1.022723225338283
R033,T07,DR0203,Endocrinologist,1,8,36.3,52.5,4.0,1.022723225338283
R033,T07,DR0203,Endocrinologist,2,3,24.5,52.5,4.0,1.022723225338283
R033,T07,DR0203,Endocrinologist,3,6,42.1,52.5,4.0,1.022723225338283
R033,T07,DR0203,Endocrinologist,4,7,45.9,52.5,4.0,1.022723225338283
R033,T07,DR0203,Endocrinologist,5,7,50.2,52.5,4.0,1.022723225338283
R033,T07,DR0203,Endocrinologist,6,6,18.8,52.5,4.0,1.022723225338283
R033,T07,DR0203,Endocrinologist,7,6,33.3,52.5,4.0,1.022723225338283
R033,T07,DR0203,Endocrinologist,8,2,13.7,52.5,4.0,1.022723225338283
R033,T07,DR0203,Endocrinologist,9,7,41.6,52.5,4.0,1.022723225338283
R033,T07,DR0203,Endocrinologist,10,3,29.2,52.5,4.0,1.022723225338283
R033,T07,DR0203,Endocrinologist,11,6,33.9,52.5,4.0,1.022723225338283
R033,T07,DR0203,Endocrinologist,12,6,46.1,52.5,4.0,1.022723225338283
R034,T07,DR0204,Neurologist,1,7,32.8,37.5,4.0,1.022723225338283
R034,T07,DR0204,Neurologist,2,4,19.0,37.5,4.0,1.022723225338283
R034,T07,DR0204,Neurologist,3,4,27.4,37.5,4.0,1.022723225338283
R034,T07,DR0204,Neurologist,4,4,21.7,37.5,4.0,1.022723225338283
R034,T07,DR0204,Neurologist,5,4,24.7,37.5,4.0,1.022723225338283
R034,T07,DR0204,Neurologist,6,3,22.4,37.5,4.0,1.022723225338283
R034,T07,DR0204,Neurologist,7,5,14.1,37.5,4.0,1.022723225338283
R034,T07,DR0204,Neurologist,8,6,22.9,37.5,4.0,1.022723225338283
R034,T07,DR0204,Neurologist,9,4,26.6,37.5,4.0,1.022723225338283
R034,T07,DR0204,Neurologist,10,4,29.7,37.5,4.0,1.022723225338283
R034,T07,DR0204,Neurologist,11,3,17.2,37.5,4.0,1.022723225338283
R034,T07,DR0204,Neurologist,12,6,18.1,37.5,4.0,1.022723225338283
R035,T07,DR0205,GP,1,1,9.1,25.0,4.0,1.022723225338283
R035,T07,DR0205,GP,2,3,8.4,25.0,4.0,1.022723225338283
R035,T07,DR0205,GP,3,1,5.7,25.0,4.0,1.022723225338283
R035,T07,DR0205,GP,4,1,5.2,25.0,4.0,1.022723225338283
R035,T07,DR0205,GP,5,2,8.2,25.0,4.0,1.022723225338283
R035,T07,DR0205,GP,6,3,8.2,25.0,4.0,1.022723225338283
R035,T07,DR0205,GP,7,1,4.9,25.0,4.0,1.022723225338283
R035,T07,DR0205,GP,8,3,9.5,25.0,4.0,1.022723225338283
R035,T07,DR0205,GP,9,2,10.1,25.0,4.0,1.022723225338283
R035,T07,DR0205,GP,10,4,14.3,25.0,4.0,1.022723225338283
R035,T07,DR0205,GP,11,4,16.9,25.0,4.0,1.022723225338283
R035,T07,DR0205,GP,12,4,14.4,25.0,4.0,1.022723225338283
R031,T07,DR0206,Cardiologist,1,6,26.8,45.0,4.0,1.022723225338283
R031,T07,DR0206,Cardiologist,2,2,16.1,45.0,4.0,1.022723225338283
R031,T07,DR0206,Cardiologist,3,5,19.4,45.0,4.0,1.022723225338283
R031,T07,DR0206,Cardiologist,4,4,13.0,45.0,4.0,1.022723225338283
R031,T07,DR0206,Cardiologist,5,11,46.0,45.0,4.0,1.022723225338283
R031,T07,DR0206,Cardiologist,6,4,26.7,45.0,4.0,1.022723225338283
R031,T07,DR0206,Cardiologist,7,4,27.8,45.0,4.0,1.022723225338283
R031,T07,DR0206,Cardiologist,8,2,17.7,45.0,4.0,1.022723225338283
R031,T07,DR0206,Cardiologist,9,4,25.8,45.0,4.0,1.022723225338283
R031,T07,DR0206,Cardiologist,10,5,18.4,45.0,4.0,1.022723225338283
R031,T07,DR0206,Cardiologist,11,6,37.4,45.0,4.0,1.022723225338283
R031,T07,DR0206,Cardiologist,12,2,21.8,45.0,4.0,1.022723225338283
R032,T07,DR0207,Endocrinologist,1,5,27.7,52.5,4.0,1.022723225338283
R032,T07,DR0207,Endocrinologist,2,5,24.1,52.5,4.0,1.022723225338283
R032,T07,DR0207,Endocrinologist,3,7,30.0,52.5,4.0,1.022723225338283
R032,T07,DR0207,Endocrinologist,4,7,33.3,52.5,4.0,1.022723225338283
R032,T07,DR0207,Endocrinologist,5,4,24.7,52.5,4.0,1.022723225338283
R032,T07,DR0207,Endocrinologist,6,4,32.9,52.5,4.0,1.022723225338283
R032,T07,DR0207,Endocrinologist,7,3,21.3,52.5,4.0,1.022723225338283
R032,T07,DR0207,Endocrinologist,8,6,43.9,52.5,4.0,1.022723225338283
R032,T07,DR0207,Endocrinologist,9,3,28.0,52.5,4.0,1.022723225338283
R032,T07,DR0207,Endocrinologist,10,3,38.4,52.5,4.0,1.022723225338283
R032,T07,DR0207,Endocrinologist,11,3,14.3,52.5,4.0,1.022723225338283
R032,T07,DR0207,Endocrinologist,12,2,13.0,52.5,4.0,1.022723225338283
R033,T07,DR0208,Neurologist,1,6,28.7,37.5,4.0,1.022723225338283
R033,T07,DR0208,Neurologist,2,2,15.5,37.5,4.0,1.022723225338283
R033,T07,DR0208,Neurologist,3,7,21.5,37.5,4.0,1.022723225338283
R033,T07,DR0208,Neurologist,4,5,23.8,37.5,4.0,1.022723225338283
R033,T07,DR0208,Neurologist,5,2,16.2,37.5,4.0,1.022723225338283
R033,T07,DR0208,Neurologist,6,5,15.4,37.5,4.0,1.022723225338283
R033,T07,DR0208,Neurologist,7,5,15.8,37.5,4.0,1.022723225338283
R033,T07,DR0208,Neurologist,8,2,13.4,37.5,4.0,1.022723225338283
R033,T07,DR0208,Neurologist,9,5,18.7,37.5,4.0,1.022723225338283
R033,T07,DR0208,Neurologist,10,5,20.9,37.5,4.0,1.022723225338283
R033,T07,DR0208,Neurologist,11,6,17.3,37.5,4.0,1.022723225338283
R033,T07,DR0208,Neurologist,12,5,35.7,37.5,4.0,1.022723225338283
R034,T07,DR0209,GP,1,1,5.8,25.0,4.0,1.022723225338283
R034,T07,DR0209,GP,2,3,10.2,25.0,4.0,1.022723225338283
R034,T07,DR0209,GP,3,6,17.6,25.0,4.0,1.022723225338283
R034,T07,DR0209,GP,4,5,18.5,25.0,4.0,1.022723225338283
R034,T07,DR0209,GP,5,1,5.9,25.0,4.0,1.022723225338283
R034,T07,DR0209,GP,6,4,18.2,25.0,4.0,1.022723225338283
R034,T07,DR0209,GP,7,1,5.8,25.0,4.0,1.022723225338283
R034,T07,DR0209,GP,8,4,11.6,25.0,4.0,1.022723225338283
R034,T07,DR0209,GP,9,2,13.5,25.0,4.0,1.022723225338283
R034,T07,DR0209,GP,10,4,18.8,25.0,4.0,1.022723225338283
R034,T07,DR0209,GP,11,1,6.6,25.0,4.0,1.022723225338283
R034,T07,DR0209,GP,12,1,4.8,25.0,4.0,1.022723225338283
R035,T07,DR0210,Cardiologist,1,6,22.3,45.0,4.0,1.022723225338283
R035,T07,DR0210,Cardiologist,2,5,23.0,45.0,4.0,1.022723225338283
R035,T07,DR0210,Cardiologist,3,5,18.8,45.0,4.0,1.022723225338283
R035,T07,DR0210,Cardiologist,4,2,17.0,45.0,4.0,1.022723225338283
R035,T07,DR0210,Cardiologist,5,5,30.3,45.0,4.0,1.022723225338283
R035,T07,DR0210,Cardiologist,6,6,18.7,45.0,4.0,1.022723225338283
R035,T07,DR0210,Cardiologist,7,5,21.8,45.0,4.0,1.022723225338283
R035,T07,DR0210,Cardiologist,8,8,23.1,45.0,4.0,1.022723225338283
R035,T07,DR0210,Cardiologist,9,2,18.2,45.0,4.0,1.022723225338283
R035,T07,DR0210,Cardiologist,10,4,32.0,45.0,4.0,1.022723225338283
R035,T07,DR0210,Cardiologist,11,4,32.6,45.0,4.0,1.022723225338283
R035,T07,DR0210,Cardiologist,12,6,27.0,45.0,4.0,1.022723225338283
R036,T08,DR0211,GP,1,5,13.4,25.0,4.0,-2.5299407387486577
R036,T08,DR0211,GP,2,3,8.3,25.0,4.0,-2.5299407387486577
R036,T08,DR0211,GP,3,6,8.2,25.0,4.0,-2.5299407387486577
R036,T08,DR0211,GP,4,7,16.6,25.0,4.0,-2.5299407387486577
R036,T08,DR0211,GP,5,3,7.7,25.0,4.0,-2.5299407387486577
R036,T08,DR0211,GP,6,2,7.3,25.0,4.0,-2.5299407387486577
R036,T08,DR0211,GP,7,4,10.8,25.0,4.0,-2.5299407387486577
R036,T08,DR0211,GP,8,8,15.5,25.0,4.0,-2.5299407387486577
R036,T08,DR0211,GP,9,2,4.3,25.0,4.0,-2.5299407387486577
R036,T08,DR0211,GP,10,3,10.3,25.0,4.0,-2.5299407387486577
R036,T08,DR0211,GP,11,1,2.7,25.0,4.0,-2.5299407387486577
R036,T08,DR0211,GP,12,3,6.4,25.0,4.0,-2.5299407387486577
R037,T08,DR0212,Cardiologist,1,2,16.7,45.0,4.0,-2.5299407387486577
R037,T08,DR0212,Cardiologist,2,7,27.3,45.0,4.0,-2.5299407387486577
R037,T08,DR0212,Cardiologist,3,4,16.9,45.0,4.0,-2.5299407387486577
R037,T08,DR0212,Cardiologist,4,3,22.6,45.0,4.0,-2.5299407387486577
R037,T08,DR0212,Cardiologist,5,5,25.2,45.0,4.0,-2.5299407387486577
R037,T08,DR0212,Cardiologist,6,7,22.9,45.0,4.0,-2.5299407387486577
R037,T08,DR0212,Cardiologist,7,6,22.9,45.0,4.0,-2.5299407387486577
R037,T08,DR0212,Cardiologist,8,6,21.3,45.0,4.0,-2.5299407387486577
R037,T08,DR0212,Cardiologist,9,5,25.8,45.0,4.0,-2.5299407387486577
R037,T08,DR0212,Cardiologist,10,6,27.3,45.0,4.0,-2.5299407387486577
R037,T08,DR0212,Cardiologist,11,2,14.2,45.0,4.0,-2.5299407387486577
R037,T08,DR0212,Cardiologist,12,5,21.6,45.0,4.0,-2.5299407387486577
R038,T08,DR0213,Endocrinologist,1,5,22.1,52.5,4.0,-2.5299407387486577
R038,T08,DR0213,Endocrinologist,2,6,33.0,52.5,4.0,-2.5299407387486577
R038,T08,DR0213,Endocrinologist,3,8,24.7,52.5,4.0,-2.5299407387486577
R038,T08,DR0213,Endocrinologist,4,1,8.4,52.5,4.0,-2.5299407387486577
R038,T08,DR0213,Endocrinologist,5,5,16.7,52.5,4.0,-2.5299407387486577
R038,T08,DR0213,Endocrinologist,6,6,22.8,52.5,4.0,-2.5299407387486577
R038,T08,DR0213,Endocrinologist,7,8,20.6,52.5,4.0,-2.5299407387486577
R038,T08,DR0213,Endocrinologist,8,2,20.6,52.5,4.0,-2.5299407387486577
R038,T08,DR0213,Endocrinologist,9,8,27.0,52.5,4.0,-2.5299407387486577
R038,T08,DR0213,Endocrinologist,10,7,37.4,52.5,4.0,-2.5299407387486577
R038,T08,DR0213,Endocrinologist,11,6,29.7,52.5,4.0,-2.5299407387486577
R038,T08,DR0213,Endocrinologist,12,2,18.2,52.5,4.0,-2.5299407387486577
R039,T08,DR0214,Neurologist,1,2,13.4,37.5,4.0,-2.5299407387486577
R039,T08,DR0214,Neurologist,2,3,15.2,37.5,4.0,-2.5299407387486577
R039,T08,DR0214,Neurologist,3,2,13.6,37.5,4.0,-2.5299407387486577
R039,T08,DR0214,Neurologist,4,4,20.9,37.5,4.0,-2.5299407387486577
R039,T08,DR0214,Neurologist,5,7,24.7,37.5,4.0,-2.5299407387486577
R039,T08,DR0214,Neurologist,6,2,7.7,37.5,4.0,-2.5299407387486577
R039,T08,DR0214,Neurologist,7,4,12.8,37.5,4.0,-2.5299407387486577
R039,T08,DR0214,Neurologist,8,4,16.2,37.5,4.0,-2.5299407387486577
R039,T08,DR0214,Neurologist,9,3,11.4,37.5,4.0,-2.5299407387486577
R039,T08,DR0214,Neurologist,10,3,13.1,37.5,4.0,-2.5299407387486577
R039,T08,DR0214,Neurologist,11,5,17.2,37.5,4.0,-2.5299407387486577
R039,T08,DR0214,Neurologist,12,7,11.5,37.5,4.0,-2.5299407387486577
R040,T08,DR0215,GP,1,4,9.0,25.0,4.0,-2.5299407387486577
R040,T08,DR0215,GP,2,2,4.4,25.0,4.0,-2.5299407387486577
R040,T08,DR0215,GP,3,3,8.0,25.0,4.0,-2.5299407387486577
R040,T08,DR0215,GP,4,5,10.6,25.0,4.0,-2.5299407387486577
R040,T08,DR0215,GP,5,2,7.6,25.0,4.0,-2.5299407387486577
R040,T08,DR0215,GP,6,1,3.8,25.0,4.0,-2.5299407387486577
R040,T08,DR0215,GP,7,1,2.1,25.0,4.0,-2.5299407387486577
R040,T08,DR0215,GP,8,3,9.5,25.0,4.0,-2.5299407387486577
R040,T08,DR0215,GP,9,5,11.1,25.0,4.0,-2.5299407387486577
R040,T08,DR0215,GP,10,4,8.7,25.0,4.0,-2.5299407387486577
R040,T08,DR0215,GP,11,1,2.3,25.0,4.0,-2.5299407387486577
R040,T08,DR0215,GP,12,3,7.6,25.0,4.0,-2.5299407387486577
R036,T08,DR0216,Cardiologist,1,6,18.7,45.0,4.0,-2.5299407387486577
R036,T08,DR0216,Cardiologist,2,5,30.2,45.0,4.0,-2.5299407387486577
R036,T08,DR0216,Cardiologist,3,7,23.9,45.0,4.0,-2.5299407387486577
R036,T08,DR0216,Cardiologist,4,8,24.7,45.0,4.0,-2.5299407387486577
R036,T08,DR0216,Cardiologist,5,4,20.3,45.0,4.0,-2.5299407387486577
R036,T08,DR0216,Cardiologist,6,7,47.0,45.0,4.0,-2.5299407387486577
R036,T08,DR0216,Cardiologist,7,5,37.2,45.0,4.0,-2.5299407387486577
R036,T08,DR0216,Cardiologist,8,2,15.6,45.0,4.0,-2.5299407387486577
R036,T08,DR0216,Cardiologist,9,7,23.7,45.0,4.0,-2.5299407387486577
R036,T08,DR0216,Cardiologist,10,5,22.4,45.0,4.0,-2.5299407387486577
R036,T08,DR0216,Cardiologist,11,5,15.1,45.0,4.0,-2.5299407387486577
R036,T08,DR0216,Cardiologist,12,7,21.4,45.0,4.0,-2.5299407387486577
R037,T08,DR0217,Endocrinologist,1,7,22.1,52.5,4.0,-2.5299407387486577
R037,T08,DR0217,Endocrinologist,2,9,29.9,52.5,4.0,-2.5299407387486577
R037,T08,DR0217,Endocrinologist,3,6,40.7,52.5,4.0,-2.5299407387486577
R037,T08,DR0217,Endocrinologist,4,6,43.2,52.5,4.0,-2.5299407387486577
R037,T08,DR0217,Endocrinologist,5,5,32.0,52.5,4.0,-2.5299407387486577
R037,T08,DR0217,Endocrinologist,6,3,17.6,52.5,4.0,-2.5299407387486577
R037,T08,DR0217,Endocrinologist,7,8,44.3,52.5,4.0,-2.5299407387486577
R037,T08,DR0217,Endocrinologist,8,3,14.1,52.5,4.0,-2.5299407387486577
R037,T08,DR0217,Endocrinologist,9,1,6.8,52.5,4.0,-2.5299407387486577
R037,T08,DR0217,Endocrinologist,10,5,25.7,52.5,4.0,-2.5299407387486577
R037,T08,DR0217,Endocrinologist,11,7,23.7,52.5,4.0,-2.5299407387486577
R037,T08,DR0217,Endocrinologist,12,8,44.8,52.5,4.0,-2.5299407387486577
R038,T08,DR0218,Neurologist,1,2,9.8,37.5,4.0,-2.5299407387486577
R038,T08,DR0218,Neurologist,2,2,7.4,37.5,4.0,-2.5299407387486577
R038,T08,DR0218,Neurologist,3,4,17.1,37.5,4.0,-2.5299407387486577
R038,T08,DR0218,Neurologist,4,5,21.6,37.5,4.0,-2.5299407387486577
R038,T08,DR0218,Neurologist,5,1,4.6,37.5,4.0,-2.5299407387486577
R038,T08,DR0218,Neurologist,6,1,5.8,37.5,4.0,-2.5299407387486577
R038,T08,DR0218,Neurologist,7,4,16.5,37.5,4.0,-2.5299407387486577
R038,T08,DR0218,Neurologist,8,5,15.9,37.5,4.0,-2.5299407387486577
R038,T08,DR0218,Neurologist,9,4,16.0,37.5,4.0,-2.5299407387486577
R038,T08,DR0218,Neurologist,10,2,12.3,37.5,4.0,-2.5299407387486577
R038,T08,DR0218,Neurologist,11,1,3.5,37.5,4.0,-2.5299407387486577
R038,T08,DR0218,Neurologist,12,2,9.0,37.5,4.0,-2.5299407387486577
R039,T08,DR0219,GP,1,7,11.7,25.0,4.0,-2.5299407387486577
R039,T08,DR0219,GP,2,1,3.6,25.0,4.0,-2.5299407387486577
R039,T08,DR0219,GP,3,2,5.2,25.0,4.0,-2.5299407387486577
R039,T08,DR0219,GP,4,1,2.3,25.0,4.0,-2.5299407387486577
R039,T08,DR0219,GP,5,1,2.5,25.0,4.0,-2.5299407387486577
R039,T08,DR0219,GP,6,4,11.0,25.0,4.0,-2.5299407387486577
R039,T08,DR0219,GP,7,4,7.4,25.0,4.0,-2.5299407387486577
R039,T08,DR0219,GP,8,4,10.5,25.0,4.0,-2.5299407387486577
R039,T08,DR0219,GP,9,2,5.5,25.0,4.0,-2.5299407387486577
R039,T08,DR0219,GP,10,3,6.7,25.0,4.0,-2.5299407387486577
R039,T08,DR0219,GP,11,4,6.5,25.0,4.0,-2.5299407387486577
R039,T08,DR0219,GP,12,5,6.0,25.0,4.0,-2.5299407387486577
R040,T08,DR0220,Cardiologist,1,8,23.1,45.0,4.0,-2.5299407387486577
R040,T08,DR0220,Cardiologist,2,7,13.6,45.0,4.0,-2.5299407387486577
R040,T08,DR0220,Cardiologist,3,5,28.8,45.0,4.0,-2.5299407387486577
R040,T08,DR0220,Cardiologist,4,4,27.5,45.0,4.0,-2.5299407387486577
R040,T08,DR0220,Cardiologist,5,6,27.1,45.0,4.0,-2.5299407387486577
R040,T08,DR0220,Cardiologist,6,5,23.1,45.0,4.0,-2.5299407387486577
R040,T08,DR0220,Cardiologist,7,7,29.7,45.0,4.0,-2.5299407387486577
R040,T08,DR0220,Cardiologist,8,12,21.6,45.0,4.0,-2.5299407387486577
R040,T08,DR0220,Cardiologist,9,5,29.7,45.0,4.0,-2.5299407387486577
R040,T08,DR0220,Cardiologist,10,9,34.1,45.0,4.0,-2.5299407387486577
R040,T08,DR0220,Cardiologist,11,5,32.9,45.0,4.0,-2.5299407387486577
R040,T08,DR0220,Cardiologist,12,8,38.5,45.0,4.0,-2.5299407387486577
R036,T08,DR0221,Endocrinologist,1,1,7.1,52.5,4.0,-2.5299407387486577
R036,T08,DR0221,Endocrinologist,2,3,23.5,52.5,4.0,-2.5299407387486577
R036,T08,DR0221,Endocrinologist,3,8,38.7,52.5,4.0,-2.5299407387486577
R036,T08,DR0221,Endocrinologist,4,5,31.4,52.5,4.0,-2.5299407387486577
R036,T08,DR0221,Endocrinologist,5,7,40.8,52.5,4.0,-2.5299407387486577
R036,T08,DR0221,Endocrinologist,6,9,27.5,52.5,4.0,-2.5299407387486577
R036,T08,DR0221,Endocrinologist,7,4,20.9,52.5,4.0,-2.5299407387486577
R036,T08,DR0221,Endocrinologist,8,6,38.5,52.5,4.0,-2.5299407387486577
R036,T08,DR0221,Endocrinologist,9,5,26.4,52.5,4.0,-2.5299407387486577
R036,T08,DR0221,Endocrinologist,10,4,29.0,52.5,4.0,-2.5299407387486577
R036,T08,DR0221,Endocrinologist,11,5,20.5,52.5,4.0,-2.5299407387486577
R036,T08,DR0221,Endocrinologist,12,5,25.4,52.5,4.0,-2.5299407387486577
R037,T08,DR0222,Neurologist,1,4,22.7,37.5,4.0,-2.5299407387486577
R037,T08,DR0222,Neurologist,2,4,20.2,37.5,4.0,-2.5299407387486577
R037,T08,DR0222,Neurologist,3,2,19.3,37.5,4.0,-2.5299407387486577
R037,T08,DR0222,Neurologist,4,5,16.0,37.5,4.0,-2.5299407387486577
R037,T08,DR0222,Neurologist,5,3,22.8,37.5,4.0,-2.5299407387486577
R037,T08,DR0222,Neurologist,6,6,21.1,37.5,4.0,-2.5299407387486577
R037,T08,DR0222,Neurologist,7,4,24.0,37.5,4.0,-2.5299407387486577
R037,T08,DR0222,Neurologist,8,6,21.4,37.5,4.0,-2.5299407387486577
R037,T08,DR0222,Neurologist,9,1,3.7,37.5,4.0,-2.5299407387486577
R037,T08,DR0222,Neurologist,10,7,21.0,37.5,4.0,-2.5299407387486577
R037,T08,DR0222,Neurologist,11,2,6.0,37.5,4.0,-2.5299407387486577
R037,T08,DR0222,Neurologist,12,6,14.2,37.5,4.0,-2.5299407387486577
R038,T08,DR0223,GP,1,6,9.8,25.0,4.0,-2.5299407387486577
R038,T08,DR0223,GP,2,6,13.7,25.0,4.0,-2.5299407387486577
R038,T08,DR0223,GP,3,4,7.8,25.0,4.0,-2.5299407387486577
R038,T08,DR0223,GP,4,5,10.8,25.0,4.0,-2.5299407387486577
R038,T08,DR0223,GP,5,5,13.1,25.0,4.0,-2.5299407387486577
R038,T08,DR0223,GP,6,5,8.8,25.0,4.0,-2.5299407387486577
R038,T08,DR0223,GP,7,2,6.8,25.0,4.0,-2.5299407387486577
R038,T08,DR0223,GP,8,4,8.7,25.0,4.0,-2.5299407387486577
R038,T08,DR0223,GP,9,1,1.9,25.0,4.0,-2.5299407387486577
R038,T08,DR0223,GP,10,4,10.7,25.0,4.0,-2.5299407387486577
R038,T08,DR0223,GP,11,4,9.5,25.0,4.0,-2.5299407387486577
R038,T08,DR0223,GP,12,1,2.3,25.0,4.0,-2.5299407387486577
R039,T08,DR0224,Cardiologist,1,5,24.6,45.0,4.0,-2.5299407387486577
R039,T08,DR0224,Cardiologist,2,3,15.0,45.0,4.0,-2.5299407387486577
R039,T08,DR0224,Cardiologist,3,1,7.3,45.0,4.0,-2.5299407387486577
R039,T08,DR0224,Cardiologist,4,4,16.5,45.0,4.0,-2.5299407387486577
R039,T08,DR0224,Cardiologist,5,5,13.7,45.0,4.0,-2.5299407387486577
R039,T08,DR0224,Cardiologist,6,3,15.7,45.0,4.0,-2.5299407387486577
R039,T08,DR0224,Cardiologist,7,4,20.5,45.0,4.0,-2.5299407387486577
R039,T08,DR0224,Cardiologist,8,4,22.0,45.0,4.0,-2.5299407387486577
R039,T08,DR0224,Cardiologist,9,8,29.9,45.0,4.0,-2.5299407387486577
R039,T08,DR0224,Cardiologist,10,1,5.1,45.0,4.0,-2.5299407387486577
R039,T08,DR0224,Cardiologist,11,2,13.9,45.0,4.0,-2.5299407387486577
R039,T08,DR0224,Cardiologist,12,5,19.1,45.0,4.0,-2.5299407387486577
R040,T08,DR0225,Endocrinologist,1,7,35.0,52.5,4.0,-2.5299407387486577
R040,T08,DR0225,Endocrinologist,2,5,39.6,52.5,4.0,-2.5299407387486577
R040,T08,DR0225,Endocrinologist,3,8,19.1,52.5,4.0,-2.5299407387486577
R040,T08,DR0225,Endocrinologist,4,1,7.2,52.5,4.0,-2.5299407387486577
R040,T08,DR0225,Endocrinologist,5,5,30.2,52.5,4.0,-2.5299407387486577
R040,T08,DR0225,Endocrinologist,6,5,39.8,52.5,4.0,-2.5299407387486577
R040,T08,DR0225,Endocrinologist,7,6,24.1,52.5,4.0,-2.5299407387486577
R040,T08,DR0225,Endocrinologist,8,4,25.4,52.5,4.0,-2.5299407387486577
R040,T08,DR0225,Endocrinologist,9,4,26.2,52.5,4.0,-2.5299407387486577
R040,T08,DR0225,Endocrinologist,10,5,41.3,52.5,4.0,-2.5299407387486577
R040,T08,DR0225,Endocrinologist,11,8,17.6,52.5,4.0,-2.5299407387486577
R040,T08,DR0225,Endocrinologist,12,6,52.1,52.5,4.0,-2.5299407387486577
R036,T08,DR0226,Neurologist,1,5,12.2,37.5,4.0,-2.5299407387486577
R036,T08,DR0226,Neurologist,2,4,10.0,37.5,4.0,-2.5299407387486577
R036,T08,DR0226,Neurologist,3,3,12.1,37.5,4.0,-2.5299407387486577
R036,T08,DR0226,Neurologist,4,3,14.0,37.5,4.0,-2.5299407387486577
R036,T08,DR0226,Neurologist,5,3,15.9,37.5,4.0,-2.5299407387486577
R036,T08,DR0226,Neurologist,6,5,19.8,37.5,4.0,-2.5299407387486577
R036,T08,DR0226,Neurologist,7,4,18.0,37.5,4.0,-2.5299407387486577
R036,T08,DR0226,Neurologist,8,5,13.3,37.5,4.0,-2.5299407387486577
R036,T08,DR0226,Neurologist,9,3,17.5,37.5,4.0,-2.5299407387486577
R036,T08,DR0226,Neurologist,10,4,13.0,37.5,4.0,-2.5299407387486577
R036,T08,DR0226,Neurologist,11,6,14.1,37.5,4.0,-2.5299407387486577
R036,T08,DR0226,Neurologist,12,2,7.4,37.5,4.0,-2.5299407387486577
R037,T08,DR0227,GP,1,2,7.8,25.0,4.0,-2.5299407387486577
R037,T08,DR0227,GP,2,1,2.3,25.0,4.0,-2.5299407387486577
R037,T08,DR0227,GP,3,5,14.5,25.0,4.0,-2.5299407387486577
R037,T08,DR0227,GP,4,3,10.2,25.0,4.0,-2.5299407387486577
R037,T08,DR0227,GP,5,2,4.0,25.0,4.0,-2.5299407387486577
R037,T08,DR0227,GP,6,2,6.5,25.0,4.0,-2.5299407387486577
R037,T08,DR0227,GP,7,2,8.3,25.0,4.0,-2.5299407387486577
R037,T08,DR0227,GP,8,2,4.8,25.0,4.0,-2.5299407387486577
R037,T08,DR0227,GP,9,3,9.8,25.0,4.0,-2.5299407387486577
R037,T08,DR0227,GP,10,2,5.1,25.0,4.0,-2.5299407387486577
R037,T08,DR0227,GP,11,3,8.8,25.0,4.0,-2.5299407387486577
R037,T08,DR0227,GP,12,3,8.0,25.0,4.0,-2.5299407387486577
R038,T08,DR0228,Cardiologist,1,4,18.5,45.0,4.0,-2.5299407387486577
R038,T08,DR0228,Cardiologist,2,10,37.8,45.0,4.0,-2.5299407387486577
R038,T08,DR0228,Cardiologist,3,7,18.4,45.0,4.0,-2.5299407387486577
R038,T08,DR0228,Cardiologist,4,5,27.7,45.0,4.0,-2.5299407387486577
R038,T08,DR0228,Cardiologist,5,3,11.4,45.0,4.0,-2.5299407387486577
R038,T08,DR0228,Cardiologist,6,5,31.8,45.0,4.0,-2.5299407387486577
R038,T08,DR0228,Cardiologist,7,3,16.2,45.0,4.0,-2.5299407387486577
R038,T08,DR0228,Cardiologist,8,3,18.2,45.0,4.0,-2.5299407387486577
R038,T08,DR0228,Cardiologist,9,7,26.4,45.0,4.0,-2.5299407387486577
R038,T08,DR0228,Cardiologist,10,3,18.8,45.0,4.0,-2.5299407387486577
R038,T08,DR0228,Cardiologist,11,2,10.2,45.0,4.0,-2.5299407387486577
R038,T08,DR0228,Cardiologist,12,6,28.1,45.0,4.0,-2.5299407387486577
R039,T08,DR0229,Endocrinologist,1,8,22.8,52.5,4.0,-2.5299407387486577
R039,T08,DR0229,Endocrinologist,2,6,23.7,52.5,4.0,-2.5299407387486577
R039,T08,DR0229,Endocrinologist,3,1,10.7,52.5,4.0,-2.5299407387486577
R039,T08,DR0229,Endocrinologist,4,6,21.1,52.5,4.0,-2.5299407387486577
R039,T08,DR0229,Endocrinologist,5,6,37.4,52.5,4.0,-2.5299407387486577
R039,T08,DR0229,Endocrinologist,6,4,26.7,52.5,4.0,-2.5299407387486577
R039,T08,DR0229,Endocrinologist,7,3,20.6,52.5,4.0,-2.5299407387486577
R039,T08,DR0229,Endocrinologist,8,4,22.0,52.5,4.0,-2.5299407387486577
R039,T08,DR0229,Endocrinologist,9,3,13.7,52.5,4.0,-2.5299407387486577
R039,T08,DR0229,Endocrinologist,10,4,38.4,52.5,4.0,-2.5299407387486577
R039,T08,DR0229,Endocrinologist,11,7,36.6,52.5,4.0,-2.5299407387486577
R039,T08,DR0229,Endocrinologist,12,2,14.4,52.5,4.0,-2.5299407387486577
R040,T08,DR0230,Neurologist,1,6,18.3,37.5,4.0,-2.5299407387486577
R040,T08,DR0230,Neurologist,2,3,22.1,37.5,4.0,-2.5299407387486577
R040,T08,DR0230,Neurologist,3,6,21.9,37.5,4.0,-2.5299407387486577
R040,T08,DR0230,Neurologist,4,5,16.8,37.5,4.0,-2.5299407387486577
R040,T08,DR0230,Neurologist,5,2,10.6,37.5,4.0,-2.5299407387486577
R040,T08,DR0230,Neurologist,6,6,21.0,37.5,4.0,-2.5299407387486577
R040,T08,DR0230,Neurologist,7,4,20.9,37.5,4.0,-2.5299407387486577
R040,T08,DR0230,Neurologist,8,4,14.8,37.5,4.0,-2.5299407387486577
R040,T08,DR0230,Neurologist,9,2,8.4,37.5,4.0,-2.5299407387486577
R040,T08,DR0230,Neurologist,10,4,14.7,37.5,4.0,-2.5299407387486577
R040,T08,DR0230,Neurologist,11,1,4.5,37.5,4.0,-2.5299407387486577
R040,T08,DR0230,Neurologist,12,7,30.8,37.5,4.0,-2.5299407387486577
R036,T08,DR0231,GP,1,3,8.5,25.0,4.0,-2.5299407387486577
R036,T08,DR0231,GP,2,4,7.2,25.0,4.0,-2.5299407387486577
R036,T08,DR0231,GP,3,2,4.9,25.0,4.0,-2.5299407387486577
R036,T08,DR0231,GP,4,3,8.3,25.0,4.0,-2.5299407387486577
R036,T08,DR0231,GP,5,2,6.9,25.0,4.0,-2.5299407387486577
R036,T08,DR0231,GP,6,2,6.1,25.0,4.0,-2.5299407387486577
R036,T08,DR0231,GP,7,3,11.9,25.0,4.0,-2.5299407387486577
R036,T08,DR0231,GP,8,2,6.1,25.0,4.0,-2.5299407387486577
R036,T08,DR0231,GP,9,3,7.4,25.0,4.0,-2.5299407387486577
R036,T08,DR0231,GP,10,3,14.2,25.0,4.0,-2.5299407387486577
R036,T08,DR0231,GP,11,3,8.7,25.0,4.0,-2.5299407387486577
R036,T08,DR0231,GP,12,3,11.0,25.0,4.0,-2.5299407387486577
R037,T08,DR0232,Cardiologist,1,3,19.5,45.0,4.0,-2.5299407387486577
R037,T08,DR0232,Cardiologist,2,4,15.9,45.0,4.0,-2.5299407387486577
R037,T08,DR0232,Cardiologist,3,3,11.7,45.0,4.0,-2.5299407387486577
R037,T08,DR0232,Cardiologist,4,5,18.3,45.0,4.0,-2.5299407387486577
R037,T08,DR0232,Cardiologist,5,7,15.6,45.0,4.0,-2.5299407387486577
R037,T08,DR0232,Cardiologist,6,11,33.7,45.0,4.0,-2.5299407387486577
R037,T08,DR0232,Cardiologist,7,8,26.8,45.0,4.0,-2.5299407387486577
R037,T08,DR0232,Cardiologist,8,3,13.8,45.0,4.0,-2.5299407387486577
R037,T08,DR0232,Cardiologist,9,3,22.9,45.0,4.0,-2.5299407387486577
R037,T08,DR0232,Cardiologist,10,5,34.0,45.0,4.0,-2.5299407387486577
R037,T08,DR0232,Cardiologist,11,3,20.9,45.0,4.0,-2.5299407387486577
R037,T08,DR0232,Cardiologist,12,6,23.1,45.0,4.0,-2.5299407387486577
R038,T08,DR0233,Endocrinologist,1,10,41.0,52.5,4.0,-2.5299407387486577
R038,T08,DR0233,Endocrinologist,2,4,22.6,52.5,4.0,-2.5299407387486577
R038,T08,DR0233,Endocrinologist,3,10,32.5,52.5,4.0,-2.5299407387486577
R038,T08,DR0233,Endocrinologist,4,10,27.5,52.5,4.0,-2.5299407387486577
R038,T08,DR0233,Endocrinologist,5,5,29.3,52.5,4.0,-2.5299407387486577
R038,T08,DR0233,Endocrinologist,6,7,24.3,52.5,4.0,-2.5299407387486577
R038,T08,DR0233,Endocrinologist,7,7,25.8,52.5,4.0,-2.5299407387486577
R038,T08,DR0233,Endocrinologist,8,9,22.7,52.5,4.0,-2.5299407387486577
R038,T08,DR0233,Endocrinologist,9,7,31.3,52.5,4.0,-2.5299407387486577
R038,T08,DR0233,Endocrinologist,10,5,22.8,52.5,4.0,-2.5299407387486577
R038,T08,DR0233,Endocrinologist,11,7,35.9,52.5,4.0,-2.5299407387486577
R038,T08,DR0233,Endocrinologist,12,3,20.4,52.5,4.0,-2.5299407387486577
R039,T08,DR0234,Neurologist,1,4,14.6,37.5,4.0,-2.5299407387486577
R039,T08,DR0234,Neurologist,2,3,18.1,37.5,4.0,-2.5299407387486577
R039,T08,DR0234,Neurologist,3,4,19.7,37.5,4.0,-2.5299407387486577
R039,T08,DR0234,Neurologist,4,7,24.6,37.5,4.0,-2.5299407387486577
R039,T08,DR0234,Neurologist,5,7,33.6,37.5,4.0,-2.5299407387486577
R039,T08,DR0234,Neurologist,6,4,15.5,37.5,4.0,-2.5299407387486577
R039,T08,DR0234,Neurologist,7,6,14.4,37.5,4.0,-2.5299407387486577
R039,T08,DR0234,Neurologist,8,2,10.1,37.5,4.0,-2.5299407387486577
R039,T08,DR0234,Neurologist,9,1,7.0,37.5,4.0,-2.5299407387486577
R039,T08,DR0234,Neurologist,10,3,12.6,37.5,4.0,-2.5299407387486577
R039,T08,DR0234,Neurologist,11,4,11.6,37.5,4.0,-2.5299407387486577
R039,T08,DR0234,Neurologist,12,4,10.9,37.5,4.0,-2.5299407387486577
R040,T08,DR0235,GP,1,3,5.4,25.0,4.0,-2.5299407387486577
R040,T08,DR0235,GP,2,2,6.1,25.0,4.0,-2.5299407387486577
R040,T08,DR0235,GP,3,3,10.3,25.0,4.0,-2.5299407387486577
R040,T08,DR0235,GP,4,5,9.4,25.0,4.0,-2.5299407387486577
R040,T08,DR0235,GP,5,2,10.0,25.0,4.0,-2.5299407387486577
R040,T08,DR0235,GP,6,3,8.0,25.0,4.0,-2.5299407387486577
R040,T08,DR0235,GP,7,5,10.4,25.0,4.0,-2.5299407387486577
R040,T08,DR0235,GP,8,2,4.9,25.0,4.0,-2.5299407387486577
R040,T08,DR0235,GP,9,3,11.2,25.0,4.0,-2.5299407387486577
R040,T08,DR0235,GP,10,4,10.1,25.0,4.0,-2.5299407387486577
R040,T08,DR0235,GP,11,7,14.8,25.0,4.0,-2.5299407387486577
R040,T08,DR0235,GP,12,3,12.4,25.0,4.0,-2.5299407387486577
R036,T08,DR0236,Cardiologist,1,10,22.0,45.0,4.0,-2.5299407387486577
R036,T08,DR0236,Cardiologist,2,5,21.5,45.0,4.0,-2.5299407387486577
R036,T08,DR0236,Cardiologist,3,2,22.8,45.0,4.0,-2.5299407387486577
R036,T08,DR0236,Cardiologist,4,8,33.2,45.0,4.0,-2.5299407387486577
R036,T08,DR0236,Cardiologist,5,10,28.8,45.0,4.0,-2.5299407387486577
R036,T08,DR0236,Cardiologist,6,4,15.9,45.0,4.0,-2.5299407387486577
R036,T08,DR0236,Cardiologist,7,9,26.6,45.0,4.0,-2.5299407387486577
R036,T08,DR0236,Cardiologist,8,3,18.9,45.0,4.0,-2.5299407387486577
R036,T08,DR0236,Cardiologist,9,2,16.2,45.0,4.0,-2.5299407387486577
R036,T08,DR0236,Cardiologist,10,3,15.9,45.0,4.0,-2.5299407387486577
R036,T08,DR0236,Cardiologist,11,6,14.6,45.0,4.0,-2.5299407387486577
R036,T08,DR0236,Cardiologist,12,4,21.3,45.0,4.0,-2.5299407387486577
R037,T08,DR0237,Endocrinologist,1,3,27.3,52.5,4.0,-2.5299407387486577
R037,T08,DR0237,Endocrinologist,2,11,50.0,52.5,4.0,-2.5299407387486577
R037,T08,DR0237,Endocrinologist,3,6,32.9,52.5,4.0,-2.5299407387486577
R037,T08,DR0237,Endocrinologist,4,6,27.6,52.5,4.0,-2.5299407387486577
R037,T08,DR0237,Endocrinologist,5,3,18.4,52.5,4.0,-2.5299407387486577
R037,T08,DR0237,Endocrinologist,6,4,28.0,52.5,4.0,-2.5299407387486577
R037,T08,DR0237,Endocrinologist,7,5,18.7,52.5,4.0,-2.5299407387486577
R037,T08,DR0237,Endocrinologist,8,7,34.2,52.5,4.0,-2.5299407387486577
R037,T08,DR0237,Endocrinologist,9,6,33.3,52.5,4.0,-2.5299407387486577
R037,T08,DR0237,Endocrinologist,10,9,34.3,52.5,4.0,-2.5299407387486577
R037,T08,DR0237,Endocrinologist,11,5,24.9,52.5,4.0,-2.5299407387486577
R037,T08,DR0237,Endocrinologist,12,6,31.1,52.5,4.0,-2.5299407387486577
R038,T08,DR0238,Neurologist,1,4,12.2,37.5,4.0,-2.5299407387486577
R038,T08,DR0238,Neurologist,2,3,16.0,37.5,4.0,-2.5299407387486577
R038,T08,DR0238,Neurologist,3,4,16.8,37.5,4.0,-2.5299407387486577
R038,T08,DR0238,Neurologist,4,3,13.2,37.5,4.0,-2.5299407387486577
R038,T08,DR0238,Neurologist,5,3,16.3,37.5,4.0,-2.5299407387486577
R038,T08,DR0238,Neurologist,6,3,16.3,37.5,4.0,-2.5299407387486577
R038,T08,DR0238,Neurologist,7,5,15.3,37.5,4.0,-2.5299407387486577
R038,T08,DR0238,Neurologist,8,6,21.4,37.5,4.0,-2.5299407387486577
R038,T08,DR0238,Neurologist,9,6,17.2,37.5,4.0,-2.5299407387486577
R038,T08,DR0238,Neurologist,10,4,24.5,37.5,4.0,-2.5299407387486577
R038,T08,DR0238,Neurologist,11,8,26.3,37.5,4.0,-2.5299407387486577
R038,T08,DR0238,Neurologist,12,6,20.7,37.5,4.0,-2.5299407387486577
R039,T08,DR0239,GP,1,2,6.3,25.0,4.0,-2.5299407387486577
R039,T08,DR0239,GP,2,3,8.4,25.0,4.0,-2.5299407387486577
R039,T08,DR0239,GP,3,2,4.8,25.0,4.0,-2.5299407387486577
R039,T08,DR0239,GP,4,3,7.4,25.0,4.0,-2.5299407387486577
R039,T08,DR0239,GP,5,1,1.9,25.0,4.0,-2.5299407387486577
R039,T08,DR0239,GP,6,2,6.2,25.0,4.0,-2.5299407387486577
R039,T08,DR0239,GP,7,2,3.7,25.0,4.0,-2.5299407387486577
R039,T08,DR0239,GP,8,4,15.5,25.0,4.0,-2.5299407387486577
R039,T08,DR0239,GP,9,4,11.6,25.0,4.0,-2.5299407387486577
R039,T08,DR0239,GP,10,1,2.4,25.0,4.0,-2.5299407387486577
R039,T08,DR0239,GP,11,2,6.4,25.0,4.0,-2.5299407387486577
R039,T08,DR0239,GP,12,5,12.4,25.0,4.0,-2.5299407387486577
R040,T08,DR0240,Cardiologist,1,3,14.2,45.0,4.0,-2.5299407387486577
R040,T08,DR0240,Cardiologist,2,6,20.8,45.0,4.0,-2.5299407387486577
R040,T08,DR0240,Cardiologist,3,5,27.5,45.0,4.0,-2.5299407387486577
R040,T08,DR0240,Cardiologist,4,8,24.6,45.0,4.0,-2.5299407387486577
R040,T08,DR0240,Cardiologist,5,3,24.5,45.0,4.0,-2.5299407387486577
R040,T08,DR0240,Cardiologist,6,4,13.5,45.0,4.0,-2.5299407387486577
R040,T08,DR0240,Cardiologist,7,7,29.7,45.0,4.0,-2.5299407387486577
R040,T08,DR0240,Cardiologist,8,7,30.6,45.0,4.0,-2.5299407387486577
R040,T08,DR0240,Cardiologist,9,3,16.8,45.0,4.0,-2.5299407387486577
R040,T08,DR0240,Cardiologist,10,6,27.8,45.0,4.0,-2.5299407387486577
R040,T08,DR0240,Cardiologist,11,2,15.9,45.0,4.0,-2.5299407387486577
R040,T08,DR0240,Cardiologist,12,3,17.1,45.0,4.0,-2.5299407387486577
R041,T09,DR0241,GP,1,4,13.9,25.0,4.0,-0.13440926003431036
R041,T09,DR0241,GP,2,3,9.5,25.0,4.0,-0.13440926003431036
R041,T09,DR0241,GP,3,3,14.3,25.0,4.0,-0.13440926003431036
R041,T09,DR0241,GP,4,5,15.2,25.0,4.0,-0.13440926003431036
R041,T09,DR0241,GP,5,4,14.1,25.0,4.0,-0.13440926003431036
R041,T09,DR0241,GP,6,4,12.6,25.0,4.0,-0.13440926003431036
R041,T09,DR0241,GP,7,1,3.1,25.0,4.0,-0.13440926003431036
R041,T09,DR0241,GP,8,1,7.5,25.0,4.0,-0.13440926003431036
R041,T09,DR0241,GP,9,1,4.1,25.0,4.0,-0.13440926003431036
R041,T09,DR0241,GP,10,3,11.6,25.0,4.0,-0.13440926003431036
R041,T09,DR0241,GP,11,4,11.9,25.0,4.0,-0.13440926003431036
R041,T09,DR0241,GP,12,5,15.3,25.0,4.0,-0.13440926003431036
R042,T09,DR0242,Cardiologist,1,7,47.3,45.0,4.0,-0.13440926003431036
R042,T09,DR0242,Cardiologist,2,5,19.0,45.0,4.0,-0.13440926003431036
R042,T09,DR0242,Cardiologist,3,5,40.8,45.0,4.0,-0.13440926003431036
R042,T09,DR0242,Cardiologist,4,5,26.3,45.0,4.0,-0.13440926003431036
R042,T09,DR0242,Cardiologist,5,2,17.9,45.0,4.0,-0.13440926003431036
R042,T09,DR0242,Cardiologist,6,3,16.5,45.0,4.0,-0.13440926003431036
R042,T09,DR0242,Cardiologist,7,6,27.9,45.0,4.0,-0.13440926003431036
R042,T09,DR0242,Cardiologist,8,7,30.1,45.0,4.0,-0.13440926003431036
R042,T09,DR0242,Cardiologist,9,5,19.1,45.0,4.0,-0.13440926003431036
R042,T09,DR0242,Cardiologist,10,3,20.9,45.0,4.0,-0.13440926003431036
R042,T09,DR0242,Cardiologist,11,9,36.1,45.0,4.0,-0.13440926003431036
R042,T09,DR0242,Cardiologist,12,4,15.8,45.0,4.0,-0.13440926003431036
R043,T09,DR0243,Endocrinologist,1,9,17.6,52.5,4.0,-0.13440926003431036
R043,T09,DR0243,Endocrinologist,2,7,40.3,52.5,4.0,-0.13440926003431036
R043,T09,DR0243,Endocrinologist,3,3,20.7,52.5,4.0,-0.13440926003431036
R043,T09,DR0243,Endocrinologist,4,6,37.3,52.5,4.0,-0.13440926003431036
R043,T09,DR0243,Endocrinologist,5,6,44.5,52.5,4.0,-0.13440926003431036
R043,T09,DR0243,Endocrinologist,6,9,40.8,52.5,4.0,-0.13440926003431036
R043,T09,DR0243,Endocrinologist,7,4,27.1,52.5,4.0,-0.13440926003431036
R043,T09,DR0243,Endocrinologist,8,5,52.0,52.5,4.0,-0.13440926003431036
R043,T09,DR0243,Endocrinologist,9,4,38.0,52.5,4.0,-0.13440926003431036
R043,T09,DR0243,Endocrinologist,10,8,41.7,52.5,4.0,-0.13440926003431036
R043,T09,DR0243,Endocrinologist,11,7,26.5,52.5,4.0,-0.13440926003431036
R043,T09,DR0243,Endocrinologist,12,4,35.0,52.5,4.0,-0.13440926003431036
R044,T09,DR0244,Neurologist,1,7,29.4,37.5,4.0,-0.13440926003431036
R044,T09,DR0244,Neurologist,2,3,18.3,37.5,4.0,-0.13440926003431036
R044,T09,DR0244,Neurologist,3,3,24.8,37.5,4.0,-0.13440926003431036
R044,T09,DR0244,Neurologist,4,2,13.6,37.5,4.0,-0.13440926003431036
R044,T09,DR0244,Neurologist,5,1,6.3,37.5,4.0,-0.13440926003431036
R044,T09,DR0244,Neurologist,6,3,19.4,37.5,4.0,-0.13440926003431036
R044,T09,DR0244,Neurologist,7,2,9.9,37.5,4.0,-0.13440926003431036
R044,T09,DR0244,Neurologist,8,4,15.4,37.5,4.0,-0.13440926003431036
R044,T09,DR0244,Neurologist,9,9,25.3,37.5,4.0,-0.13440926003431036
R044,T09,DR0244,Neurologist,10,5,15.0,37.5,4.0,-0.13440926003431036
R044,T09,DR0244,Neurologist,11,3,13.4,37.5,4.0,-0.13440926003431036
R044,T09,DR0244,Neurologist,12,4,18.7,37.5,4.0,-0.13440926003431036
R045,T09,DR0245,GP,1,6,17.7,25.0,4.0,-0.13440926003431036
R045,T09,DR0245,GP,2,3,9.7,25.0,4.0,-0.13440926003431036
R045,T09,DR0245,GP,3,1,5.5,25.0,4.0,-0.13440926003431036
R045,T09,DR0245,GP,4,6,10.2,25.0,4.0,-0.13440926003431036
R045,T09,DR0245,GP,5,2,7.2,25.0,4.0,-0.13440926003431036
R045,T09,DR0245,GP,6,3,8.5,25.0,4.0,-0.13440926003431036
R045,T09,DR0245,GP,7,5,19.8,25.0,4.0,-0.13440926003431036
R045,T09,DR0245,GP,8,1,4.9,25.0,4.0,-0.13440926003431036
R045,T09,DR0245,GP,9,5,14.4,25.0,4.0,-0.13440926003431036
R045,T09,DR0245,GP,10,2,5.8,25.0,4.0,-0.13440926003431036
R045,T09,DR0245,GP,11,1,4.3,25.0,4.0,-0.13440926003431036
R045,T09,DR0245,GP,12,4,12.8,25.0,4.0,-0.13440926003431036
R041,T09,DR0246,Cardiologist,1,7,24.7,45.0,4.0,-0.13440926003431036
R041,T09,DR0246,Cardiologist,2,6,22.6,45.0,4.0,-0.13440926003431036
R041,T09,DR0246,Cardiologist,3,5,31.0,45.0,4.0,-0.13440926003431036
R041,T09,DR0246,Cardiologist,4,6,26.2,45.0,4.0,-0.13440926003431036
R041,T09,DR0246,Cardiologist,5,4,31.7,45.0,4.0,-0.13440926003431036
R041,T09,DR0246,Cardiologist,6,4,28.9,45.0,4.0,-0.13440926003431036
R041,T09,DR0246,Cardiologist,7,5,18.4,45.0,4.0,-0.13440926003431036
R041,T09,DR0246,Cardiologist,8,3,12.8,45.0,4.0,-0.13440926003431036
R041,T09,DR0246,Cardiologist,9,4,20.6,45.0,4.0,-0.13440926003431036
R041,T09,DR0246,Cardiologist,10,2,18.5,45.0,4.0,-0.13440926003431036
R041,T09,DR0246,Cardiologist,11,7,22.4,45.0,4.0,-0.13440926003431036
R041,T09,DR0246,Cardiologist,12,4,27.6,45.0,4.0,-0.13440926003431036
R042,T09,DR0247,Endocrinologist,1,4,30.0,52.5,4.0,-0.13440926003431036
R042,T09,DR0247,Endocrinologist,2,1,8.1,52.5,4.0,-0.13440926003431036
R042,T09,DR0247,Endocrinologist,3,9,23.5,52.5,4.0,-0.13440926003431036
R042,T09,DR0247,Endocrinologist,4,2,20.1,52.5,4.0,-0.13440926003431036
R042,T09,DR0247,Endocrinologist,5,3,18.5,52.5,4.0,-0.13440926003431036
R042,T09,DR0247,Endocrinologist,6,8,24.9,52.5,4.0,-0.13440926003431036
R042,T09,DR0247,Endocrinologist,7,7,30.4,52.5,4.0,-0.13440926003431036
R042,T09,DR0247,Endocrinologist,8,8,32.9,52.5,4.0,-0.13440926003431036
R042,T09,DR0247,Endocrinologist,9,4,18.9,52.5,4.0,-0.13440926003431036
R042,T09,DR0247,Endocrinologist,10,6,45.5,52.5,4.0,-0.13440926003431036
R042,T09,DR0247,Endocrinologist,11,9,44.8,52.5,4.0,-0.13440926003431036
R042,T09,DR0247,Endocrinologist,12,5,32.6,52.5,4.0,-0.13440926003431036
R043,T09,DR0248,Neurologist,1,1,4.9,37.5,4.0,-0.13440926003431036
R043,T09,DR0248,Neurologist,2,3,12.0,37.5,4.0,-0.13440926003431036
R043,T09,DR0248,Neurologist,3,5,25.3,37.5,4.0,-0.13440926003431036
R043,T09,DR0248,Neurologist,4,5,24.7,37.5,4.0,-0.13440926003431036
R043,T09,DR0248,Neurologist,5,7,19.5,37.5,4.0,-0.13440926003431036
R043,T09,DR0248,Neurologist,6,5,26.3,37.5,4.0,-0.13440926003431036
R043,T09,DR0248,Neurologist,7,2,9.8,37.5,4.0,-0.13440926003431036
R043,T09,DR0248,Neurologist,8,6,24.7,37.5,4.0,-0.13440926003431036
R043,T09,DR0248,Neurologist,9,3,21.2,37.5,4.0,-0.13440926003431036
R043,T09,DR0248,Neurologist,10,6,17.6,37.5,4.0,-0.13440926003431036
R043,T09,DR0248,Neurologist,11,5,11.0,37.5,4.0,-0.13440926003431036
R043,T09,DR0248,Neurologist,12,2,10.6,37.5,4.0,-0.13440926003431036
R044,T09,DR0249,GP,1,3,11.3,25.0,4.0,-0.13440926003431036
R044,T09,DR0249,GP,2,4,13.1,25.0,4.0,-0.13440926003431036
R044,T09,DR0249,GP,3,2,6.6,25.0,4.0,-0.13440926003431036
R044,T09,DR0249,GP,4,2,8.6,25.0,4.0,-0.13440926003431036
R044,T09,DR0249,GP,5,4,12.8,25.0,4.0,-0.13440926003431036
R044,T09,DR0249,GP,6,2,12.4,25.0,4.0,-0.13440926003431036
R044,T09,DR0249,GP,7,2,7.8,25.0,4.0,-0.13440926003431036
R044,T09,DR0249,GP,8,3,7.6,25.0,4.0,-0.13440926003431036
R044,T09,DR0249,GP,9,1,4.9,25.0,4.0,-0.13440926003431036
R044,T09,DR0249,GP,10,2,6.4,25.0,4.0,-0.13440926003431036
R044,T09,DR0249,GP,11,2,9.2,25.0,4.0,-0.13440926003431036
R044,T09,DR0249,GP,12,5,14.7,25.0,4.0,-0.13440926003431036
R045,T09,DR0250,Cardiologist,1,3,18.2,45.0,4.0,-0.13440926003431036
R045,T09,DR0250,Cardiologist,2,4,19.3,45.0,4.0,-0.13440926003431036
R045,T09,DR0250,Cardiologist,3,4,15.5,45.0,4.0,-0.13440926003431036
R045,T09,DR0250,Cardiologist,4,4,16.0,45.0,4.0,-0.13440926003431036
R045,T09,DR0250,Cardiologist,5,5,26.8,45.0,4.0,-0.13440926003431036
R045,T09,DR0250,Cardiologist,6,8,25.8,45.0,4.0,-0.13440926003431036
R045,T09,DR0250,Cardiologist,7,6,20.4,45.0,4.0,-0.13440926003431036
R045,T09,DR0250,Cardiologist,8,5,25.9,45.0,4.0,-0.13440926003431036
R045,T09,DR0250,Cardiologist,9,6,35.9,45.0,4.0,-0.13440926003431036
R045,T09,DR0250,Cardiologist,10,10,31.7,45.0,4.0,-0.13440926003431036
R045,T09,DR0250,Cardiologist,11,4,15.6,45.0,4.0,-0.13440926003431036
R045,T09,DR0250,Cardiologist,12,6,36.7,45.0,4.0,-0.13440926003431036
R041,T09,DR0251,Endocrinologist,1,4,21.4,52.5,4.0,-0.13440926003431036
R041,T09,DR0251,Endocrinologist,2,3,21.2,52.5,4.0,-0.13440926003431036
R041,T09,DR0251,Endocrinologist,3,4,21.5,52.5,4.0,-0.13440926003431036
R041,T09,DR0251,Endocrinologist,4,4,25.2,52.5,4.0,-0.13440926003431036
R041,T09,DR0251,Endocrinologist,5,2,14.7,52.5,4.0,-0.13440926003431036
R041,T09,DR0251,Endocrinologist,6,4,35.3,52.5,4.0,-0.13440926003431036
R041,T09,DR0251,Endocrinologist,7,1,7.8,52.5,4.0,-0.13440926003431036
R041,T09,DR0251,Endocrinologist,8,4,20.1,52.5,4.0,-0.13440926003431036
R041,T09,DR0251,Endocrinologist,9,6,26.2,52.5,4.0,-0.13440926003431036
R041,T09,DR0251,Endocrinologist,10,9,48.9,52.5,4.0,-0.13440926003431036
R041,T09,DR0251,Endocrinologist,11,7,24.5,52.5,4.0,-0.13440926003431036
R041,T09,DR0251,Endocrinologist,12,6,25.8,52.5,4.0,-0.13440926003431036
R042,T09,DR0252,Neurologist,1,6,31.8,37.5,4.0,-0.13440926003431036
R042,T09,DR0252,Neurologist,2,3,24.5,37.5,4.0,-0.13440926003431036
R042,T09,DR0252,Neurologist,3,7,27.7,37.5,4.0,-0.13440926003431036
R042,T09,DR0252,Neurologist,4,6,32.5,37.5,4.0,-0.13440926003431036
R042,T09,DR0252,Neurologist,5,6,19.2,37.5,4.0,-0.13440926003431036
R042,T09,DR0252,Neurologist,6,1,8.5,37.5,4.0,-0.13440926003431036
R042,T09,DR0252,Neurologist,7,6,19.4,37.5,4.0,-0.13440926003431036
R042,T09,DR0252,Neurologist,8,5,27.8,37.5,4.0,-0.13440926003431036
R042,T09,DR0252,Neurologist,9,3,9.7,37.5,4.0,-0.13440926003431036
R042,T09,DR0252,Neurologist,10,7,18.6,37.5,4.0,-0.13440926003431036
R042,T09,DR0252,Neurologist,11,7,13.8,37.5,4.0,-0.13440926003431036
R042,T09,DR0252,Neurologist,12,1,4.6,37.5,4.0,-0.13440926003431036
R043,T09,DR0253,GP,1,1,4.9,25.0,4.0,-0.13440926003431036
R043,T09,DR0253,GP,2,2,8.3,25.0,4.0,-0.13440926003431036
R043,T09,DR0253,GP,3,3,10.2,25.0,4.0,-0.13440926003431036
R043,T09,DR0253,GP,4,3,8.9,25.0,4.0,-0.13440926003431036
R043,T09,DR0253,GP,5,3,14.5,25.0,4.0,-0.13440926003431036
R043,T09,DR0253,GP,6,2,10.2,25.0,4.0,-0.13440926003431036
R043,T09,DR0253,GP,7,1,5.2,25.0,4.0,-0.13440926003431036
R043,T09,DR0253,GP,8,4,12.5,25.0,4.0,-0.13440926003431036
R043,T09,DR0253,GP,9,3,17.7,25.0,4.0,-0.13440926003431036
R043,T09,DR0253,GP,10,1,5.1,25.0,4.0,-0.13440926003431036
R043,T09,DR0253,GP,11,2,7.7,25.0,4.0,-0.13440926003431036
R043,T09,DR0253,GP,12,2,8.6,25.0,4.0,-0.13440926003431036
R044,T09,DR0254,Cardiologist,1,8,30.1,45.0,4.0,-0.13440926003431036
R044,T09,DR0254,Cardiologist,2,6,26.4,45.0,4.0,-0.13440926003431036
R044,T09,DR0254,Cardiologist,3,4,17.7,45.0,4.0,-0.13440926003431036
R044,T09,DR0254,Cardiologist,4,2,16.8,45.0,4.0,-0.13440926003431036
R044,T09,DR0254,Cardiologist,5,1,6.6,45.0,4.0,-0.13440926003431036
R044,T09,DR0254,Cardiologist,6,11,36.8,45.0,4.0,-0.13440926003431036
R044,T09,DR0254,Cardiologist,7,5,30.1,45.0,4.0,-0.13440926003431036
R044,T09,DR0254,Cardiologist,8,3,21.7,45.0,4.0,-0.13440926003431036
R044,T09,DR0254,Cardiologist,9,2,15.8,45.0,4.0,-0.13440926003431036
R044,T09,DR0254,Cardiologist,10,6,55.9,45.0,4.0,-0.13440926003431036
R044,T09,DR0254,Cardiologist,11,10,34.3,45.0,4.0,-0.13440926003431036
R044,T09,DR0254,Cardiologist,12,4,16.2,45.0,4.0,-0.13440926003431036
R045,T09,DR0255,Endocrinologist,1,4,29.7,52.5,4.0,-0.13440926003431036
R045,T09,DR0255,Endocrinologist,2,4,20.4,52.5,4.0,-0.13440926003431036
R045,T09,DR0255,Endocrinologist,3,7,28.5,52.5,4.0,-0.13440926003431036
R045,T09,DR0255,Endocrinologist,4,7,34.0,52.5,4.0,-0.13440926003431036
R045,T09,DR0255,Endocrinologist,5,10,34.5,52.5,4.0,-0.13440926003431036
R045,T09,DR0255,Endocrinologist,6,7,36.1,52.5,4.0,-0.13440926003431036
R045,T09,DR0255,Endocrinologist,7,5,27.5,52.5,4.0,-0.13440926003431036
R045,T09,DR0255,Endocrinologist,8,4,25.9,52.5,4.0,-0.13440926003431036
R045,T09,DR0255,Endocrinologist,9,6,30.6,52.5,4.0,-0.13440926003431036
R045,T09,DR0255,Endocrinologist,10,6,40.3,52.5,4.0,-0.13440926003431036
R045,T09,DR0255,Endocrinologist,11,6,33.9,52.5,4.0,-0.13440926003431036
R045,T09,DR0255,Endocrinologist,12,5,63.1,52.5,4.0,-0.13440926003431036
R041,T09,DR0256,Neurologist,1,5,29.2,37.5,4.0,-0.13440926003431036
R041,T09,DR0256,Neurologist,2,6,24.1,37.5,4.0,-0.13440926003431036
R041,T09,DR0256,Neurologist,3,4,18.9,37.5,4.0,-0.13440926003431036
R041,T09,DR0256,Neurologist,4,6,43.8,37.5,4.0,-0.13440926003431036
R041,T09,DR0256,Neurologist,5,3,19.2,37.5,4.0,-0.13440926003431036
R041,T09,DR0256,Neurologist,6,3,17.5,37.5,4.0,-0.13440926003431036
R041,T09,DR0256,Neurologist,7,4,21.6,37.5,4.0,-0.13440926003431036
R041,T09,DR0256,Neurologist,8,6,17.0,37.5,4.0,-0.13440926003431036
R041,T09,DR0256,Neurologist,9,6,18.3,37.5,4.0,-0.13440926003431036
R041,T09,DR0256,Neurologist,10,2,10.3,37.5,4.0,-0.13440926003431036
R041,T09,DR0256,Neurologist,11,5,30.5,37.5,4.0,-0.13440926003431036
R041,T09,DR0256,Neurologist,12,2,16.8,37.5,4.0,-0.13440926003431036
R042,T09,DR0257,GP,1,1,4.8,25.0,4.0,-0.13440926003431036
R042,T09,DR0257,GP,2,1,4.1,25.0,4.0,-0.13440926003431036
R042,T09,DR0257,GP,3,1,3.4,25.0,4.0,-0.13440926003431036
R042,T09,DR0257,GP,4,3,8.8,25.0,4.0,-0.13440926003431036
R042,T09,DR0257,GP,5,6,17.7,25.0,4.0,-0.13440926003431036
R042,T09,DR0257,GP,6,1,4.6,25.0,4.0,-0.13440926003431036
R042,T09,DR0257,GP,7,2,7.5,25.0,4.0,-0.13440926003431036
R042,T09,DR0257,GP,8,2,6.2,25.0,4.0,-0.13440926003431036
R042,T09,DR0257,GP,9,2,14.1,25.0,4.0,-0.13440926003431036
R042,T09,DR0257,GP,10,2,5.2,25.0,4.0,-0.13440926003431036
R042,T09,DR0257,GP,11,3,9.9,25.0,4.0,-0.13440926003431036
R042,T09,DR0257,GP,12,3,7.8,25.0,4.0,-0.13440926003431036
R043,T09,DR0258,Cardiologist,1,4,19.9,45.0,4.0,-0.13440926003431036
R043,T09,DR0258,Cardiologist,2,5,35.7,45.0,4.0,-0.13440926003431036
R043,T09,DR0258,Cardiologist,3,5,24.2,45.0,4.0,-0.13440926003431036
R043,T09,DR0258,Cardiologist,4,9,44.4,45.0,4.0,-0.13440926003431036
R043,T09,DR0258,Cardiologist,5,5,23.2,45.0,4.0,-0.13440926003431036
R043,T09,DR0258,Cardiologist,6,3,14.9,45.0,4.0,-0.13440926003431036
R043,T09,DR0258,Cardiologist,7,1,9.7,45.0,4.0,-0.13440926003431036
R043,T09,DR0258,Cardiologist,8,6,35.5,45.0,4.0,-0.13440926003431036
R043,T09,DR0258,Cardiologist,9,5,29.9,45.0,4.0,-0.13440926003431036
R043,T09,DR0258,Cardiologist,10,4,15.3,45.0,4.0,-0.13440926003431036
R043,T09,DR0258,Cardiologist,11,6,28.7,45.0,4.0,-0.13440926003431036
R043,T09,DR0258,Cardiologist,12,5,32.5,45.0,4.0,-0.13440926003431036
R044,T09,DR0259,Endocrinologist,1,7,35.2,52.5,4.0,-0.13440926003431036
R044,T09,DR0259,Endocrinologist,2,1,13.5,52.5,4.0,-0.13440926003431036
R044,T09,DR0259,Endocrinologist,3,4,28.6,52.5,4.0,-0.13440926003431036
R044,T09,DR0259,Endocrinologist,4,6,18.3,52.5,4.0,-0.13440926003431036
R044,T09,DR0259,Endocrinologist,5,6,42.2,52.5,4.0,-0.13440926003431036
R044,T09,DR0259,Endocrinologist,6,6,27.9,52.5,4.0,-0.13440926003431036
R044,T09,DR0259,Endocrinologist,7,9,41.8,52.5,4.0,-0.13440926003431036
R044,T09,DR0259,Endocrinologist,8,4,25.6,52.5,4.0,-0.13440926003431036
R044,T09,DR0259,Endocrinologist,9,4,29.5,52.5,4.0,-0.13440926003431036
R044,T09,DR0259,Endocrinologist,10,5,38.2,52.5,4.0,-0.13440926003431036
R044,T09,DR0259,Endocrinologist,11,10,31.5,52.5,4.0,-0.13440926003431036
R044,T09,DR0259,Endocrinologist,12,3,25.0,52.5,4.0,-0.13440926003431036
R045,T09,DR0260,Neurologist,1,2,10.4,37.5,4.0,-0.13440926003431036
R045,T09,DR0260,Neurologist,2,4,26.2,37.5,4.0,-0.13440926003431036
R045,T09,DR0260,Neurologist,3,4,21.7,37.5,4.0,-0.13440926003431036
R045,T09,DR0260,Neurologist,4,3,22.5,37.5,4.0,-0.13440926003431036
R045,T09,DR0260,Neurologist,5,3,9.4,37.5,4.0,-0.13440926003431036
R045,T09,DR0260,Neurologist,6,4,20.9,37.5,4.0,-0.13440926003431036
R045,T09,DR0260,Neurologist,7,4,21.5,37.5,4.0,-0.13440926003431036
R045,T09,DR0260,Neurologist,8,3,17.3,37.5,4.0,-0.13440926003431036
R045,T09,DR0260,Neurologist,9,3,20.1,37.5,4.0,-0.13440926003431036
R045,T09,DR0260,Neurologist,10,4,31.2,37.5,4.0,-0.13440926003431036
R045,T09,DR0260,Neurologist,11,8,33.7,37.5,4.0,-0.13440926003431036
R045,T09,DR0260,Neurologist,12,8,18.0,37.5,4.0,-0.13440926003431036
R041,T09,DR0261,GP,1,4,17.1,25.0,4.0,-0.13440926003431036
R041,T09,DR0261,GP,2,4,12.2,25.0,4.0,-0.13440926003431036
R041,T09,DR0261,GP,3,7,15.3,25.0,4.0,-0.13440926003431036
R041,T09,DR0261,GP,4,3,17.4,25.0,4.0,-0.13440926003431036
R041,T09,DR0261,GP,5,4,11.4,25.0,4.0,-0.13440926003431036
R041,T09,DR0261,GP,6,1,6.9,25.0,4.0,-0.13440926003431036
R041,T09,DR0261,GP,7,1,6.2,25.0,4.0,-0.13440926003431036
R041,T09,DR0261,GP,8,2,9.5,25.0,4.0,-0.13440926003431036
R041,T09,DR0261,GP,9,7,13.2,25.0,4.0,-0.13440926003431036
R041,T09,DR0261,GP,10,3,10.9,25.0,4.0,-0.13440926003431036
R041,T09,DR0261,GP,11,4,11.3,25.0,4.0,-0.13440926003431036
R041,T09,DR0261,GP,12,3,8.6,25.0,4.0,-0.13440926003431036
R042,T09,DR0262,Cardiologist,1,2,20.5,45.0,4.0,-0.13440926003431036
R042,T09,DR0262,Cardiologist,2,4,34.3,45.0,4.0,-0.13440926003431036
R042,T09,DR0262,Cardiologist,3,7,39.0,45.0,4.0,-0.13440926003431036
R042,T09,DR0262,Cardiologist,4,4,26.4,45.0,4.0,-0.13440926003431036
R042,T09,DR0262,Cardiologist,5,3,22.9,45.0,4.0,-0.13440926003431036
R042,T09,DR0262,Cardiologist,6,5,22.5,45.0,4.0,-0.13440926003431036
R042,T09,DR0262,Cardiologist,7,5,30.4,45.0,4.0,-0.13440926003431036
R042,T09,DR0262,Cardiologist,8,7,31.8,45.0,4.0,-0.13440926003431036
R042,T09,DR0262,Cardiologist,9,7,24.0,45.0,4.0,-0.13440926003431036
R042,T09,DR0262,Cardiologist,10,6,30.9,45.0,4.0,-0.13440926003431036
R042,T09,DR0262,Cardiologist,11,5,20.8,45.0,4.0,-0.13440926003431036
R042,T09,DR0262,Cardiologist,12,6,17.0,45.0,4.0,-0.13440926003431036
R043,T09,DR0263,Endocrinologist,1,4,27.0,52.5,4.0,-0.13440926003431036
R043,T09,DR0263,Endocrinologist,2,6,30.4,52.5,4.0,-0.13440926003431036
R043,T09,DR0263,Endocrinologist,3,7,30.2,52.5,4.0,-0.13440926003431036
R043,T09,DR0263,Endocrinologist,4,5,35.4,52.5,4.0,-0.13440926003431036
R043,T09,DR0263,Endocrinologist,5,7,47.3,52.5,4.0,-0.13440926003431036
R043,T09,DR0263,Endocrinologist,6,4,30.3,52.5,4.0,-0.13440926003431036
R043,T09,DR0263,Endocrinologist,7,4,23.9,52.5,4.0,-0.13440926003431036
R043,T09,DR0263,Endocrinologist,8,3,20.8,52.5,4.0,-0.13440926003431036
R043,T09,DR0263,Endocrinologist,9,5,26.0,52.5,4.0,-0.13440926003431036
R043,T09,DR0263,Endocrinologist,10,5,17.2,52.5,4.0,-0.13440926003431036
R043,T09,DR0263,Endocrinologist,11,5,27.1,52.5,4.0,-0.13440926003431036
R043,T09,DR0263,Endocrinologist,12,1,15.4,52.5,4.0,-0.13440926003431036
R044,T09,DR0264,Neurologist,1,6,25.6,37.5,4.0,-0.13440926003431036
R044,T09,DR0264,Neurologist,2,4,16.5,37.5,4.0,-0.13440926003431036
R044,T09,DR0264,Neurologist,3,2,7.8,37.5,4.0,-0.13440926003431036
R044,T09,DR0264,Neurologist,4,3,19.7,37.5,4.0,-0.13440926003431036
R044,T09,DR0264,Neurologist,5,5,19.0,37.5,4.0,-0.13440926003431036
R044,T09,DR0264,Neurologist,6,4,37.2,37.5,4.0,-0.13440926003431036
R044,T09,DR0264,Neurologist,7,3,18.8,37.5,4.0,-0.13440926003431036
R044,T09,DR0264,Neurologist,8,5,14.1,37.5,4.0,-0.13440926003431036
R044,T09,DR0264,Neurologist,9,5,21.4,37.5,4.0,-0.13440926003431036
R044,T09,DR0264,Neurologist,10,2,11.8,37.5,4.0,-0.13440926003431036
R044,T09,DR0264,Neurologist,11,1,7.8,37.5,4.0,-0.13440926003431036
R044,T09,DR0264,Neurologist,12,4,16.6,37.5,4.0,-0.13440926003431036
R045,T09,DR0265,GP,1,7,15.3,25.0,4.0,-0.13440926003431036
R045,T09,DR0265,GP,2,3,11.6,25.0,4.0,-0.13440926003431036
R045,T09,DR0265,GP,3,3,14.0,25.0,4.0,-0.13440926003431036
R045,T09,DR0265,GP,4,5,17.4,25.0,4.0,-0.13440926003431036
R045,T09,DR0265,GP,5,5,13.1,25.0,4.0,-0.13440926003431036
R045,T09,DR0265,GP,6,2,11.6,25.0,4.0,-0.13440926003431036
R045,T09,DR0265,GP,7,5,16.2,25.0,4.0,-0.13440926003431036
R045,T09,DR0265,GP,8,2,7.2,25.0,4.0,-0.13440926003431036
R045,T09,DR0265,GP,9,2,7.4,25.0,4.0,-0.13440926003431036
R045,T09,DR0265,GP,10,6,18.5,25.0,4.0,-0.13440926003431036
R045,T09,DR0265,GP,11,1,4.3,25.0,4.0,-0.13440926003431036
R045,T09,DR0265,GP,12,6,14.1,25.0,4.0,-0.13440926003431036
R041,T09,DR0266,Cardiologist,1,8,35.7,45.0,4.0,-0.13440926003431036
R041,T09,DR0266,Cardiologist,2,9,28.1,45.0,4.0,-0.13440926003431036
R041,T09,DR0266,Cardiologist,3,3,20.3,45.0,4.0,-0.13440926003431036
R041,T09,DR0266,Cardiologist,4,4,24.4,45.0,4.0,-0.13440926003431036
R041,T09,DR0266,Cardiologist,5,1,8.9,45.0,4.0,-0.13440926003431036
R041,T09,DR0266,Cardiologist,6,5,29.7,45.0,4.0,-0.13440926003431036
R041,T09,DR0266,Cardiologist,7,4,30.0,45.0,4.0,-0.13440926003431036
R041,T09,DR0266,Cardiologist,8,2,11.6,45.0,4.0,-0.13440926003431036
R041,T09,DR0266,Cardiologist,9,3,15.9,45.0,4.0,-0.13440926003431036
R041,T09,DR0266,Cardiologist,10,4,23.5,45.0,4.0,-0.13440926003431036
R041,T09,DR0266,Cardiologist,11,8,36.8,45.0,4.0,-0.13440926003431036
R041,T09,DR0266,Cardiologist,12,6,14.2,45.0,4.0,-0.13440926003431036
R042,T09,DR0267,Endocrinologist,1,6,28.9,52.5,4.0,-0.13440926003431036
R042,T09,DR0267,Endocrinologist,2,8,33.1,52.5,4.0,-0.13440926003431036
R042,T09,DR0267,Endocrinologist,3,9,23.8,52.5,4.0,-0.13440926003431036
R042,T09,DR0267,Endocrinologist,4,4,29.0,52.5,4.0,-0.13440926003431036
R042,T09,DR0267,Endocrinologist,5,5,37.7,52.5,4.0,-0.13440926003431036
R042,T09,DR0267,Endocrinologist,6,6,20.2,52.5,4.0,-0.13440926003431036
R042,T09,DR0267,Endocrinologist,7,1,9.0,52.5,4.0,-0.13440926003431036
R042,T09,DR0267,Endocrinologist,8,4,36.5,52.5,4.0,-0.13440926003431036
R042,T09,DR0267,Endocrinologist,9,5,35.3,52.5,4.0,-0.13440926003431036
R042,T09,DR0267,Endocrinologist,10,4,21.9,52.5,4.0,-0.13440926003431036
R042,T09,DR0267,Endocrinologist,11,7,29.8,52.5,4.0,-0.13440926003431036
R042,T09,DR0267,Endocrinologist,12,5,25.6,52.5,4.0,-0.13440926003431036
R043,T09,DR0268,Neurologist,1,5,23.9,37.5,4.0,-0.13440926003431036
R043,T09,DR0268,Neurologist,2,2,9.7,37.5,4.0,-0.13440926003431036
R043,T09,DR0268,Neurologist,3,1,8.5,37.5,4.0,-0.13440926003431036
R043,T09,DR0268,Neurologist,4,5,30.8,37.5,4.0,-0.13440926003431036
R043,T09,DR0268,Neurologist,5,6,19.5,37.5,4.0,-0.13440926003431036
R043,T09,DR0268,Neurologist,6,8,24.2,37.5,4.0,-0.13440926003431036
R043,T09,DR0268,Neurologist,7,8,26.9,37.5,4.0,-0.13440926003431036
R043,T09,DR0268,Neurologist,8,5,19.7,37.5,4.0,-0.13440926003431036
R043,T09,DR0268,Neurologist,9,5,15.7,37.5,4.0,-0.13440926003431036
R043,T09,DR0268,Neurologist,10,8,22.6,37.5,4.0,-0.13440926003431036
R043,T09,DR0268,Neurologist,11,3,18.8,37.5,4.0,-0.13440926003431036
R043,T09,DR0268,Neurologist,12,3,14.7,37.5,4.0,-0.13440926003431036
R044,T09,DR0269,GP,1,7,23.2,25.0,4.0,-0.13440926003431036
R044,T09,DR0269,GP,2,5,16.1,25.0,4.0,-0.13440926003431036
R044,T09,DR0269,GP,3,2,10.2,25.0,4.0,-0.13440926003431036
R044,T09,DR0269,GP,4,4,12.0,25.0,4.0,-0.13440926003431036
R044,T09,DR0269,GP,5,2,6.0,25.0,4.0,-0.13440926003431036
R044,T09,DR0269,GP,6,3,8.1,25.0,4.0,-0.13440926003431036
R044,T09,DR0269,GP,7,2,11.0,25.0,4.0,-0.13440926003431036
R044,T09,DR0269,GP,8,3,8.7,25.0,4.0,-0.13440926003431036
R044,T09,DR0269,GP,9,4,17.3,25.0,4.0,-0.13440926003431036
R044,T09,DR0269,GP,10,3,11.4,25.0,4.0,-0.13440926003431036
R044,T09,DR0269,GP,11,4,16.4,25.0,4.0,-0.13440926003431036
R044,T09,DR0269,GP,12,4,15.9,25.0,4.0,-0.13440926003431036
R045,T09,DR0270,Cardiologist,1,6,37.4,45.0,4.0,-0.13440926003431036
R045,T09,DR0270,Cardiologist,2,5,26.6,45.0,4.0,-0.13440926003431036
R045,T09,DR0270,Cardiologist,3,5,27.9,45.0,4.0,-0.13440926003431036
R045,T09,DR0270,Cardiologist,4,8,18.6,45.0,4.0,-0.13440926003431036
R045,T09,DR0270,Cardiologist,5,3,24.6,45.0,4.0,-0.13440926003431036
R045,T09,DR0270,Cardiologist,6,2,12.6,45.0,4.0,-0.13440926003431036
R045,T09,DR0270,Cardiologist,7,3,21.9,45.0,4.0,-0.13440926003431036
R045,T09,DR0270,Cardiologist,8,2,17.7,45.0,4.0,-0.13440926003431036
R045,T09,DR0270,Cardiologist,9,9,34.5,45.0,4.0,-0.13440926003431036
R045,T09,DR0270,Cardiologist,10,1,9.7,45.0,4.0,-0.13440926003431036
R045,T09,DR0270,Cardiologist,11,4,29.2,45.0,4.0,-0.13440926003431036
R045,T09,DR0270,Cardiologist,12,5,40.3,45.0,4.0,-0.13440926003431036
R046,T10,DR0271,GP,1,6,9.5,25.0,4.0,-6.82435142058864
R046,T10,DR0271,GP,2,1,1.4,25.0,4.0,-6.82435142058864
R046,T10,DR0271,GP,3,5,5.8,25.0,4.0,-6.82435142058864
R046,T10,DR0271,GP,4,2,1.4,25.0,4.0,-6.82435142058864
R046,T10,DR0271,GP,5,6,11.5,25.0,4.0,-6.82435142058864
R046,T10,DR0271,GP,6,2,1.9,25.0,4.0,-6.82435142058864
R046,T10,DR0271,GP,7,5,9.0,25.0,4.0,-6.82435142058864
R046,T10,DR0271,GP,8,2,1.1,25.0,4.0,-6.82435142058864
R046,T10,DR0271,GP,9,6,8.3,25.0,4.0,-6.82435142058864
R046,T10,DR0271,GP,10,1,1.5,25.0,4.0,-6.82435142058864
R046,T10,DR0271,GP,11,1,1.1,25.0,4.0,-6.82435142058864
R046,T10,DR0271,GP,12,5,6.4,25.0,4.0,-6.82435142058864
R047,T10,DR0272,Cardiologist,1,4,15.3,45.0,4.0,-6.82435142058864
R047,T10,DR0272,Cardiologist,2,6,19.0,45.0,4.0,-6.82435142058864
R047,T10,DR0272,Cardiologist,3,11,35.3,45.0,4.0,-6.82435142058864
R047,T10,DR0272,Cardiologist,4,5,19.2,45.0,4.0,-6.82435142058864
R047,T10,DR0272,Cardiologist,5,2,5.4,45.0,4.0,-6.82435142058864
R047,T10,DR0272,Cardiologist,6,1,2.0,45.0,4.0,-6.82435142058864
R047,T10,DR0272,Cardiologist,7,9,25.3,45.0,4.0,-6.82435142058864
R047,T10,DR0272,Cardiologist,8,6,21.0,45.0,4.0,-6.82435142058864
R047,T10,DR0272,Cardiologist,9,3,16.2,45.0,4.0,-6.82435142058864
R047,T10,DR0272,Cardiologist,10,5,21.2,45.0,4.0,-6.82435142058864
R047,T10,DR0272,Cardiologist,11,4,14.5,45.0,4.0,-6.82435142058864
R047,T10,DR0272,Cardiologist,12,5,29.4,45.0,4.0,-6.82435142058864
R048,T10,DR0273,Endocrinologist,1,8,21.8,52.5,4.0,-6.82435142058864
R048,T10,DR0273,Endocrinologist,2,8,18.1,52.5,4.0,-6.82435142058864
R048,T10,DR0273,Endocrinologist,3,6,17.9,52.5,4.0,-6.82435142058864
R048,T10,DR0273,Endocrinologist,4,3,10.0,52.5,4.0,-6.82435142058864
R048,T10,DR0273,Endocrinologist,5,6,19.3,52.5,4.0,-6.82435142058864
R048,T10,DR0273,Endocrinologist,6,11,40.1,52.5,4.0,-6.82435142058864
R048,T10,DR0273,Endocrinologist,7,8,29.8,52.5,4.0,-6.82435142058864
R048,T10,DR0273,Endocrinologist,8,8,17.1,52.5,4.0,-6.82435142058864
R048,T10,DR0273,Endocrinologist,9,6,24.3,52.5,4.0,-6.82435142058864
R048,T10,DR0273,Endocrinologist,10,6,26.7,52.5,4.0,-6.82435142058864
R048,T10,DR0273,Endocrinologist,11,3,11.9,52.5,4.0,-6.82435142058864
R048,T10,DR0273,Endocrinologist,12,3,14.3,52.5,4.0,-6.82435142058864
R049,T10,DR0274,Neurologist,1,4,8.2,37.5,4.0,-6.82435142058864
R049,T10,DR0274,Neurologist,2,6,14.0,37.5,4.0,-6.82435142058864
R049,T10,DR0274,Neurologist,3,2,9.6,37.5,4.0,-6.82435142058864
R049,T10,DR0274,Neurologist,4,4,14.3,37.5,4.0,-6.82435142058864
R049,T10,DR0274,Neurologist,5,6,15.3,37.5,4.0,-6.82435142058864
R049,T10,DR0274,Neurologist,6,3,10.0,37.5,4.0,-6.82435142058864
R049,T10,DR0274,Neurologist,7,4,9.7,37.5,4.0,-6.82435142058864
R049,T10,DR0274,Neurologist,8,5,15.8,37.5,4.0,-6.82435142058864
R049,T10,DR0274,Neurologist,9,2,7.4,37.5,4.0,-6.82435142058864
R049,T10,DR0274,Neurologist,10,6,17.6,37.5,4.0,-6.82435142058864
R049,T10,DR0274,Neurologist,11,8,25.6,37.5,4.0,-6.82435142058864
R049,T10,DR0274,Neurologist,12,7,22.1,37.5,4.0,-6.82435142058864
R050,T10,DR0275,GP,1,4,6.2,25.0,4.0,-6.82435142058864
R050,T10,DR0275,GP,2,1,1.4,25.0,4.0,-6.82435142058864
R050,T10,DR0275,GP,3,4,8.9,25.0,4.0,-6.82435142058864
R050,T10,DR0275,GP,4,3,3.6,25.0,4.0,-6.82435142058864
R050,T10,DR0275,GP,5,6,13.8,25.0,4.0,-6.82435142058864
R050,T10,DR0275,GP,6,6,9.0,25.0,4.0,-6.82435142058864
R050,T10,DR0275,GP,7,3,5.7,25.0,4.0,-6.82435142058864
R050,T10,DR0275,GP,8,3,4.2,25.0,4.0,-6.82435142058864
R050,T10,DR0275,GP,9,5,6.4,25.0,4.0,-6.82435142058864
R050,T10,DR0275,GP,10,3,4.7,25.0,4.0,-6.82435142058864
R050,T10,DR0275,GP,11,6,9.6,25.0,4.0,-6.82435142058864
R050,T10,DR0275,GP,12,3,3.3,25.0,4.0,-6.82435142058864
R046,T10,DR0276,Cardiologist,1,7,13.0,45.0,4.0,-6.82435142058864
R046,T10,DR0276,Cardiologist,2,5,12.6,45.0,4.0,-6.82435142058864
R046,T10,DR0276,Cardiologist,3,6,20.7,45.0,4.0,-6.82435142058864
R046,T10,DR0276,Cardiologist,4,4,18.1,45.0,4.0,-6.82435142058864
R046,T10,DR0276,Cardiologist,5,3,8.2,45.0,4.0,-6.82435142058864
R046,T10,DR0276,Cardiologist,6,5,26.0,45.0,4.0,-6.82435142058864
R046,T10,DR0276,Cardiologist,7,3,11.8,45.0,4.0,-6.82435142058864
R046,T10,DR0276,Cardiologist,8,4,13.2,45.0,4.0,-6.82435142058864
R046,T10,DR0276,Cardiologist,9,2,7.3,45.0,4.0,-6.82435142058864
R046,T10,DR0276,Cardiologist,10,7,20.1,45.0,4.0,-6.82435142058864
R046,T10,DR0276,Cardiologist,11,8,16.6,45.0,4.0,-6.82435142058864
R046,T10,DR0276,Cardiologist,12,5,21.6,45.0,4.0,-6.82435142058864
R047,T10,DR0277,Endocrinologist,1,5,19.2,52.5,4.0,-6.82435142058864
R047,T10,DR0277,Endocrinologist,2,6,20.7,52.5,4.0,-6.82435142058864
R047,T10,DR0277,Endocrinologist,3,2,9.9,52.5,4.0,-6.82435142058864
R047,T10,DR0277,Endocrinologist,4,6,21.0,52.5,4.0,-6.82435142058864
R047,T10,DR0277,Endocrinologist,5,7,39.4,52.5,4.0,-6.82435142058864
R047,T10,DR0277,Endocrinologist,6,6,41.9,52.5,4.0,-6.82435142058864
R047,T10,DR0277,Endocrinologist,7,2,12.5,52.5,4.0,-6.82435142058864
R047,T10,DR0277,Endocrinologist,8,7,22.4,52.5,4.0,-6.82435142058864
R047,T10,DR0277,Endocrinologist,9,3,19.3,52.5,4.0,-6.82435142058864
R047,T10,DR0277,Endocrinologist,10,8,33.3,52.5,4.0,-6.82435142058864
R047,T10,DR0277,Endocrinologist,11,2,13.1,52.5,4.0,-6.82435142058864
R047,T10,DR0277,Endocrinologist,12,3,14.6,52.5,4.0,-6.82435142058864
R048,T10,DR0278,Neurologist,1,7,14.1,37.5,4.0,-6.82435142058864
R048,T10,DR0278,Neurologist,2,4,12.1,37.5,4.0,-6.82435142058864
R048,T10,DR0278,Neurologist,3,1,1.0,37.5,4.0,-6.82435142058864
R048,T10,DR0278,Neurologist,4,6,13.6,37.5,4.0,-6.82435142058864
R048,T10,DR0278,Neurologist,5,2,5.6,37.5,4.0,-6.82435142058864
R048,T10,DR0278,Neurologist,6,5,13.2,37.5,4.0,-6.82435142058864
R048,T10,DR0278,Neurologist,7,3,9.1,37.5,4.0,-6.82435142058864
R048,T10,DR0278,Neurologist,8,1,1.5,37.5,4.0,-6.82435142058864
R048,T10,DR0278,Neurologist,9,2,4.8,37.5,4.0,-6.82435142058864
R048,T10,DR0278,Neurologist,10,5,16.1,37.5,4.0,-6.82435142058864
R048,T10,DR0278,Neurologist,11,4,13.1,37.5,4.0,-6.82435142058864
R048,T10,DR0278,Neurologist,12,4,9.0,37.5,4.0,-6.82435142058864
R049,T10,DR0279,GP,1,2,1.8,25.0,4.0,-6.82435142058864
R049,T10,DR0279,GP,2,3,5.9,25.0,4.0,-6.82435142058864
R049,T10,DR0279,GP,3,2,1.2,25.0,4.0,-6.82435142058864
R049,T10,DR0279,GP,4,3,4.4,25.0,4.0,-6.82435142058864
R049,T10,DR0279,GP,5,4,4.9,25.0,4.0,-6.82435142058864
R049,T10,DR0279,GP,6,5,6.3,25.0,4.0,-6.82435142058864
R049,T10,DR0279,GP,7,3,3.5,25.0,4.0,-6.82435142058864
R049,T10,DR0279,GP,8,2,1.8,25.0,4.0,-6.82435142058864
R049,T10,DR0279,GP,9,3,2.9,25.0,4.0,-6.82435142058864
R049,T10,DR0279,GP,10,1,1.1,25.0,4.0,-6.82435142058864
R049,T10,DR0279,GP,11,5,5.6,25.0,4.0,-6.82435142058864
R049,T10,DR0279,GP,12,4,9.9,25.0,4.0,-6.82435142058864
R050,T10,DR0280,Cardiologist,1,8,19.6,45.0,4.0,-6.82435142058864
R050,T10,DR0280,Cardiologist,2,6,24.1,45.0,4.0,-6.82435142058864
R050,T10,DR0280,Cardiologist,3,9,29.9,45.0,4.0,-6.82435142058864
R050,T10,DR0280,Cardiologist,4,6,35.6,45.0,4.0,-6.82435142058864
R050,T10,DR0280,Cardiologist,5,3,12.1,45.0,4.0,-6.82435142058864
R050,T10,DR0280,Cardiologist,6,2,7.4,45.0,4.0,-6.82435142058864
R050,T10,DR0280,Cardiologist,7,9,28.3,45.0,4.0,-6.82435142058864
R050,T10,DR0280,Cardiologist,8,5,25.1,45.0,4.0,-6.82435142058864
R050,T10,DR0280,Cardiologist,9,6,25.2,45.0,4.0,-6.82435142058864
R050,T10,DR0280,Cardiologist,10,5,20.7,45.0,4.0,-6.82435142058864
R050,T10,DR0280,Cardiologist,11,2,7.1,45.0,4.0,-6.82435142058864
R050,T10,DR0280,Cardiologist,12,5,17.2,45.0,4.0,-6.82435142058864
R046,T10,DR0281,Endocrinologist,1,6,22.2,52.5,4.0,-6.82435142058864
R046,T10,DR0281,Endocrinologist,2,11,47.5,52.5,4.0,-6.82435142058864
R046,T10,DR0281,Endocrinologist,3,5,17.0,52.5,4.0,-6.82435142058864
R046,T10,DR0281,Endocrinologist,4,5,14.0,52.5,4.0,-6.82435142058864
R046,T10,DR0281,Endocrinologist,5,2,9.8,52.5,4.0,-6.82435142058864
R046,T10,DR0281,Endocrinologist,6,6,28.7,52.5,4.0,-6.82435142058864
R046,T10,DR0281,Endocrinologist,7,8,30.6,52.5,4.0,-6.82435142058864
R046,T10,DR0281,Endocrinologist,8,7,26.8,52.5,4.0,-6.82435142058864
R046,T10,DR0281,Endocrinologist,9,6,28.5,52.5,4.0,-6.82435142058864
R046,T10,DR0281,Endocrinologist,10,7,22.5,52.5,4.0,-6.82435142058864
R046,T10,DR0281,Endocrinologist,11,5,14.2,52.5,4.0,-6.82435142058864
R046,T10,DR0281,Endocrinologist,12,7,17.2,52.5,4.0,-6.82435142058864
R047,T10,DR0282,Neurologist,1,7,14.1,37.5,4.0,-6.82435142058864
R047,T10,DR0282,Neurologist,2,10,15.2,37.5,4.0,-6.82435142058864
R047,T10,DR0282,Neurologist,3,7,14.5,37.5,4.0,-6.82435142058864
R047,T10,DR0282,Neurologist,4,2,5.1,37.5,4.0,-6.82435142058864
R047,T10,DR0282,Neurologist,5,2,3.6,37.5,4.0,-6.82435142058864
R047,T10,DR0282,Neurologist,6,1,1.5,37.5,4.0,-6.82435142058864
R047,T10,DR0282,Neurologist,7,3,8.0,37.5,4.0,-6.82435142058864
R047,T10,DR0282,Neurologist,8,3,10.1,37.5,4.0,-6.82435142058864
R047,T10,DR0282,Neurologist,9,3,10.5,37.5,4.0,-6.82435142058864
R047,T10,DR0282,Neurologist,10,3,6.2,37.5,4.0,-6.82435142058864
R047,T10,DR0282,Neurologist,11,6,15.0,37.5,4.0,-6.82435142058864
R047,T10,DR0282,Neurologist,12,4,17.5,37.5,4.0,-6.82435142058864
R048,T10,DR0283,GP,1,3,4.6,25.0,4.0,-6.82435142058864
R048,T10,DR0283,GP,2,1,1.1,25.0,4.0,-6.82435142058864
R048,T10,DR0283,GP,3,2,1.4,25.0,4.0,-6.82435142058864
R048,T10,DR0283,GP,4,3,4.6,25.0,4.0,-6.82435142058864
R048,T10,DR0283,GP,5,4,6.4,25.0,4.0,-6.82435142058864
R048,T10,DR0283,GP,6,5,8.2,25.0,4.0,-6.82435142058864
R048,T10,DR0283,GP,7,2,1.4,25.0,4.0,-6.82435142058864
R048,T10,DR0283,GP,8,1,1.2,25.0,4.0,-6.82435142058864
R048,T10,DR0283,GP,9,3,3.1,25.0,4.0,-6.82435142058864
R048,T10,DR0283,GP,10,6,6.4,25.0,4.0,-6.82435142058864
R048,T10,DR0283,GP,11,3,3.6,25.0,4.0,-6.82435142058864
R048,T10,DR0283,GP,12,3,3.7,25.0,4.0,-6.82435142058864
R049,T10,DR0284,Cardiologist,1,3,18.2,45.0,4.0,-6.82435142058864
R049,T10,DR0284,Cardiologist,2,6,24.3,45.0,4.0,-6.82435142058864
R049,T10,DR0284,Cardiologist,3,2,9.1,45.0,4.0,-6.82435142058864
R049,T10,DR0284,Cardiologist,4,7,26.4,45.0,4.0,-6.82435142058864
R049,T10,DR0284,Cardiologist,5,5,18.8,45.0,4.0,-6.82435142058864
R049,T10,DR0284,Cardiologist,6,4,23.5,45.0,4.0,-6.82435142058864
R049,T10,DR0284,Cardiologist,7,7,26.5,45.0,4.0,-6.82435142058864
R049,T10,DR0284,Cardiologist,8,7,28.2,45.0,4.0,-6.82435142058864
R049,T10,DR0284,Cardiologist,9,6,34.8,45.0,4.0,-6.82435142058864
R049,T10,DR0284,Cardiologist,10,9,26.3,45.0,4.0,-6.82435142058864
R049,T10,DR0284,Cardiologist,11,7,20.8,45.0,4.0,-6.82435142058864
R049,T10,DR0284,Cardiologist,12,9,25.8,45.0,4.0,-6.82435142058864
R050,T10,DR0285,Endocrinologist,1,3,13.1,52.5,4.0,-6.82435142058864
R050,T10,DR0285,Endocrinologist,2,1,4.1,52.5,4.0,-6.82435142058864
R050,T10,DR0285,Endocrinologist,3,9,31.3,52.5,4.0,-6.82435142058864
R050,T10,DR0285,Endocrinologist,4,8,32.5,52.5,4.0,-6.82435142058864
R050,T10,DR0285,Endocrinologist,5,7,33.6,52.5,4.0,-6.82435142058864
R050,T10,DR0285,Endocrinologist,6,2,14.1,52.5,4.0,-6.82435142058864
R050,T10,DR0285,Endocrinologist,7,9,26.2,52.5,4.0,-6.82435142058864
R050,T10,DR0285,Endocrinologist,8,9,20.8,52.5,4.0,-6.82435142058864
R050,T10,DR0285,Endocrinologist,9,6,38.7,52.5,4.0,-6.82435142058864
R050,T10,DR0285,Endocrinologist,10,6,31.9,52.5,4.0,-6.82435142058864
R050,T10,DR0285,Endocrinologist,11,4,14.8,52.5,4.0,-6.82435142058864
R050,T10,DR0285,Endocrinologist,12,3,17.3,52.5,4.0,-6.82435142058864
R046,T10,DR0286,Neurologist,1,1,1.5,37.5,4.0,-6.82435142058864
R046,T10,DR0286,Neurologist,2,3,9.7,37.5,4.0,-6.82435142058864
R046,T10,DR0286,Neurologist,3,9,12.1,37.5,4.0,-6.82435142058864
R046,T10,DR0286,Neurologist,4,2,3.5,37.5,4.0,-6.82435142058864
R046,T10,DR0286,Neurologist,5,4,15.8,37.5,4.0,-6.82435142058864
R046,T10,DR0286,Neurologist,6,7,18.9,37.5,4.0,-6.82435142058864
R046,T10,DR0286,Neurologist,7,5,15.4,37.5,4.0,-6.82435142058864
R046,T10,DR0286,Neurologist,8,6,20.5,37.5,4.0,-6.82435142058864
R046,T10,DR0286,Neurologist,9,6,16.5,37.5,4.0,-6.82435142058864
R046,T10,DR0286,Neurologist,10,5,12.4,37.5,4.0,-6.82435142058864
R046,T10,DR0286,Neurologist,11,6,11.7,37.5,4.0,-6.82435142058864
R046,T10,DR0286,Neurologist,12,4,7.2,37.5,4.0,-6.82435142058864
R047,T10,DR0287,GP,1,1,1.1,25.0,4.0,-6.82435142058864
R047,T10,DR0287,GP,2,3,3.2,25.0,4.0,-6.82435142058864
R047,T10,DR0287,GP,3,4,5.5,25.0,4.0,-6.82435142058864
R047,T10,DR0287,GP,4,3,3.4,25.0,4.0,-6.82435142058864
R047,T10,DR0287,GP,5,3,3.7,25.0,4.0,-6.82435142058864
R047,T10,DR0287,GP,6,2,1.6,25.0,4.0,-6.82435142058864
R047,T10,DR0287,GP,7,1,1.0,25.0,4.0,-6.82435142058864
R047,T10,DR0287,GP,8,1,0.9,25.0,4.0,-6.82435142058864
R047,T10,DR0287,GP,9,4,4.7,25.0,4.0,-6.82435142058864
R047,T10,DR0287,GP,10,4,7.3,25.0,4.0,-6.82435142058864
R047,T10,DR0287,GP,11,2,1.7,25.0,4.0,-6.82435142058864
R047,T10,DR0287,GP,12,3,3.4,25.0,4.0,-6.82435142058864
R048,T10,DR0288,Cardiologist,1,2,6.0,45.0,4.0,-6.82435142058864
R048,T10,DR0288,Cardiologist,2,4,17.3,45.0,4.0,-6.82435142058864
R048,T10,DR0288,Cardiologist,3,4,13.1,45.0,4.0,-6.82435142058864
R048,T10,DR0288,Cardiologist,4,1,1.4,45.0,4.0,-6.82435142058864
R048,T10,DR0288,Cardiologist,5,5,16.6,45.0,4.0,-6.82435142058864
R048,T10,DR0288,Cardiologist,6,2,11.6,45.0,4.0,-6.82435142058864
R048,T10,DR0288,Cardiologist,7,2,10.4,45.0,4.0,-6.82435142058864
R048,T10,DR0288,Cardiologist,8,5,10.5,45.0,4.0,-6.82435142058864
R048,T10,DR0288,Cardiologist,9,2,10.7,45.0,4.0,-6.82435142058864
R048,T10,DR0288,Cardiologist,10,8,24.3,45.0,4.0,-6.82435142058864
R048,T10,DR0288,Cardiologist,11,3,11.7,45.0,4.0,-6.82435142058864
R048,T10,DR0288,Cardiologist,12,4,28.5,45.0,4.0,-6.82435142058864
R049,T10,DR0289,Endocrinologist,1,8,41.2,52.5,4.0,-6.82435142058864
R049,T10,DR0289,Endocrinologist,2,6,16.3,52.5,4.0,-6.82435142058864
R049,T10,DR0289,Endocrinologist,3,5,19.2,52.5,4.0,-6.82435142058864
R049,T10,DR0289,Endocrinologist,4,8,31.9,52.5,4.0,-6.82435142058864
R049,T10,DR0289,Endocrinologist,5,6,31.5,52.5,4.0,-6.82435142058864
R049,T10,DR0289,Endocrinologist,6,9,22.3,52.5,4.0,-6.82435142058864
R049,T10,DR0289,Endocrinologist,7,5,14.3,52.5,4.0,-6.82435142058864
R049,T10,DR0289,Endocrinologist,8,10,16.6,52.5,4.0,-6.82435142058864
R049,T10,DR0289,Endocrinologist,9,6,27.2,52.5,4.0,-6.82435142058864
R049,T10,DR0289,Endocrinologist,10,5,19.3,52.5,4.0,-6.82435142058864
R049,T10,DR0289,Endocrinologist,11,8,33.4,52.5,4.0,-6.82435142058864
R049,T10,DR0289,Endocrinologist,12,3,17.8,52.5,4.0,-6.82435142058864
R050,T10,DR0290,Neurologist,1,4,16.4,37.5,4.0,-6.82435142058864
R050,T10,DR0290,Neurologist,2,4,17.2,37.5,4.0,-6.82435142058864
R050,T10,DR0290,Neurologist,3,5,15.2,37.5,4.0,-6.82435142058864
R050,T10,DR0290,Neurologist,4,6,15.6,37.5,4.0,-6.82435142058864
R050,T10,DR0290,Neurologist,5,3,6.9,37.5,4.0,-6.82435142058864
R050,T10,DR0290,Neurologist,6,3,9.1,37.5,4.0,-6.82435142058864
R050,T10,DR0290,Neurologist,7,6,14.1,37.5,4.0,-6.82435142058864
R050,T10,DR0290,Neurologist,8,2,5.3,37.5,4.0,-6.82435142058864
R050,T10,DR0290,Neurologist,9,6,16.8,37.5,4.0,-6.82435142058864
R050,T10,DR0290,Neurologist,10,4,12.4,37.5,4.0,-6.82435142058864
R050,T10,DR0290,Neurologist,11,1,1.1,37.5,4.0,-6.82435142058864
R050,T10,DR0290,Neurologist,12,2,8.2,37.5,4.0,-6.82435142058864
R046,T10,DR0291,GP,1,4,6.2,25.0,4.0,-6.82435142058864
R046,T10,DR0291,GP,2,2,1.6,25.0,4.0,-6.82435142058864
R046,T10,DR0291,GP,3,2,1.5,25.0,4.0,-6.82435142058864
R046,T10,DR0291,GP,4,3,2.9,25.0,4.0,-6.82435142058864
R046,T10,DR0291,GP,5,3,3.2,25.0,4.0,-6.82435142058864
R046,T10,DR0291,GP,6,2,1.9,25.0,4.0,-6.82435142058864
R046,T10,DR0291,GP,7,1,1.3,25.0,4.0,-6.82435142058864
R046,T10,DR0291,GP,8,5,7.3,25.0,4.0,-6.82435142058864
R046,T10,DR0291,GP,9,2,1.8,25.0,4.0,-6.82435142058864
R046,T10,DR0291,GP,10,2,1.3,25.0,4.0,-6.82435142058864
R046,T10,DR0291,GP,11,1,0.6,25.0,4.0,-6.82435142058864
R046,T10,DR0291,GP,12,9,12.0,25.0,4.0,-6.82435142058864
R047,T10,DR0292,Cardiologist,1,8,27.3,45.0,4.0,-6.82435142058864
R047,T10,DR0292,Cardiologist,2,3,11.5,45.0,4.0,-6.82435142058864
R047,T10,DR0292,Cardiologist,3,6,20.8,45.0,4.0,-6.82435142058864
R047,T10,DR0292,Cardiologist,4,3,13.6,45.0,4.0,-6.82435142058864
R047,T10,DR0292,Cardiologist,5,4,16.6,45.0,4.0,-6.82435142058864
R047,T10,DR0292,Cardiologist,6,6,17.5,45.0,4.0,-6.82435142058864
R047,T10,DR0292,Cardiologist,7,6,22.3,45.0,4.0,-6.82435142058864
R047,T10,DR0292,Cardiologist,8,8,17.0,45.0,4.0,-6.82435142058864
R047,T10,DR0292,Cardiologist,9,7,18.2,45.0,4.0,-6.82435142058864
R047,T10,DR0292,Cardiologist,10,6,14.7,45.0,4.0,-6.82435142058864
R047,T10,DR0292,Cardiologist,11,4,11.0,45.0,4.0,-6.82435142058864
R047,T10,DR0292,Cardiologist,12,8,24.2,45.0,4.0,-6.82435142058864
R048,T10,DR0293,Endocrinologist,1,8,22.9,52.5,4.0,-6.82435142058864
R048,T10,DR0293,Endocrinologist,2,4,19.8,52.5,4.0,-6.82435142058864
R048,T10,DR0293,Endocrinologist,3,3,14.3,52.5,4.0,-6.82435142058864
R048,T10,DR0293,Endocrinologist,4,7,18.9,52.5,4.0,-6.82435142058864
R048,T10,DR0293,Endocrinologist,5,4,24.4,52.5,4.0,-6.82435142058864
R048,T10,DR0293,Endocrinologist,6,5,17.4,52.5,4.0,-6.82435142058864
R048,T10,DR0293,Endocrinologist,7,8,29.5,52.5,4.0,-6.82435142058864
R048,T10,DR0293,Endocrinologist,8,8,20.9,52.5,4.0,-6.82435142058864
R048,T10,DR0293,Endocrinologist,9,2,13.3,52.5,4.0,-6.82435142058864
R048,T10,DR0293,Endocrinologist,10,10,33.0,52.5,4.0,-6.82435142058864
R048,T10,DR0293,Endocrinologist,11,4,15.1,52.5,4.0,-6.82435142058864
R048,T10,DR0293,Endocrinologist,12,5,25.2,52.5,4.0,-6.82435142058864
R049,T10,DR0294,Neurologist,1,4,8.1,37.5,4.0,-6.82435142058864
R049,T10,DR0294,Neurologist,2,1,1.6,37.5,4.0,-6.82435142058864
R049,T10,DR0294,Neurologist,3,2,5.7,37.5,4.0,-6.82435142058864
R049,T10,DR0294,Neurologist,4,1,0.6,37.5,4.0,-6.82435142058864
R049,T10,DR0294,Neurologist,5,6,17.9,37.5,4.0,-6.82435142058864
R049,T10,DR0294,Neurologist,6,2,5.2,37.5,4.0,-6.82435142058864
R049,T10,DR0294,Neurologist,7,4,17.6,37.5,4.0,-6.82435142058864
R049,T10,DR0294,Neurologist,8,7,29.5,37.5,4.0,-6.82435142058864
R049,T10,DR0294,Neurologist,9,4,12.7,37.5,4.0,-6.82435142058864
R049,T10,DR0294,Neurologist,10,7,14.1,37.5,4.0,-6.82435142058864
R049,T10,DR0294,Neurologist,11,4,9.2,37.5,4.0,-6.82435142058864
R049,T10,DR0294,Neurologist,12,7,16.8,37.5,4.0,-6.82435142058864
R050,T10,DR0295,GP,1,2,1.7,25.0,4.0,-6.82435142058864
R050,T10,DR0295,GP,2,5,5.4,25.0,4.0,-6.82435142058864
R050,T10,DR0295,GP,3,1,0.9,25.0,4.0,-6.82435142058864
R050,T10,DR0295,GP,4,2,1.3,25.0,4.0,-6.82435142058864
R050,T10,DR0295,GP,5,5,6.2,25.0,4.0,-6.82435142058864
R050,T10,DR0295,GP,6,2,2.1,25.0,4.0,-6.82435142058864
R050,T10,DR0295,GP,7,1,1.4,25.0,4.0,-6.82435142058864
R050,T10,DR0295,GP,8,5,8.4,25.0,4.0,-6.82435142058864
R050,T10,DR0295,GP,9,6,8.3,25.0,4.0,-6.82435142058864
R050,T10,DR0295,GP,10,1,1.2,25.0,4.0,-6.82435142058864
R050,T10,DR0295,GP,11,3,3.9,25.0,4.0,-6.82435142058864
R050,T10,DR0295,GP,12,1,1.1,25.0,4.0,-6.82435142058864
R046,T10,DR0296,Cardiologist,1,3,9.6,45.0,4.0,-6.82435142058864
R046,T10,DR0296,Cardiologist,2,4,14.5,45.0,4.0,-6.82435142058864
R046,T10,DR0296,Cardiologist,3,4,14.6,45.0,4.0,-6.82435142058864
R046,T10,DR0296,Cardiologist,4,3,10.3,45.0,4.0,-6.82435142058864
R046,T10,DR0296,Cardiologist,5,7,28.8,45.0,4.0,-6.82435142058864
R046,T10,DR0296,Cardiologist,6,4,12.3,45.0,4.0,-6.82435142058864
R046,T10,DR0296,Cardiologist,7,5,27.2,45.0,4.0,-6.82435142058864
R046,T10,DR0296,Cardiologist,8,1,2.3,45.0,4.0,-6.82435142058864
R046,T10,DR0296,Cardiologist,9,1,2.2,45.0,4.0,-6.82435142058864
R046,T10,DR0296,Cardiologist,10,6,22.4,45.0,4.0,-6.82435142058864
R046,T10,DR0296,Cardiologist,11,5,13.0,45.0,4.0,-6.82435142058864
R046,T10,DR0296,Cardiologist,12,7,19.1,45.0,4.0,-6.82435142058864
R047,T10,DR0297,Endocrinologist,1,6,19.8,52.5,4.0,-6.82435142058864
R047,T10,DR0297,Endocrinologist,2,6,13.5,52.5,4.0,-6.82435142058864
R047,T10,DR0297,Endocrinologist,3,6,28.3,52.5,4.0,-6.82435142058864
R047,T10,DR0297,Endocrinologist,4,6,23.6,52.5,4.0,-6.82435142058864
R047,T10,DR0297,Endocrinologist,5,6,31.1,52.5,4.0,-6.82435142058864
R047,T10,DR0297,Endocrinologist,6,5,20.8,52.5,4.0,-6.82435142058864
R047,T10,DR0297,Endocrinologist,7,3,14.6,52.5,4.0,-6.82435142058864
R047,T10,DR0297,Endocrinologist,8,6,25.8,52.5,4.0,-6.82435142058864
R047,T10,DR0297,Endocrinologist,9,7,28.3,52.5,4.0,-6.82435142058864
R047,T10,DR0297,Endocrinologist,10,7,20.9,52.5,4.0,-6.82435142058864
R047,T10,DR0297,Endocrinologist,11,4,20.1,52.5,4.0,-6.82435142058864
R047,T10,DR0297,Endocrinologist,12,3,15.1,52.5,4.0,-6.82435142058864
R048,T10,DR0298,Neurologist,1,7,12.6,37.5,4.0,-6.82435142058864
R048,T10,DR0298,Neurologist,2,4,10.2,37.5,4.0,-6.82435142058864
R048,T10,DR0298,Neurologist,3,5,17.6,37.5,4.0,-6.82435142058864
R048,T10,DR0298,Neurologist,4,7,26.4,37.5,4.0,-6.82435142058864
R048,T10,DR0298,Neurologist,5,1,1.0,37.5,4.0,-6.82435142058864
R048,T10,DR0298,Neurologist,6,4,10.3,37.5,4.0,-6.82435142058864
R048,T10,DR0298,Neurologist,7,1,0.6,37.5,4.0,-6.82435142058864
R048,T10,DR0298,Neurologist,8,1,1.1,37.5,4.0,-6.82435142058864
R048,T10,DR0298,Neurologist,9,6,19.9,37.5,4.0,-6.82435142058864
R048,T10,DR0298,Neurologist,10,1,1.3,37.5,4.0,-6.82435142058864
R048,T10,DR0298,Neurologist,11,3,10.7,37.5,4.0,-6.82435142058864
R048,T10,DR0298,Neurologist,12,6,13.3,37.5,4.0,-6.82435142058864
R049,T10,DR0299,GP,1,6,6.0,25.0,4.0,-6.82435142058864
R049,T10,DR0299,GP,2,4,5.3,25.0,4.0,-6.82435142058864
R049,T10,DR0299,GP,3,3,2.9,25.0,4.0,-6.82435142058864
R049,T10,DR0299,GP,4,1,1.1,25.0,4.0,-6.82435142058864
R049,T10,DR0299,GP,5,1,1.1,25.0,4.0,-6.82435142058864
R049,T10,DR0299,GP,6,2,1.6,25.0,4.0,-6.82435142058864
R049,T10,DR0299,GP,7,5,10.8,25.0,4.0,-6.82435142058864
R049,T10,DR0299,GP,8,5,5.0,25.0,4.0,-6.82435142058864
R049,T10,DR0299,GP,9,2,1.9,25.0,4.0,-6.82435142058864
R049,T10,DR0299,GP,10,5,5.9,25.0,4.0,-6.82435142058864
R049,T10,DR0299,GP,11,8,6.7,25.0,4.0,-6.82435142058864
R049,T10,DR0299,GP,12,2,1.0,25.0,4.0,-6.82435142058864
R050,T10,DR0300,Cardiologist,1,5,19.8,45.0,4.0,-6.82435142058864
R050,T10,DR0300,Cardiologist,2,3,18.9,45.0,4.0,-6.82435142058864
R050,T10,DR0300,Cardiologist,3,4,21.0,45.0,4.0,-6.82435142058864
R050,T10,DR0300,Cardiologist,4,2,8.0,45.0,4.0,-6.82435142058864
R050,T10,DR0300,Cardiologist,5,5,20.5,45.0,4.0,-6.82435142058864
R050,T10,DR0300,Cardiologist,6,4,15.0,45.0,4.0,-6.82435142058864
R050,T10,DR0300,Cardiologist,7,4,16.7,45.0,4.0,-6.82435142058864
R050,T10,DR0300,Cardiologist,8,6,24.3,45.0,4.0,-6.82435142058864
R050,T10,DR0300,Cardiologist,9,4,16.8,45.0,4.0,-6.82435142058864
R050,T10,DR0300,Cardiologist,10,3,16.4,45.0,4.0,-6.82435142058864
R050,T10,DR0300,Cardiologist,11,1,2.0,45.0,4.0,-6.82435142058864
R050,T10,DR0300,Cardiologist,12,6,14.2,45.0,4.0,-6.82435142058864
R051,T11,DR0301,GP,1,7,16.5,25.0,4.0,7.0351837989026285
R051,T11,DR0301,GP,2,2,17.5,25.0,4.0,7.0351837989026285
R051,T11,DR0301,GP,3,2,15.3,25.0,4.0,7.0351837989026285
R051,T11,DR0301,GP,4,1,9.9,25.0,4.0,7.0351837989026285
R051,T11,DR0301,GP,5,1,10.8,25.0,4.0,7.0351837989026285
R051,T11,DR0301,GP,6,3,15.4,25.0,4.0,7.0351837989026285
R051,T11,DR0301,GP,7,1,13.9,25.0,4.0,7.0351837989026285
R051,T11,DR0301,GP,8,6,26.9,25.0,4.0,7.0351837989026285
R051,T11,DR0301,GP,9,3,14.5,25.0,4.0,7.0351837989026285
R051,T11,DR0301,GP,10,1,11.8,25.0,4.0,7.0351837989026285
R051,T11,DR0301,GP,11,1,16.4,25.0,4.0,7.0351837989026285
R051,T11,DR0301,GP,12,3,18.3,25.0,4.0,7.0351837989026285
R052,T11,DR0302,Cardiologist,1,4,23.8,45.0,4.0,7.0351837989026285
R052,T11,DR0302,Cardiologist,2,2,17.2,45.0,4.0,7.0351837989026285
R052,T11,DR0302,Cardiologist,3,4,26.5,45.0,4.0,7.0351837989026285
R052,T11,DR0302,Cardiologist,4,6,29.7,45.0,4.0,7.0351837989026285
R052,T11,DR0302,Cardiologist,5,6,41.0,45.0,4.0,7.0351837989026285
R052,T11,DR0302,Cardiologist,6,3,21.0,45.0,4.0,7.0351837989026285
R052,T11,DR0302,Cardiologist,7,6,33.7,45.0,4.0,7.0351837989026285
R052,T11,DR0302,Cardiologist,8,9,38.0,45.0,4.0,7.0351837989026285
R052,T11,DR0302,Cardiologist,9,8,42.2,45.0,4.0,7.0351837989026285
R052,T11,DR0302,Cardiologist,10,9,28.5,45.0,4.0,7.0351837989026285
R052,T11,DR0302,Cardiologist,11,3,24.6,45.0,4.0,7.0351837989026285
R052,T11,DR0302,Cardiologist,12,7,31.7,45.0,4.0,7.0351837989026285
R053,T11,DR0303,Endocrinologist,1,6,37.4,52.5,4.0,7.0351837989026285
R053,T11,DR0303,Endocrinologist,2,4,27.2,52.5,4.0,7.0351837989026285
R053,T11,DR0303,Endocrinologist,3,2,17.5,52.5,4.0,7.0351837989026285
R053,T11,DR0303,Endocrinologist,4,5,47.9,52.5,4.0,7.0351837989026285
R053,T11,DR0303,Endocrinologist,5,5,27.6,52.5,4.0,7.0351837989026285
R053,T11,DR0303,Endocrinologist,6,7,42.7,52.5,4.0,7.0351837989026285
R053,T11,DR0303,Endocrinologist,7,4,39.8,52.5,4.0,7.0351837989026285
R053,T11,DR0303,Endocrinologist,8,6,48.3,52.5,4.0,7.0351837989026285
R053,T11,DR0303,Endocrinologist,9,5,44.7,52.5,4.0,7.0351837989026285
R053,T11,DR0303,Endocrinologist,10,4,34.2,52.5,4.0,7.0351837989026285
R053,T11,DR0303,Endocrinologist,11,4,52.3,52.5,4.0,7.0351837989026285
R053,T11,DR0303,Endocrinologist,12,6,61.5,52.5,4.0,7.0351837989026285
R054,T11,DR0304,Neurologist,1,7,31.0,37.5,4.0,7.0351837989026285
R054,T11,DR0304,Neurologist,2,5,54.6,37.5,4.0,7.0351837989026285
R054,T11,DR0304,Neurologist,3,2,24.5,37.5,4.0,7.0351837989026285
R054,T11,DR0304,Neurologist,4,4,22.7,37.5,4.0,7.0351837989026285
R054,T11,DR0304,Neurologist,5,9,39.7,37.5,4.0,7.0351837989026285
R054,T11,DR0304,Neurologist,6,5,34.9,37.5,4.0,7.0351837989026285
R054,T11,DR0304,Neurologist,7,2,13.7,37.5,4.0,7.0351837989026285
R054,T11,DR0304,Neurologist,8,3,29.6,37.5,4.0,7.0351837989026285
R054,T11,DR0304,Neurologist,9,4,35.1,37.5,4.0,7.0351837989026285
R054,T11,DR0304,Neurologist,10,9,20.9,37.5,4.0,7.0351837989026285
R054,T11,DR0304,Neurologist,11,4,19.8,37.5,4.0,7.0351837989026285
R054,T11,DR0304,Neurologist,12,5,30.7,37.5,4.0,7.0351837989026285
R055,T11,DR0305,GP,1,3,13.5,25.0,4.0,7.0351837989026285
R055,T11,DR0305,GP,2,4,25.0,25.0,4.0,7.0351837989026285
R055,T11,DR0305,GP,3,5,13.1,25.0,4.0,7.0351837989026285
R055,T11,DR0305,GP,4,3,17.5,25.0,4.0,7.0351837989026285
R055,T11,DR0305,GP,5,1,13.7,25.0,4.0,7.0351837989026285
R055,T11,DR0305,GP,6,1,9.3,25.0,4.0,7.0351837989026285
R055,T11,DR0305,GP,7,4,19.0,25.0,4.0,7.0351837989026285
R055,T11,DR0305,GP,8,2,10.9,25.0,4.0,7.0351837989026285
R055,T11,DR0305,GP,9,3,16.4,25.0,4.0,7.0351837989026285
R055,T11,DR0305,GP,10,5,27.2,25.0,4.0,7.0351837989026285
R055,T11,DR0305,GP,11,3,14.7,25.0,4.0,7.0351837989026285
R055,T11,DR0305,GP,12,2,15.6,25.0,4.0,7.0351837989026285
R051,T11,DR0306,Cardiologist,1,2,21.5,45.0,4.0,7.0351837989026285
R051,T11,DR0306,Cardiologist,2,3,26.4,45.0,4.0,7.0351837989026285
R051,T11,DR0306,Cardiologist,3,5,18.4,45.0,4.0,7.0351837989026285
R051,T11,DR0306,Cardiologist,4,4,37.4,45.0,4.0,7.0351837989026285
R051,T11,DR0306,Cardiologist,5,3,20.6,45.0,4.0,7.0351837989026285
R051,T11,DR0306,Cardiologist,6,3,32.6,45.0,4.0,7.0351837989026285
R051,T11,DR0306,Cardiologist,7,2,21.4,45.0,4.0,7.0351837989026285
R051,T11,DR0306,Cardiologist,8,10,44.6,45.0,4.0,7.0351837989026285
R051,T11,DR0306,Cardiologist,9,1,21.8,45.0,4.0,7.0351837989026285
R051,T11,DR0306,Cardiologist,10,6,23.6,45.0,4.0,7.0351837989026285
R051,T11,DR0306,Cardiologist,11,3,20.1,45.0,4.0,7.0351837989026285
R051,T11,DR0306,Cardiologist,12,3,19.2,45.0,4.0,7.0351837989026285
R052,T11,DR0307,Endocrinologist,1,3,32.0,52.5,4.0,7.0351837989026285
R052,T11,DR0307,Endocrinologist,2,7,45.4,52.5,4.0,7.0351837989026285
R052,T11,DR0307,Endocrinologist,3,9,42.7,52.5,4.0,7.0351837989026285
R052,T11,DR0307,Endocrinologist,4,3,45.5,52.5,4.0,7.0351837989026285
R052,T11,DR0307,Endocrinologist,5,1,19.8,52.5,4.0,7.0351837989026285
R052,T11,DR0307,Endocrinologist,6,4,27.4,52.5,4.0,7.0351837989026285
R052,T11,DR0307,Endocrinologist,7,4,31.3,52.5,4.0,7.0351837989026285
R052,T11,DR0307,Endocrinologist,8,3,22.2,52.5,4.0,7.0351837989026285
R052,T11,DR0307,Endocrinologist,9,4,29.8,52.5,4.0,7.0351837989026285
R052,T11,DR0307,Endocrinologist,10,6,44.5,52.5,4.0,7.0351837989026285
R052,T11,DR0307,Endocrinologist,11,4,30.8,52.5,4.0,7.0351837989026285
R052,T11,DR0307,Endocrinologist,12,9,36.7,52.5,4.0,7.0351837989026285
R053,T11,DR0308,Neurologist,1,3,29.5,37.5,4.0,7.0351837989026285
R053,T11,DR0308,Neurologist,2,5,34.1,37.5,4.0,7.0351837989026285
R053,T11,DR0308,Neurologist,3,4,24.8,37.5,4.0,7.0351837989026285
R053,T11,DR0308,Neurologist,4,3,24.8,37.5,4.0,7.0351837989026285
R053,T11,DR0308,Neurologist,5,4,20.7,37.5,4.0,7.0351837989026285
R053,T11,DR0308,Neurologist,6,1,14.2,37.5,4.0,7.0351837989026285
R053,T11,DR0308,Neurologist,7,9,26.4,37.5,4.0,7.0351837989026285
R053,T11,DR0308,Neurologist,8,1,20.8,37.5,4.0,7.0351837989026285
R053,T11,DR0308,Neurologist,9,1,25.1,37.5,4.0,7.0351837989026285
R053,T11,DR0308,Neurologist,10,5,19.9,37.5,4.0,7.0351837989026285
R053,T11,DR0308,Neurologist,11,8,32.0,37.5,4.0,7.0351837989026285
R053,T11,DR0308,Neurologist,12,8,37.4,37.5,4.0,7.0351837989026285
R054,T11,DR0309,GP,1,2,15.1,25.0,4.0,7.0351837989026285
R054,T11,DR0309,GP,2,2,23.4,25.0,4.0,7.0351837989026285
R054,T11,DR0309,GP,3,2,19.7,25.0,4.0,7.0351837989026285
R054,T11,DR0309,GP,4,3,20.2,25.0,4.0,7.0351837989026285
R054,T11,DR0309,GP,5,1,12.0,25.0,4.0,7.0351837989026285
R054,T11,DR0309,GP,6,1,15.2,25.0,4.0,7.0351837989026285
R054,T11,DR0309,GP,7,4,11.7,25.0,4.0,7.0351837989026285
R054,T11,DR0309,GP,8,1,15.1,25.0,4.0,7.0351837989026285
R054,T11,DR0309,GP,9,1,11.9,25.0,4.0,7.0351837989026285
R054,T11,DR0309,GP,10,2,12.3,25.0,4.0,7.0351837989026285
R054,T11,DR0309,GP,11,2,17.4,25.0,4.0,7.0351837989026285
R054,T11,DR0309,GP,12,2,13.9,25.0,4.0,7.0351837989026285
R055,T11,DR0310,Cardiologist,1,8,32.7,45.0,4.0,7.0351837989026285
R055,T11,DR0310,Cardiologist,2,4,27.9,45.0,4.0,7.0351837989026285
R055,T11,DR0310,Cardiologist,3,10,40.9,45.0,4.0,7.0351837989026285
R055,T11,DR0310,Cardiologist,4,4,37.5,45.0,4.0,7.0351837989026285
R055,T11,DR0310,Cardiologist,5,5,33.1,45.0,4.0,7.0351837989026285
R055,T11,DR0310,Cardiologist,6,5,49.7,45.0,4.0,7.0351837989026285
R055,T11,DR0310,Cardiologist,7,3,26.9,45.0,4.0,7.0351837989026285
R055,T11,DR0310,Cardiologist,8,3,33.3,45.0,4.0,7.0351837989026285
R055,T11,DR0310,Cardiologist,9,6,53.9,45.0,4.0,7.0351837989026285
R055,T11,DR0310,Cardiologist,10,5,36.4,45.0,4.0,7.0351837989026285
R055,T11,DR0310,Cardiologist,11,4,21.8,45.0,4.0,7.0351837989026285
R055,T11,DR0310,Cardiologist,12,6,41.0,45.0,4.0,7.0351837989026285
R051,T11,DR0311,Endocrinologist,1,2,26.9,52.5,4.0,7.0351837989026285
R051,T11,DR0311,Endocrinologist,2,8,40.2,52.5,4.0,7.0351837989026285
R051,T11,DR0311,Endocrinologist,3,7,34.7,52.5,4.0,7.0351837989026285
R051,T11,DR0311,Endocrinologist,4,3,34.8,52.5,4.0,7.0351837989026285
R051,T11,DR0311,Endocrinologist,5,6,33.7,52.5,4.0,7.0351837989026285
R051,T11,DR0311,Endocrinologist,6,8,76.0,52.5,4.0,7.0351837989026285
R051,T11,DR0311,Endocrinologist,7,2,19.0,52.5,4.0,7.0351837989026285
R051,T11,DR0311,Endocrinologist,8,7,29.3,52.5,4.0,7.0351837989026285
R051,T11,DR0311,Endocrinologist,9,7,44.8,52.5,4.0,7.0351837989026285
R051,T11,DR0311,Endocrinologist,10,8,38.7,52.5,4.0,7.0351837989026285
R051,T11,DR0311,Endocrinologist,11,7,39.1,52.5,4.0,7.0351837989026285
R051,T11,DR0311,Endocrinologist,12,5,47.2,52.5,4.0,7.0351837989026285
R052,T11,DR0312,Neurologist,1,1,14.2,37.5,4.0,7.0351837989026285
R052,T11,DR0312,Neurologist,2,4,32.9,37.5,4.0,7.0351837989026285
R052,T11,DR0312,Neurologist,3,6,23.8,37.5,4.0,7.0351837989026285
R052,T11,DR0312,Neurologist,4,1,17.4,37.5,4.0,7.0351837989026285
R052,T11,DR0312,Neurologist,5,1,12.8,37.5,4.0,7.0351837989026285
R052,T11,DR0312,Neurologist,6,4,19.2,37.5,4.0,7.0351837989026285
R052,T11,DR0312,Neurologist,7,1,13.6,37.5,4.0,7.0351837989026285
R052,T11,DR0312,Neurologist,8,4,17.9,37.5,4.0,7.0351837989026285
R052,T11,DR0312,Neurologist,9,2,25.7,37.5,4.0,7.0351837989026285
R052,T11,DR0312,Neurologist,10,1,9.6,37.5,4.0,7.0351837989026285
R052,T11,DR0312,Neurologist,11,5,27.0,37.5,4.0,7.0351837989026285
R052,T11,DR0312,Neurologist,12,5,24.1,37.5,4.0,7.0351837989026285
R053,T11,DR0313,GP,1,2,19.5,25.0,4.0,7.0351837989026285
R053,T11,DR0313,GP,2,4,20.1,25.0,4.0,7.0351837989026285
R053,T11,DR0313,GP,3,3,18.8,25.0,4.0,7.0351837989026285
R053,T11,DR0313,GP,4,1,15.4,25.0,4.0,7.0351837989026285
R053,T11,DR0313,GP,5,1,7.1,25.0,4.0,7.0351837989026285
R053,T11,DR0313,GP,6,2,16.9,25.0,4.0,7.0351837989026285
R053,T11,DR0313,GP,7,4,20.8,25.0,4.0,7.0351837989026285
R053,T11,DR0313,GP,8,5,19.8,25.0,4.0,7.0351837989026285
R053,T11,DR0313,GP,9,4,16.6,25.0,4.0,7.0351837989026285
R053,T11,DR0313,GP,10,6,22.6,25.0,4.0,7.0351837989026285
R053,T11,DR0313,GP,11,4,24.7,25.0,4.0,7.0351837989026285
R053,T11,DR0313,GP,12,2,9.4,25.0,4.0,7.0351837989026285
R054,T11,DR0314,Cardiologist,1,6,40.7,45.0,4.0,7.0351837989026285
R054,T11,DR0314,Cardiologist,2,5,38.8,45.0,4.0,7.0351837989026285
R054,T11,DR0314,Cardiologist,3,8,27.8,45.0,4.0,7.0351837989026285
R054,T11,DR0314,Cardiologist,4,4,33.4,45.0,4.0,7.0351837989026285
R054,T11,DR0314,Cardiologist,5,10,25.8,45.0,4.0,7.0351837989026285
R054,T11,DR0314,Cardiologist,6,6,45.2,45.0,4.0,7.0351837989026285
R054,T11,DR0314,Cardiologist,7,4,40.4,45.0,4.0,7.0351837989026285
R054,T11,DR0314,Cardiologist,8,1,17.0,45.0,4.0,7.0351837989026285
R054,T11,DR0314,Cardiologist,9,6,44.9,45.0,4.0,7.0351837989026285
R054,T11,DR0314,Cardiologist,10,8,31.6,45.0,4.0,7.0351837989026285
R054,T11,DR0314,Cardiologist,11,6,36.7,45.0,4.0,7.0351837989026285
R054,T11,DR0314,Cardiologist,12,8,78.0,45.0,4.0,7.0351837989026285
R055,T11,DR0315,Endocrinologist,1,9,34.6,52.5,4.0,7.0351837989026285
R055,T11,DR0315,Endocrinologist,2,5,34.9,52.5,4.0,7.0351837989026285
R055,T11,DR0315,Endocrinologist,3,10,44.8,52.5,4.0,7.0351837989026285
R055,T11,DR0315,Endocrinologist,4,5,39.9,52.5,4.0,7.0351837989026285
R055,T11,DR0315,Endocrinologist,5,7,41.7,52.5,4.0,7.0351837989026285
R055,T11,DR0315,Endocrinologist,6,4,54.9,52.5,4.0,7.0351837989026285
R055,T11,DR0315,Endocrinologist,7,4,55.1,52.5,4.0,7.0351837989026285
R055,T11,DR0315,Endocrinologist,8,3,21.3,52.5,4.0,7.0351837989026285
R055,T11,DR0315,Endocrinologist,9,4,28.2,52.5,4.0,7.0351837989026285
R055,T11,DR0315,Endocrinologist,10,4,37.9,52.5,4.0,7.0351837989026285
R055,T11,DR0315,Endocrinologist,11,4,53.6,52.5,4.0,7.0351837989026285
R055,T11,DR0315,Endocrinologist,12,4,34.0,52.5,4.0,7.0351837989026285
R051,T11,DR0316,Neurologist,1,6,24.7,37.5,4.0,7.0351837989026285
R051,T11,DR0316,Neurologist,2,4,25.1,37.5,4.0,7.0351837989026285
R051,T11,DR0316,Neurologist,3,6,27.6,37.5,4.0,7.0351837989026285
R051,T11,DR0316,Neurologist,4,5,29.1,37.5,4.0,7.0351837989026285
R051,T11,DR0316,Neurologist,5,4,33.4,37.5,4.0,7.0351837989026285
R051,T11,DR0316,Neurologist,6,1,11.3,37.5,4.0,7.0351837989026285
R051,T11,DR0316,Neurologist,7,1,15.7,37.5,4.0,7.0351837989026285
R051,T11,DR0316,Neurologist,8,4,34.8,37.5,4.0,7.0351837989026285
R051,T11,DR0316,Neurologist,9,4,27.2,37.5,4.0,7.0351837989026285
R051,T11,DR0316,Neurologist,10,3,23.0,37.5,4.0,7.0351837989026285
R051,T11,DR0316,Neurologist,11,2,17.1,37.5,4.0,7.0351837989026285
R051,T11,DR0316,Neurologist,12,7,37.6,37.5,4.0,7.0351837989026285
R052,T11,DR0317,GP,1,2,12.7,25.0,4.0,7.0351837989026285
R052,T11,DR0317,GP,2,1,7.3,25.0,4.0,7.0351837989026285
R052,T11,DR0317,GP,3,2,9.2,25.0,4.0,7.0351837989026285
R052,T11,DR0317,GP,4,3,21.8,25.0,4.0,7.0351837989026285
R052,T11,DR0317,GP,5,1,11.0,25.0,4.0,7.0351837989026285
R052,T11,DR0317,GP,6,3,19.2,25.0,4.0,7.0351837989026285
R052,T11,DR0317,GP,7,3,16.7,25.0,4.0,7.0351837989026285
R052,T11,DR0317,GP,8,1,13.3,25.0,4.0,7.0351837989026285
R052,T11,DR0317,GP,9,6,12.6,25.0,4.0,7.0351837989026285
R052,T11,DR0317,GP,10,5,15.9,25.0,4.0,7.0351837989026285
R052,T11,DR0317,GP,11,5,20.2,25.0,4.0,7.0351837989026285
R052,T11,DR0317,GP,12,3,19.2,25.0,4.0,7.0351837989026285
R053,T11,DR0318,Cardiologist,1,7,19.3,45.0,4.0,7.0351837989026285
R053,T11,DR0318,Cardiologist,2,3,26.6,45.0,4.0,7.0351837989026285
R053,T11,DR0318,Cardiologist,3,6,26.3,45.0,4.0,7.0351837989026285
R053,T11,DR0318,Cardiologist,4,3,31.4,45.0,4.0,7.0351837989026285
R053,T11,DR0318,Cardiologist,5,7,39.8,45.0,4.0,7.0351837989026285
R053,T11,DR0318,Cardiologist,6,2,17.1,45.0,4.0,7.0351837989026285
R053,T11,DR0318,Cardiologist,7,8,43.6,45.0,4.0,7.0351837989026285
R053,T11,DR0318,Cardiologist,8,4,43.4,45.0,4.0,7.0351837989026285
R053,T11,DR0318,Cardiologist,9,8,44.1,45.0,4.0,7.0351837989026285
R053,T11,DR0318,Cardiologist,10,4,40.9,45.0,4.0,7.0351837989026285
R053,T11,DR0318,Cardiologist,11,6,42.4,45.0,4.0,7.0351837989026285
R053,T11,DR0318,Cardiologist,12,5,26.6,45.0,4.0,7.0351837989026285
R054,T11,DR0319,Endocrinologist,1,6,31.0,52.5,4.0,7.0351837989026285
R054,T11,DR0319,Endocrinologist,2,3,24.8,52.5,4.0,7.0351837989026285
R054,T11,DR0319,Endocrinologist,3,9,37.3,52.5,4.0,7.0351837989026285
R054,T11,DR0319,Endocrinologist,4,4,30.0,52.5,4.0,7.0351837989026285
R054,T11,DR0319,Endocrinologist,5,4,58.1,52.5,4.0,7.0351837989026285
R054,T11,DR0319,Endocrinologist,6,5,40.6,52.5,4.0,7.0351837989026285
R054,T11,DR0319,Endocrinologist,7,6,43.3,52.5,4.0,7.0351837989026285
R054,T11,DR0319,Endocrinologist,8,6,42.0,52.5,4.0,7.0351837989026285
R054,T11,DR0319,Endocrinologist,9,8,45.0,52.5,4.0,7.0351837989026285
R054,T11,DR0319,Endocrinologist,10,3,41.8,52.5,4.0,7.0351837989026285
R054,T11,DR0319,Endocrinologist,11,5,35.8,52.5,4.0,7.0351837989026285
R054,T11,DR0319,Endocrinologist,12,3,36.6,52.5,4.0,7.0351837989026285
R055,T11,DR0320,Neurologist,1,3,20.7,37.5,4.0,7.0351837989026285
R055,T11,DR0320,Neurologist,2,4,23.0,37.5,4.0,7.0351837989026285
R055,T11,DR0320,Neurologist,3,2,18.1,37.5,4.0,7.0351837989026285
R055,T11,DR0320,Neurologist,4,4,25.9,37.5,4.0,7.0351837989026285
R055,T11,DR0320,Neurologist,5,2,18.2,37.5,4.0,7.0351837989026285
R055,T11,DR0320,Neurologist,6,2,16.7,37.5,4.0,7.0351837989026285
R055,T11,DR0320,Neurologist,7,4,26.3,37.5,4.0,7.0351837989026285
R055,T11,DR0320,Neurologist,8,9,46.6,37.5,4.0,7.0351837989026285
R055,T11,DR0320,Neurologist,9,3,20.1,37.5,4.0,7.0351837989026285
R055,T11,DR0320,Neurologist,10,4,34.2,37.5,4.0,7.0351837989026285
R055,T11,DR0320,Neurologist,11,4,27.6,37.5,4.0,7.0351837989026285
R055,T11,DR0320,Neurologist,12,3,36.9,37.5,4.0,7.0351837989026285
R051,T11,DR0321,GP,1,7,27.2,25.0,4.0,7.0351837989026285
R051,T11,DR0321,GP,2,6,16.9,25.0,4.0,7.0351837989026285
R051,T11,DR0321,GP,3,1,8.1,25.0,4.0,7.0351837989026285
R051,T11,DR0321,GP,4,1,13.3,25.0,4.0,7.0351837989026285
R051,T11,DR0321,GP,5,2,20.4,25.0,4.0,7.0351837989026285
R051,T11,DR0321,GP,6,5,24.3,25.0,4.0,7.0351837989026285
R051,T11,DR0321,GP,7,3,14.5,25.0,4.0,7.0351837989026285
R051,T11,DR0321,GP,8,5,17.4,25.0,4.0,7.0351837989026285
R051,T11,DR0321,GP,9,1,12.3,25.0,4.0,7.0351837989026285
R051,T11,DR0321,GP,10,3,17.2,25.0,4.0,7.0351837989026285
R051,T11,DR0321,GP,11,5,20.4,25.0,4.0,7.0351837989026285
R051,T11,DR0321,GP,12,3,25.1,25.0,4.0,7.0351837989026285
R052,T11,DR0322,Cardiologist,1,9,45.7,45.0,4.0,7.0351837989026285
R052,T11,DR0322,Cardiologist,2,9,22.5,45.0,4.0,7.0351837989026285
R052,T11,DR0322,Cardiologist,3,7,24.6,45.0,4.0,7.0351837989026285
R052,T11,DR0322,Cardiologist,4,5,34.7,45.0,4.0,7.0351837989026285
R052,T11,DR0322,Cardiologist,5,2,17.4,45.0,4.0,7.0351837989026285
R052,T11,DR0322,Cardiologist,6,4,23.9,45.0,4.0,7.0351837989026285
R052,T11,DR0322,Cardiologist,7,6,43.4,45.0,4.0,7.0351837989026285
R052,T11,DR0322,Cardiologist,8,4,26.4,45.0,4.0,7.0351837989026285
R052,T11,DR0322,Cardiologist,9,3,22.9,45.0,4.0,7.0351837989026285
R052,T11,DR0322,Cardiologist,10,6,14.1,45.0,4.0,7.0351837989026285
R052,T11,DR0322,Cardiologist,11,1,12.7,45.0,4.0,7.0351837989026285
R052,T11,DR0322,Cardiologist,12,7,50.5,45.0,4.0,7.0351837989026285
R053,T11,DR0323,Endocrinologist,1,4,43.0,52.5,4.0,7.0351837989026285
R053,T11,DR0323,Endocrinologist,2,4,31.6,52.5,4.0,7.0351837989026285
R053,T11,DR0323,Endocrinologist,3,5,34.9,52.5,4.0,7.0351837989026285
R053,T11,DR0323,Endocrinologist,4,4,22.8,52.5,4.0,7.0351837989026285
R053,T11,DR0323,Endocrinologist,5,3,22.7,52.5,4.0,7.0351837989026285
R053,T11,DR0323,Endocrinologist,6,5,42.5,52.5,4.0,7.0351837989026285
R053,T11,DR0323,Endocrinologist,7,6,37.0,52.5,4.0,7.0351837989026285
R053,T11,DR0323,Endocrinologist,8,8,34.8,52.5,4.0,7.0351837989026285
R053,T11,DR0323,Endocrinologist,9,8,36.7,52.5,4.0,7.0351837989026285
R053,T11,DR0323,Endocrinologist,10,4,31.1,52.5,4.0,7.0351837989026285
R053,T11,DR0323,Endocrinologist,11,6,31.9,52.5,4.0,7.0351837989026285
R053,T11,DR0323,Endocrinologist,12,9,44.5,52.5,4.0,7.0351837989026285
R054,T11,DR0324,Neurologist,1,3,24.3,37.5,4.0,7.0351837989026285
R054,T11,DR0324,Neurologist,2,4,51.4,37.5,4.0,7.0351837989026285
R054,T11,DR0324,Neurologist,3,3,24.5,37.5,4.0,7.0351837989026285
R054,T11,DR0324,Neurologist,4,1,22.3,37.5,4.0,7.0351837989026285
R054,T11,DR0324,Neurologist,5,4,17.6,37.5,4.0,7.0351837989026285
R054,T11,DR0324,Neurologist,6,6,32.7,37.5,4.0,7.0351837989026285
R054,T11,DR0324,Neurologist,7,3,19.4,37.5,4.0,7.0351837989026285
R054,T11,DR0324,Neurologist,8,5,22.4,37.5,4.0,7.0351837989026285
R054,T11,DR0324,Neurologist,9,3,22.4,37.5,4.0,7.0351837989026285
R054,T11,DR0324,Neurologist,10,2,16.1,37.5,4.0,7.0351837989026285
R054,T11,DR0324,Neurologist,11,3,15.9,37.5,4.0,7.0351837989026285
R054,T11,DR0324,Neurologist,12,2,25.5,37.5,4.0,7.0351837989026285
R055,T11,DR0325,GP,1,2,9.5,25.0,4.0,7.0351837989026285
R055,T11,DR0325,GP,2,3,19.4,25.0,4.0,7.0351837989026285
R055,T11,DR0325,GP,3,1,6.9,25.0,4.0,7.0351837989026285
R055,T11,DR0325,GP,4,2,9.4,25.0,4.0,7.0351837989026285
R055,T11,DR0325,GP,5,1,8.9,25.0,4.0,7.0351837989026285
R055,T11,DR0325,GP,6,1,10.7,25.0,4.0,7.0351837989026285
R055,T11,DR0325,GP,7,2,13.2,25.0,4.0,7.0351837989026285
R055,T11,DR0325,GP,8,3,25.6,25.0,4.0,7.0351837989026285
R055,T11,DR0325,GP,9,4,17.6,25.0,4.0,7.0351837989026285
R055,T11,DR0325,GP,10,8,21.0,25.0,4.0,7.0351837989026285
R055,T11,DR0325,GP,11,1,15.8,25.0,4.0,7.0351837989026285
R055,T11,DR0325,GP,12,2,17.4,25.0,4.0,7.0351837989026285
R051,T11,DR0326,Cardiologist,1,3,30.9,45.0,4.0,7.0351837989026285
R051,T11,DR0326,Cardiologist,2,4,47.1,45.0,4.0,7.0351837989026285
R051,T11,DR0326,Cardiologist,3,6,29.0,45.0,4.0,7.0351837989026285
R051,T11,DR0326,Cardiologist,4,3,20.9,45.0,4.0,7.0351837989026285
R051,T11,DR0326,Cardiologist,5,4,31.0,45.0,4.0,7.0351837989026285
R051,T11,DR0326,Cardiologist,6,1,19.8,45.0,4.0,7.0351837989026285
R051,T11,DR0326,Cardiologist,7,6,28.5,45.0,4.0,7.0351837989026285
R051,T11,DR0326,Cardiologist,8,4,26.0,45.0,4.0,7.0351837989026285
R051,T11,DR0326,Cardiologist,9,7,35.2,45.0,4.0,7.0351837989026285
R051,T11,DR0326,Cardiologist,10,6,36.3,45.0,4.0,7.0351837989026285
R051,T11,DR0326,Cardiologist,11,6,21.8,45.0,4.0,7.0351837989026285
R051,T11,DR0326,Cardiologist,12,8,41.6,45.0,4.0,7.0351837989026285
R052,T11,DR0327,Endocrinologist,1,2,36.4,52.5,4.0,7.0351837989026285
R052,T11,DR0327,Endocrinologist,2,4,25.6,52.5,4.0,7.0351837989026285
R052,T11,DR0327,Endocrinologist,3,4,30.2,52.5,4.0,7.0351837989026285
R052,T11,DR0327,Endocrinologist,4,5,47.0,52.5,4.0,7.0351837989026285
R052,T11,DR0327,Endocrinologist,5,6,28.8,52.5,4.0,7.0351837989026285
R052,T11,DR0327,Endocrinologist,6,1,15.7,52.5,4.0,7.0351837989026285
R052,T11,DR0327,Endocrinologist,7,4,49.0,52.5,4.0,7.0351837989026285
R052,T11,DR0327,Endocrinologist,8,1,10.8,52.5,4.0,7.0351837989026285
R052,T11,DR0327,Endocrinologist,9,5,40.8,52.5,4.0,7.0351837989026285
R052,T11,DR0327,Endocrinologist,10,5,27.5,52.5,4.0,7.0351837989026285
R052,T11,DR0327,Endocrinologist,11,2,17.1,52.5,4.0,7.0351837989026285
R052,T11,DR0327,Endocrinologist,12,5,27.9,52.5,4.0,7.0351837989026285
R053,T11,DR0328,Neurologist,1,3,19.3,37.5,4.0,7.0351837989026285
R053,T11,DR0328,Neurologist,2,5,30.8,37.5,4.0,7.0351837989026285
R053,T11,DR0328,Neurologist,3,5,30.5,37.5,4.0,7.0351837989026285
R053,T11,DR0328,Neurologist,4,5,27.0,37.5,4.0,7.0351837989026285
R053,T11,DR0328,Neurologist,5,6,33.8,37.5,4.0,7.0351837989026285
R053,T11,DR0328,Neurologist,6,3,18.9,37.5,4.0,7.0351837989026285
R053,T11,DR0328,Neurologist,7,1,15.3,37.5,4.0,7.0351837989026285
R053,T11,DR0328,Neurologist,8,7,30.7,37.5,4.0,7.0351837989026285
R053,T11,DR0328,Neurologist,9,4,29.7,37.5,4.0,7.0351837989026285
R053,T11,DR0328,Neurologist,10,2,19.5,37.5,4.0,7.0351837989026285
R053,T11,DR0328,Neurologist,11,2,21.1,37.5,4.0,7.0351837989026285
R053,T11,DR0328,Neurologist,12,8,33.7,37.5,4.0,7.0351837989026285
R054,T11,DR0329,GP,1,1,13.6,25.0,4.0,7.0351837989026285
R054,T11,DR0329,GP,2,1,9.7,25.0,4.0,7.0351837989026285
R054,T11,DR0329,GP,3,3,18.0,25.0,4.0,7.0351837989026285
R054,T11,DR0329,GP,4,3,23.8,25.0,4.0,7.0351837989026285
R054,T11,DR0329,GP,5,1,12.0,25.0,4.0,7.0351837989026285
R054,T11,DR0329,GP,6,4,19.9,25.0,4.0,7.0351837989026285
R054,T11,DR0329,GP,7,3,16.8,25.0,4.0,7.0351837989026285
R054,T11,DR0329,GP,8,2,16.3,25.0,4.0,7.0351837989026285
R054,T11,DR0329,GP,9,3,13.6,25.0,4.0,7.0351837989026285
R054,T11,DR0329,GP,10,1,15.3,25.0,4.0,7.0351837989026285
R054,T11,DR0329,GP,11,2,9.4,25.0,4.0,7.0351837989026285
R054,T11,DR0329,GP,12,1,16.3,25.0,4.0,7.0351837989026285
R055,T11,DR0330,Cardiologist,1,2,28.5,45.0,4.0,7.0351837989026285
R055,T11,DR0330,Cardiologist,2,6,35.8,45.0,4.0,7.0351837989026285
R055,T11,DR0330,Cardiologist,3,1,14.5,45.0,4.0,7.0351837989026285
R055,T11,DR0330,Cardiologist,4,7,49.9,45.0,4.0,7.0351837989026285
R055,T11,DR0330,Cardiologist,5,3,28.3,45.0,4.0,7.0351837989026285
R055,T11,DR0330,Cardiologist,6,7,41.0,45.0,4.0,7.0351837989026285
R055,T11,DR0330,Cardiologist,7,4,34.2,45.0,4.0,7.0351837989026285
R055,T11,DR0330,Cardiologist,8,5,35.2,45.0,4.0,7.0351837989026285
R055,T11,DR0330,Cardiologist,9,9,29.2,45.0,4.0,7.0351837989026285
R055,T11,DR0330,Cardiologist,10,6,35.7,45.0,4.0,7.0351837989026285
R055,T11,DR0330,Cardiologist,11,4,34.8,45.0,4.0,7.0351837989026285
R055,T11,DR0330,Cardiologist,12,3,23.9,45.0,4.0,7.0351837989026285
R056,T12,DR0331,GP,1,4,20.1,25.0,4.0,6.2223354834315865
R056,T12,DR0331,GP,2,4,12.3,25.0,4.0,6.2223354834315865
R056,T12,DR0331,GP,3,3,24.3,25.0,4.0,6.2223354834315865
R056,T12,DR0331,GP,4,1,16.7,25.0,4.0,6.2223354834315865
R056,T12,DR0331,GP,5,2,16.9,25.0,4.0,6.2223354834315865
R056,T12,DR0331,GP,6,3,15.7,25.0,4.0,6.2223354834315865
R056,T12,DR0331,GP,7,2,13.9,25.0,4.0,6.2223354834315865
R056,T12,DR0331,GP,8,4,22.1,25.0,4.0,6.2223354834315865
R056,T12,DR0331,GP,9,1,12.7,25.0,4.0,6.2223354834315865
R056,T12,DR0331,GP,10,4,19.1,25.0,4.0,6.2223354834315865
R056,T12,DR0331,GP,11,3,13.6,25.0,4.0,6.2223354834315865
R056,T12,DR0331,GP,12,2,13.9,25.0,4.0,6.2223354834315865
R057,T12,DR0332,Cardiologist,1,5,26.9,45.0,4.0,6.2223354834315865
R057,T12,DR0332,Cardiologist,2,6,26.7,45.0,4.0,6.2223354834315865
R057,T12,DR0332,Cardiologist,3,6,28.4,45.0,4.0,6.2223354834315865
R057,T12,DR0332,Cardiologist,4,5,40.0,45.0,4.0,6.2223354834315865
R057,T12,DR0332,Cardiologist,5,8,38.0,45.0,4.0,6.2223354834315865
R057,T12,DR0332,Cardiologist,6,1,12.9,45.0,4.0,6.2223354834315865
R057,T12,DR0332,Cardiologist,7,2,25.1,45.0,4.0,6.2223354834315865
R057,T12,DR0332,Cardiologist,8,11,70.6,45.0,4.0,6.2223354834315865
R057,T12,DR0332,Cardiologist,9,7,45.0,45.0,4.0,6.2223354834315865
R057,T12,DR0332,Cardiologist,10,5,27.3,45.0,4.0,6.2223354834315865
R057,T12,DR0332,Cardiologist,11,5,44.5,45.0,4.0,6.2223354834315865
R057,T12,DR0332,Cardiologist,12,4,29.9,45.0,4.0,6.2223354834315865
R058,T12,DR0333,Endocrinologist,1,8,42.3,52.5,4.0,6.2223354834315865
R058,T12,DR0333,Endocrinologist,2,4,28.9,52.5,4.0,6.2223354834315865
R058,T12,DR0333,Endocrinologist,3,6,36.7,52.5,4.0,6.2223354834315865
R058,T12,DR0333,Endocrinologist,4,10,39.2,52.5,4.0,6.2223354834315865
R058,T12,DR0333,Endocrinologist,5,2,19.3,52.5,4.0,6.2223354834315865
R058,T12,DR0333,Endocrinologist,6,4,21.3,52.5,4.0,6.2223354834315865
R058,T12,DR0333,Endocrinologist,7,5,22.6,52.5,4.0,6.2223354834315865
R058,T12,DR0333,Endocrinologist,8,4,26.5,52.5,4.0,6.2223354834315865
R058,T12,DR0333,Endocrinologist,9,7,33.3,52.5,4.0,6.2223354834315865
R058,T12,DR0333,Endocrinologist,10,3,32.6,52.5,4.0,6.2223354834315865
R058,T12,DR0333,Endocrinologist,11,4,48.7,52.5,4.0,6.2223354834315865
R058,T12,DR0333,Endocrinologist,12,9,35.0,52.5,4.0,6.2223354834315865
R059,T12,DR0334,Neurologist,1,5,24.4,37.5,4.0,6.2223354834315865
R059,T12,DR0334,Neurologist,2,8,36.7,37.5,4.0,6.2223354834315865
R059,T12,DR0334,Neurologist,3,8,44.5,37.5,4.0,6.2223354834315865
R059,T12,DR0334,Neurologist,4,3,23.3,37.5,4.0,6.2223354834315865
R059,T12,DR0334,Neurologist,5,1,16.9,37.5,4.0,6.2223354834315865
R059,T12,DR0334,Neurologist,6,3,34.3,37.5,4.0,6.2223354834315865
R059,T12,DR0334,Neurologist,7,3,14.4,37.5,4.0,6.2223354834315865
R059,T12,DR0334,Neurologist,8,1,16.9,37.5,4.0,6.2223354834315865
R059,T12,DR0334,Neurologist,9,6,34.2,37.5,4.0,6.2223354834315865
R059,T12,DR0334,Neurologist,10,1,17.4,37.5,4.0,6.2223354834315865
R059,T12,DR0334,Neurologist,11,1,16.2,37.5,4.0,6.2223354834315865
R059,T12,DR0334,Neurologist,12,4,31.8,37.5,4.0,6.2223354834315865
R060,T12,DR0335,GP,1,2,15.7,25.0,4.0,6.2223354834315865
R060,T12,DR0335,GP,2,5,21.0,25.0,4.0,6.2223354834315865
R060,T12,DR0335,GP,3,2,18.1,25.0,4.0,6.2223354834315865
R060,T12,DR0335,GP,4,1,10.6,25.0,4.0,6.2223354834315865
R060,T12,DR0335,GP,5,1,11.7,25.0,4.0,6.2223354834315865
R060,T12,DR0335,GP,6,1,10.3,25.0,4.0,6.2223354834315865
R060,T12,DR0335,GP,7,2,12.1,25.0,4.0,6.2223354834315865
R060,T12,DR0335,GP,8,5,22.4,25.0,4.0,6.2223354834315865
R060,T12,DR0335,GP,9,3,10.5,25.0,4.0,6.2223354834315865
R060,T12,DR0335,GP,10,4,19.9,25.0,4.0,6.2223354834315865
R060,T12,DR0335,GP,11,6,31.2,25.0,4.0,6.2223354834315865
R060,T12,DR0335,GP,12,4,26.8,25.0,4.0,6.2223354834315865
R056,T12,DR0336,Cardiologist,1,4,26.3,45.0,4.0,6.2223354834315865
R056,T12,DR0336,Cardiologist,2,3,19.3,45.0,4.0,6.2223354834315865
R056,T12,DR0336,Cardiologist,3,3,28.0,45.0,4.0,6.2223354834315865
R056,T12,DR0336,Cardiologist,4,6,22.6,45.0,4.0,6.2223354834315865
R056,T12,DR0336,Cardiologist,5,5,44.0,45.0,4.0,6.2223354834315865
R056,T12,DR0336,Cardiologist,6,4,25.9,45.0,4.0,6.2223354834315865
R056,T12,DR0336,Cardiologist,7,2,14.7,45.0,4.0,6.2223354834315865
R056,T12,DR0336,Cardiologist,8,4,24.5,45.0,4.0,6.2223354834315865
R056,T12,DR0336,Cardiologist,9,4,37.1,45.0,4.0,6.2223354834315865
R056,T12,DR0336,Cardiologist,10,7,54.5,45.0,4.0,6.2223354834315865
R056,T12,DR0336,Cardiologist,11,3,25.4,45.0,4.0,6.2223354834315865
R056,T12,DR0336,Cardiologist,12,6,25.0,45.0,4.0,6.2223354834315865
R057,T12,DR0337,Endocrinologist,1,8,46.5,52.5,4.0,6.2223354834315865
R057,T12,DR0337,Endocrinologist,2,12,45.0,52.5,4.0,6.2223354834315865
R057,T12,DR0337,Endocrinologist,3,4,34.4,52.5,4.0,6.2223354834315865
R057,T12,DR0337,Endocrinologist,4,3,20.9,52.5,4.0,6.2223354834315865
R057,T12,DR0337,Endocrinologist,5,6,34.4,52.5,4.0,6.2223354834315865
R057,T12,DR0337,Endocrinologist,6,6,28.7,52.5,4.0,6.2223354834315865
R057,T12,DR0337,Endocrinologist,7,8,30.5,52.5,4.0,6.2223354834315865
R057,T12,DR0337,Endocrinologist,8,9,29.5,52.5,4.0,6.2223354834315865
R057,T12,DR0337,Endocrinologist,9,3,35.0,52.5,4.0,6.2223354834315865
R057,T12,DR0337,Endocrinologist,10,7,27.6,52.5,4.0,6.2223354834315865
R057,T12,DR0337,Endocrinologist,11,8,42.8,52.5,4.0,6.2223354834315865
R057,T12,DR0337,Endocrinologist,12,8,41.5,52.5,4.0,6.2223354834315865
R058,T12,DR0338,Neurologist,1,3,21.1,37.5,4.0,6.2223354834315865
R058,T12,DR0338,Neurologist,2,4,18.4,37.5,4.0,6.2223354834315865
R058,T12,DR0338,Neurologist,3,4,24.6,37.5,4.0,6.2223354834315865
R058,T12,DR0338,Neurologist,4,5,26.6,37.5,4.0,6.2223354834315865
R058,T12,DR0338,Neurologist,5,6,38.6,37.5,4.0,6.2223354834315865
R058,T12,DR0338,Neurologist,6,4,15.9,37.5,4.0,6.2223354834315865
R058,T12,DR0338,Neurologist,7,1,11.8,37.5,4.0,6.2223354834315865
R058,T12,DR0338,Neurologist,8,5,24.4,37.5,4.0,6.2223354834315865
R058,T12,DR0338,Neurologist,9,5,35.9,37.5,4.0,6.2223354834315865
R058,T12,DR0338,Neurologist,10,3,20.9,37.5,4.0,6.2223354834315865
R058,T12,DR0338,Neurologist,11,4,16.4,37.5,4.0,6.2223354834315865
R058,T12,DR0338,Neurologist,12,4,20.3,37.5,4.0,6.2223354834315865
R059,T12,DR0339,GP,1,6,24.2,25.0,4.0,6.2223354834315865
R059,T12,DR0339,GP,2,4,18.3,25.0,4.0,6.2223354834315865
R059,T12,DR0339,GP,3,4,16.6,25.0,4.0,6.2223354834315865
R059,T12,DR0339,GP,4,4,10.1,25.0,4.0,6.2223354834315865
R059,T12,DR0339,GP,5,6,24.4,25.0,4.0,6.2223354834315865
R059,T12,DR0339,GP,6,1,9.7,25.0,4.0,6.2223354834315865
R059,T12,DR0339,GP,7,3,17.8,25.0,4.0,6.2223354834315865
R059,T12,DR0339,GP,8,2,12.1,25.0,4.0,6.2223354834315865
R059,T12,DR0339,GP,9,3,17.5,25.0,4.0,6.2223354834315865
R059,T12,DR0339,GP,10,1,10.2,25.0,4.0,6.2223354834315865
R059,T12,DR0339,GP,11,4,16.8,25.0,4.0,6.2223354834315865
R059,T12,DR0339,GP,12,4,19.0,25.0,4.0,6.2223354834315865
R060,T12,DR0340,Cardiologist,1,9,32.2,45.0,4.0,6.2223354834315865
R060,T12,DR0340,Cardiologist,2,3,25.7,45.0,4.0,6.2223354834315865
R060,T12,DR0340,Cardiologist,3,2,20.4,45.0,4.0,6.2223354834315865
R060,T12,DR0340,Cardiologist,4,10,36.8,45.0,4.0,6.2223354834315865
R060,T12,DR0340,Cardiologist,5,5,29.4,45.0,4.0,6.2223354834315865
R060,T12,DR0340,Cardiologist,6,5,21.7,45.0,4.0,6.2223354834315865
R060,T12,DR0340,Cardiologist,7,9,34.4,45.0,4.0,6.2223354834315865
R060,T12,DR0340,Cardiologist,8,3,41.1,45.0,4.0,6.2223354834315865
R060,T12,DR0340,Cardiologist,9,4,26.1,45.0,4.0,6.2223354834315865
R060,T12,DR0340,Cardiologist,10,6,40.9,45.0,4.0,6.2223354834315865
R060,T12,DR0340,Cardiologist,11,7,39.9,45.0,4.0,6.2223354834315865
R060,T12,DR0340,Cardiologist,12,3,42.8,45.0,4.0,6.2223354834315865
R056,T12,DR0341,Endocrinologist,1,5,28.6,52.5,4.0,6.2223354834315865
R056,T12,DR0341,Endocrinologist,2,6,39.0,52.5,4.0,6.2223354834315865
R056,T12,DR0341,Endocrinologist,3,4,32.2,52.5,4.0,6.2223354834315865
R056,T12,DR0341,Endocrinologist,4,6,42.3,52.5,4.0,6.2223354834315865
R056,T12,DR0341,Endocrinologist,5,8,66.4,52.5,4.0,6.2223354834315865
R056,T12,DR0341,Endocrinologist,6,4,22.1,52.5,4.0,6.2223354834315865
R056,T12,DR0341,Endocrinologist,7,12,68.9,52.5,4.0,6.2223354834315865
R056,T12,DR0341,Endocrinologist,8,5,31.9,52.5,4.0,6.2223354834315865
R056,T12,DR0341,Endocrinologist,9,3,17.8,52.5,4.0,6.2223354834315865
R056,T12,DR0341,Endocrinologist,10,5,38.9,52.5,4.0,6.2223354834315865
R056,T12,DR0341,Endocrinologist,11,9,36.5,52.5,4.0,6.2223354834315865
R056,T12,DR0341,Endocrinologist,12,2,27.5,52.5,4.0,6.2223354834315865
R057,T12,DR0342,Neurologist,1,3,11.5,37.5,4.0,6.2223354834315865
R057,T12,DR0342,Neurologist,2,1,16.3,37.5,4.0,6.2223354834315865
R057,T12,DR0342,Neurologist,3,3,18.9,37.5,4.0,6.2223354834315865
R057,T12,DR0342,Neurologist,4,3,23.9,37.5,4.0,6.2223354834315865
R057,T12,DR0342,Neurologist,5,4,20.7,37.5,4.0,6.2223354834315865
R057,T12,DR0342,Neurologist,6,5,26.4,37.5,4.0,6.2223354834315865
R057,T12,DR0342,Neurologist,7,2,16.6,37.5,4.0,6.2223354834315865
R057,T12,DR0342,Neurologist,8,4,36.0,37.5,4.0,6.2223354834315865
R057,T12,DR0342,Neurologist,9,3,31.5,37.5,4.0,6.2223354834315865
R057,T12,DR0342,Neurologist,10,2,16.9,37.5,4.0,6.2223354834315865
R057,T12,DR0342,Neurologist,11,4,20.8,37.5,4.0,6.2223354834315865
R057,T12,DR0342,Neurologist,12,3,31.5,37.5,4.0,6.2223354834315865
R058,T12,DR0343,GP,1,1,15.5,25.0,4.0,6.2223354834315865
R058,T12,DR0343,GP,2,2,11.1,25.0,4.0,6.2223354834315865
R058,T12,DR0343,GP,3,5,28.5,25.0,4.0,6.2223354834315865
R058,T12,DR0343,GP,4,1,20.5,25.0,4.0,6.2223354834315865
R058,T12,DR0343,GP,5,3,18.8,25.0,4.0,6.2223354834315865
R058,T12,DR0343,GP,6,2,19.3,25.0,4.0,6.2223354834315865
R058,T12,DR0343,GP,7,3,19.7,25.0,4.0,6.2223354834315865
R058,T12,DR0343,GP,8,4,13.5,25.0,4.0,6.2223354834315865
R058,T12,DR0343,GP,9,3,20.0,25.0,4.0,6.2223354834315865
R058,T12,DR0343,GP,10,1,9.4,25.0,4.0,6.2223354834315865
R058,T12,DR0343,GP,11,4,19.1,25.0,4.0,6.2223354834315865
R058,T12,DR0343,GP,12,2,13.0,25.0,4.0,6.2223354834315865
R059,T12,DR0344,Cardiologist,1,1,15.2,45.0,4.0,6.2223354834315865
R059,T12,DR0344,Cardiologist,2,2,35.5,45.0,4.0,6.2223354834315865
R059,T12,DR0344,Cardiologist,3,4,25.8,45.0,4.0,6.2223354834315865
R059,T12,DR0344,Cardiologist,4,5,34.3,45.0,4.0,6.2223354834315865
R059,T12,DR0344,Cardiologist,5,7,54.1,45.0,4.0,6.2223354834315865
R059,T12,DR0344,Cardiologist,6,8,59.1,45.0,4.0,6.2223354834315865
R059,T12,DR0344,Cardiologist,7,5,31.5,45.0,4.0,6.2223354834315865
R059,T12,DR0344,Cardiologist,8,6,38.6,45.0,4.0,6.2223354834315865
R059,T12,DR0344,Cardiologist,9,7,36.2,45.0,4.0,6.2223354834315865
R059,T12,DR0344,Cardiologist,10,4,32.6,45.0,4.0,6.2223354834315865
R059,T12,DR0344,Cardiologist,11,6,39.9,45.0,4.0,6.2223354834315865
R059,T12,DR0344,Cardiologist,12,6,41.4,45.0,4.0,6.2223354834315865
R060,T12,DR0345,Endocrinologist,1,3,19.9,52.5,4.0,6.2223354834315865
R060,T12,DR0345,Endocrinologist,2,2,33.3,52.5,4.0,6.2223354834315865
R060,T12,DR0345,Endocrinologist,3,5,28.8,52.5,4.0,6.2223354834315865
R060,T12,DR0345,Endocrinologist,4,7,40.3,52.5,4.0,6.2223354834315865
R060,T12,DR0345,Endocrinologist,5,5,28.9,52.5,4.0,6.2223354834315865
R060,T12,DR0345,Endocrinologist,6,3,30.5,52.5,4.0,6.2223354834315865
R060,T12,DR0345,Endocrinologist,7,7,37.3,52.5,4.0,6.2223354834315865
R060,T12,DR0345,Endocrinologist,8,8,29.9,52.5,4.0,6.2223354834315865
R060,T12,DR0345,Endocrinologist,9,3,26.4,52.5,4.0,6.2223354834315865
R060,T12,DR0345,Endocrinologist,10,5,34.9,52.5,4.0,6.2223354834315865
R060,T12,DR0345,Endocrinologist,11,6,25.2,52.5,4.0,6.2223354834315865
R060,T12,DR0345,Endocrinologist,12,1,23.2,52.5,4.0,6.2223354834315865
R056,T12,DR0346,Neurologist,1,4,23.3,37.5,4.0,6.2223354834315865
R056,T12,DR0346,Neurologist,2,2,18.2,37.5,4.0,6.2223354834315865
R056,T12,DR0346,Neurologist,3,4,21.3,37.5,4.0,6.2223354834315865
R056,T12,DR0346,Neurologist,4,3,20.4,37.5,4.0,6.2223354834315865
R056,T12,DR0346,Neurologist,5,3,17.0,37.5,4.0,6.2223354834315865
R056,T12,DR0346,Neurologist,6,9,39.5,37.5,4.0,6.2223354834315865
R056,T12,DR0346,Neurologist,7,6,21.4,37.5,4.0,6.2223354834315865
R056,T12,DR0346,Neurologist,8,1,10.3,37.5,4.0,6.2223354834315865
R056,T12,DR0346,Neurologist,9,3,23.0,37.5,4.0,6.2223354834315865
R056,T12,DR0346,Neurologist,10,5,32.9,37.5,4.0,6.2223354834315865
R056,T12,DR0346,Neurologist,11,4,24.3,37.5,4.0,6.2223354834315865
R056,T12,DR0346,Neurologist,12,1,11.1,37.5,4.0,6.2223354834315865
R057,T12,DR0347,GP,1,5,15.1,25.0,4.0,6.2223354834315865
R057,T12,DR0347,GP,2,2,18.2,25.0,4.0,6.2223354834315865
R057,T12,DR0347,GP,3,11,25.2,25.0,4.0,6.2223354834315865
R057,T12,DR0347,GP,4,7,19.6,25.0,4.0,6.2223354834315865
R057,T12,DR0347,GP,5,4,21.6,25.0,4.0,6.2223354834315865
R057,T12,DR0347,GP,6,5,12.4,25.0,4.0,6.2223354834315865
R057,T12,DR0347,GP,7,1,23.0,25.0,4.0,6.2223354834315865
R057,T12,DR0347,GP,8,4,19.2,25.0,4.0,6.2223354834315865
R057,T12,DR0347,GP,9,3,15.7,25.0,4.0,6.2223354834315865
R057,T12,DR0347,GP,10,4,21.5,25.0,4.0,6.2223354834315865
R057,T12,DR0347,GP,11,1,15.5,25.0,4.0,6.2223354834315865
R057,T12,DR0347,GP,12,2,8.3,25.0,4.0,6.2223354834315865
R058,T12,DR0348,Cardiologist,1,8,30.1,45.0,4.0,6.2223354834315865
R058,T12,DR0348,Cardiologist,2,6,39.0,45.0,4.0,6.2223354834315865
R058,T12,DR0348,Cardiologist,3,5,35.2,45.0,4.0,6.2223354834315865
R058,T12,DR0348,Cardiologist,4,4,28.9,45.0,4.0,6.2223354834315865
R058,T12,DR0348,Cardiologist,5,8,34.9,45.0,4.0,6.2223354834315865
R058,T12,DR0348,Cardiologist,6,4,18.5,45.0,4.0,6.2223354834315865
R058,T12,DR0348,Cardiologist,7,11,36.8,45.0,4.0,6.2223354834315865
R058,T12,DR0348,Cardiologist,8,9,34.6,45.0,4.0,6.2223354834315865
R058,T12,DR0348,Cardiologist,9,8,37.9,45.0,4.0,6.2223354834315865
R058,T12,DR0348,Cardiologist,10,6,31.2,45.0,4.0,6.2223354834315865
R058,T12,DR0348,Cardiologist,11,3,18.5,45.0,4.0,6.2223354834315865
R058,T12,DR0348,Cardiologist,12,6,43.7,45.0,4.0,6.2223354834315865
R059,T12,DR0349,Endocrinologist,1,8,30.6,52.5,4.0,6.2223354834315865
R059,T12,DR0349,Endocrinologist,2,8,31.6,52.5,4.0,6.2223354834315865
R059,T12,DR0349,Endocrinologist,3,4,35.8,52.5,4.0,6.2223354834315865
R059,T12,DR0349,Endocrinologist,4,9,39.0,52.5,4.0,6.2223354834315865
R059,T12,DR0349,Endocrinologist,5,4,31.6,52.5,4.0,6.2223354834315865
R059,T12,DR0349,Endocrinologist,6,7,43.5,52.5,4.0,6.2223354834315865
R059,T12,DR0349,Endocrinologist,7,3,27.0,52.5,4.0,6.2223354834315865
R059,T12,DR0349,Endocrinologist,8,6,33.7,52.5,4.0,6.2223354834315865
R059,T12,DR0349,Endocrinologist,9,10,28.0,52.5,4.0,6.2223354834315865
R059,T12,DR0349,Endocrinologist,10,2,24.8,52.5,4.0,6.2223354834315865
R059,T12,DR0349,Endocrinologist,11,5,30.2,52.5,4.0,6.2223354834315865
R059,T12,DR0349,Endocrinologist,12,9,41.8,52.5,4.0,6.2223354834315865
R060,T12,DR0350,Neurologist,1,5,32.0,37.5,4.0,6.2223354834315865
R060,T12,DR0350,Neurologist,2,7,32.0,37.5,4.0,6.2223354834315865
R060,T12,DR0350,Neurologist,3,2,17.5,37.5,4.0,6.2223354834315865
R060,T12,DR0350,Neurologist,4,3,23.6,37.5,4.0,6.2223354834315865
R060,T12,DR0350,Neurologist,5,4,26.5,37.5,4.0,6.2223354834315865
R060,T12,DR0350,Neurologist,6,6,31.1,37.5,4.0,6.2223354834315865
R060,T12,DR0350,Neurologist,7,4,24.5,37.5,4.0,6.2223354834315865
R060,T12,DR0350,Neurologist,8,5,37.1,37.5,4.0,6.2223354834315865
R060,T12,DR0350,Neurologist,9,1,14.4,37.5,4.0,6.2223354834315865
R060,T12,DR0350,Neurologist,10,7,38.4,37.5,4.0,6.2223354834315865
R060,T12,DR0350,Neurologist,11,5,28.5,37.5,4.0,6.2223354834315865
R060,T12,DR0350,Neurologist,12,3,20.0,37.5,4.0,6.2223354834315865
R056,T12,DR0351,GP,1,3,22.1,25.0,4.0,6.2223354834315865
R056,T12,DR0351,GP,2,3,10.0,25.0,4.0,6.2223354834315865
R056,T12,DR0351,GP,3,5,15.5,25.0,4.0,6.2223354834315865
R056,T12,DR0351,GP,4,1,12.9,25.0,4.0,6.2223354834315865
R056,T12,DR0351,GP,5,3,22.0,25.0,4.0,6.2223354834315865
R056,T12,DR0351,GP,6,4,22.5,25.0,4.0,6.2223354834315865
R056,T12,DR0351,GP,7,4,19.6,25.0,4.0,6.2223354834315865
R056,T12,DR0351,GP,8,5,30.8,25.0,4.0,6.2223354834315865
R056,T12,DR0351,GP,9,3,17.4,25.0,4.0,6.2223354834315865
R056,T12,DR0351,GP,10,2,16.2,25.0,4.0,6.2223354834315865
R056,T12,DR0351,GP,11,2,11.6,25.0,4.0,6.2223354834315865
R056,T12,DR0351,GP,12,4,15.9,25.0,4.0,6.2223354834315865
R057,T12,DR0352,Cardiologist,1,5,31.8,45.0,4.0,6.2223354834315865
R057,T12,DR0352,Cardiologist,2,3,25.4,45.0,4.0,6.2223354834315865
R057,T12,DR0352,Cardiologist,3,3,26.8,45.0,4.0,6.2223354834315865
R057,T12,DR0352,Cardiologist,4,1,17.9,45.0,4.0,6.2223354834315865
R057,T12,DR0352,Cardiologist,5,5,28.8,45.0,4.0,6.2223354834315865
R057,T12,DR0352,Cardiologist,6,4,64.3,45.0,4.0,6.2223354834315865
R057,T12,DR0352,Cardiologist,7,6,29.9,45.0,4.0,6.2223354834315865
R057,T12,DR0352,Cardiologist,8,4,31.8,45.0,4.0,6.2223354834315865
R057,T12,DR0352,Cardiologist,9,4,29.9,45.0,4.0,6.2223354834315865
R057,T12,DR0352,Cardiologist,10,6,46.8,45.0,4.0,6.2223354834315865
R057,T12,DR0352,Cardiologist,11,3,35.6,45.0,4.0,6.2223354834315865
R057,T12,DR0352,Cardiologist,12,3,30.9,45.0,4.0,6.2223354834315865
R058,T12,DR0353,Endocrinologist,1,12,56.1,52.5,4.0,6.2223354834315865
R058,T12,DR0353,Endocrinologist,2,7,29.2,52.5,4.0,6.2223354834315865
R058,T12,DR0353,Endocrinologist,3,8,27.8,52.5,4.0,6.2223354834315865
R058,T12,DR0353,Endocrinologist,4,6,36.8,52.5,4.0,6.2223354834315865
R058,T12,DR0353,Endocrinologist,5,4,43.7,52.5,4.0,6.2223354834315865
R058,T12,DR0353,Endocrinologist,6,10,39.1,52.5,4.0,6.2223354834315865
R058,T12,DR0353,Endocrinologist,7,7,49.0,52.5,4.0,6.2223354834315865
R058,T12,DR0353,Endocrinologist,8,1,18.2,52.5,4.0,6.2223354834315865
R058,T12,DR0353,Endocrinologist,9,5,45.7,52.5,4.0,6.2223354834315865
R058,T12,DR0353,Endocrinologist,10,6,41.3,52.5,4.0,6.2223354834315865
R058,T12,DR0353,Endocrinologist,11,9,45.4,52.5,4.0,6.2223354834315865
R058,T12,DR0353,Endocrinologist,12,10,48.4,52.5,4.0,6.2223354834315865
R059,T12,DR0354,Neurologist,1,1,11.4,37.5,4.0,6.2223354834315865
R059,T12,DR0354,Neurologist,2,8,43.7,37.5,4.0,6.2223354834315865
R059,T12,DR0354,Neurologist,3,1,12.6,37.5,4.0,6.2223354834315865
R059,T12,DR0354,Neurologist,4,3,21.1,37.5,4.0,6.2223354834315865
R059,T12,DR0354,Neurologist,5,6,32.0,37.5,4.0,6.2223354834315865
R059,T12,DR0354,Neurologist,6,5,28.7,37.5,4.0,6.2223354834315865
R059,T12,DR0354,Neurologist,7,2,17.9,37.5,4.0,6.2223354834315865
R059,T12,DR0354,Neurologist,8,4,30.3,37.5,4.0,6.2223354834315865
R059,T12,DR0354,Neurologist,9,11,30.3,37.5,4.0,6.2223354834315865
R059,T12,DR0354,Neurologist,10,6,43.2,37.5,4.0,6.2223354834315865
R059,T12,DR0354,Neurologist,11,3,18.1,37.5,4.0,6.2223354834315865
R059,T12,DR0354,Neurologist,12,4,29.5,37.5,4.0,6.2223354834315865
R060,T12,DR0355,GP,1,5,24.0,25.0,4.0,6.2223354834315865
R060,T12,DR0355,GP,2,1,10.3,25.0,4.0,6.2223354834315865
R060,T12,DR0355,GP,3,1,9.8,25.0,4.0,6.2223354834315865
R060,T12,DR0355,GP,4,6,18.3,25.0,4.0,6.2223354834315865
R060,T12,DR0355,GP,5,2,16.3,25.0,4.0,6.2223354834315865
R060,T12,DR0355,GP,6,7,27.4,25.0,4.0,6.2223354834315865
R060,T12,DR0355,GP,7,2,12.4,25.0,4.0,6.2223354834315865
R060,T12,DR0355,GP,8,3,15.7,25.0,4.0,6.2223354834315865
R060,T12,DR0355,GP,9,5,21.2,25.0,4.0,6.2223354834315865
R060,T12,DR0355,GP,10,4,19.1,25.0,4.0,6.2223354834315865
R060,T12,DR0355,GP,11,4,19.0,25.0,4.0,6.2223354834315865
R060,T12,DR0355,GP,12,5,26.3,25.0,4.0,6.2223354834315865
R056,T12,DR0356,Cardiologist,1,7,29.2,45.0,4.0,6.2223354834315865
R056,T12,DR0356,Cardiologist,2,5,39.9,45.0,4.0,6.2223354834315865
R056,T12,DR0356,Cardiologist,3,5,28.6,45.0,4.0,6.2223354834315865
R056,T12,DR0356,Cardiologist,4,3,22.6,45.0,4.0,6.2223354834315865
R056,T12,DR0356,Cardiologist,5,10,22.2,45.0,4.0,6.2223354834315865
R056,T12,DR0356,Cardiologist,6,5,28.3,45.0,4.0,6.2223354834315865
R056,T12,DR0356,Cardiologist,7,3,25.2,45.0,4.0,6.2223354834315865
R056,T12,DR0356,Cardiologist,8,4,29.6,45.0,4.0,6.2223354834315865
R056,T12,DR0356,Cardiologist,9,2,24.7,45.0,4.0,6.2223354834315865
R056,T12,DR0356,Cardiologist,10,1,16.2,45.0,4.0,6.2223354834315865
R056,T12,DR0356,Cardiologist,11,7,29.0,45.0,4.0,6.2223354834315865
R056,T12,DR0356,Cardiologist,12,6,28.1,45.0,4.0,6.2223354834315865
R057,T12,DR0357,Endocrinologist,1,6,42.9,52.5,4.0,6.2223354834315865
R057,T12,DR0357,Endocrinologist,2,8,26.9,52.5,4.0,6.2223354834315865
R057,T12,DR0357,Endocrinologist,3,4,22.0,52.5,4.0,6.2223354834315865
R057,T12,DR0357,Endocrinologist,4,3,38.9,52.5,4.0,6.2223354834315865
R057,T12,DR0357,Endocrinologist,5,2,22.0,52.5,4.0,6.2223354834315865
R057,T12,DR0357,Endocrinologist,6,5,28.3,52.5,4.0,6.2223354834315865
R057,T12,DR0357,Endocrinologist,7,4,35.9,52.5,4.0,6.2223354834315865
R057,T12,DR0357,Endocrinologist,8,4,35.9,52.5,4.0,6.2223354834315865
R057,T12,DR0357,Endocrinologist,9,10,46.1,52.5,4.0,6.2223354834315865
R057,T12,DR0357,Endocrinologist,10,4,36.1,52.5,4.0,6.2223354834315865
R057,T12,DR0357,Endocrinologist,11,3,32.2,52.5,4.0,6.2223354834315865
R057,T12,DR0357,Endocrinologist,12,4,28.7,52.5,4.0,6.2223354834315865
R058,T12,DR0358,Neurologist,1,3,19.2,37.5,4.0,6.2223354834315865
R058,T12,DR0358,Neurologist,2,4,23.3,37.5,4.0,6.2223354834315865
R058,T12,DR0358,Neurologist,3,4,27.8,37.5,4.0,6.2223354834315865
R058,T12,DR0358,Neurologist,4,3,19.3,37.5,4.0,6.2223354834315865
R058,T12,DR0358,Neurologist,5,3,24.0,37.5,4.0,6.2223354834315865
R058,T12,DR0358,Neurologist,6,1,17.0,37.5,4.0,6.2223354834315865
R058,T12,DR0358,Neurologist,7,2,16.0,37.5,4.0,6.2223354834315865
R058,T12,DR0358,Neurologist,8,7,18.9,37.5,4.0,6.2223354834315865
R058,T12,DR0358,Neurologist,9,7,25.3,37.5,4.0,6.2223354834315865
R058,T12,DR0358,Neurologist,10,7,42.8,37.5,4.0,6.2223354834315865
R058,T12,DR0358,Neurologist,11,11,36.6,37.5,4.0,6.2223354834315865
R058,T12,DR0358,Neurologist,12,6,42.3,37.5,4.0,6.2223354834315865
R059,T12,DR0359,GP,1,7,17.1,25.0,4.0,6.2223354834315865
R059,T12,DR0359,GP,2,1,15.8,25.0,4.0,6.2223354834315865
R059,T12,DR0359,GP,3,3,28.6,25.0,4.0,6.2223354834315865
R059,T12,DR0359,GP,4,7,27.0,25.0,4.0,6.2223354834315865
R059,T12,DR0359,GP,5,4,22.0,25.0,4.0,6.2223354834315865
R059,T12,DR0359,GP,6,2,12.2,25.0,4.0,6.2223354834315865
R059,T12,DR0359,GP,7,4,24.2,25.0,4.0,6.2223354834315865
R059,T12,DR0359,GP,8,3,20.8,25.0,4.0,6.2223354834315865
R059,T12,DR0359,GP,9,3,21.2,25.0,4.0,6.2223354834315865
R059,T12,DR0359,GP,10,5,16.5,25.0,4.0,6.2223354834315865
R059,T12,DR0359,GP,11,2,17.9,25.0,4.0,6.2223354834315865
R059,T12,DR0359,GP,12,2,15.4,25.0,4.0,6.2223354834315865
R060,T12,DR0360,Cardiologist,1,8,40.1,45.0,4.0,6.2223354834315865
R060,T12,DR0360,Cardiologist,2,4,53.2,45.0,4.0,6.2223354834315865
R060,T12,DR0360,Cardiologist,3,4,34.5,45.0,4.0,6.2223354834315865
R060,T12,DR0360,Cardiologist,4,8,34.8,45.0,4.0,6.2223354834315865
R060,T12,DR0360,Cardiologist,5,3,32.7,45.0,4.0,6.2223354834315865
R060,T12,DR0360,Cardiologist,6,2,11.2,45.0,4.0,6.2223354834315865
R060,T12,DR0360,Cardiologist,7,2,37.2,45.0,4.0,6.2223354834315865
R060,T12,DR0360,Cardiologist,8,3,28.7,45.0,4.0,6.2223354834315865
R060,T12,DR0360,Cardiologist,9,4,29.3,45.0,4.0,6.2223354834315865
R060,T12,DR0360,Cardiologist,10,7,36.0,45.0,4.0,6.2223354834315865
R060,T12,DR0360,Cardiologist,11,6,41.6,45.0,4.0,6.2223354834315865
R060,T12,DR0360,Cardiologist,12,6,30.6,45.0,4.0,6.2223354834315865
R061,T13,DR0361,GP,1,5,15.2,25.0,4.0,0.5282455804897284
R061,T13,DR0361,GP,2,5,14.8,25.0,4.0,0.5282455804897284
R061,T13,DR0361,GP,3,5,22.0,25.0,4.0,0.5282455804897284
R061,T13,DR0361,GP,4,1,4.2,25.0,4.0,0.5282455804897284
R061,T13,DR0361,GP,5,2,9.9,25.0,4.0,0.5282455804897284
R061,T13,DR0361,GP,6,2,10.5,25.0,4.0,0.5282455804897284
R061,T13,DR0361,GP,7,3,7.1,25.0,4.0,0.5282455804897284
R061,T13,DR0361,GP,8,2,7.2,25.0,4.0,0.5282455804897284
R061,T13,DR0361,GP,9,1,5.9,25.0,4.0,0.5282455804897284
R061,T13,DR0361,GP,10,3,16.7,25.0,4.0,0.5282455804897284
R061,T13,DR0361,GP,11,3,13.7,25.0,4.0,0.5282455804897284
R061,T13,DR0361,GP,12,5,11.6,25.0,4.0,0.5282455804897284
R062,T13,DR0362,Cardiologist,1,5,21.5,45.0,4.0,0.5282455804897284
R062,T13,DR0362,Cardiologist,2,7,20.6,45.0,4.0,0.5282455804897284
R062,T13,DR0362,Cardiologist,3,4,37.4,45.0,4.0,0.5282455804897284
R062,T13,DR0362,Cardiologist,4,7,50.6,45.0,4.0,0.5282455804897284
R062,T13,DR0362,Cardiologist,5,5,18.1,45.0,4.0,0.5282455804897284
R062,T13,DR0362,Cardiologist,6,2,18.3,45.0,4.0,0.5282455804897284
R062,T13,DR0362,Cardiologist,7,2,12.4,45.0,4.0,0.5282455804897284
R062,T13,DR0362,Cardiologist,8,2,17.7,45.0,4.0,0.5282455804897284
R062,T13,DR0362,Cardiologist,9,5,19.8,45.0,4.0,0.5282455804897284
R062,T13,DR0362,Cardiologist,10,5,33.2,45.0,4.0,0.5282455804897284
R062,T13,DR0362,Cardiologist,11,5,31.0,45.0,4.0,0.5282455804897284
R062,T13,DR0362,Cardiologist,12,10,33.5,45.0,4.0,0.5282455804897284
R063,T13,DR0363,Endocrinologist,1,8,29.6,52.5,4.0,0.5282455804897284
R063,T13,DR0363,Endocrinologist,2,9,58.8,52.5,4.0,0.5282455804897284
R063,T13,DR0363,Endocrinologist,3,6,35.7,52.5,4.0,0.5282455804897284
R063,T13,DR0363,Endocrinologist,4,6,28.3,52.5,4.0,0.5282455804897284
R063,T13,DR0363,Endocrinologist,5,7,36.3,52.5,4.0,0.5282455804897284
R063,T13,DR0363,Endocrinologist,6,9,62.4,52.5,4.0,0.5282455804897284
R063,T13,DR0363,Endocrinologist,7,9,33.5,52.5,4.0,0.5282455804897284
R063,T13,DR0363,Endocrinologist,8,3,20.0,52.5,4.0,0.5282455804897284
R063,T13,DR0363,Endocrinologist,9,7,43.7,52.5,4.0,0.5282455804897284
R063,T13,DR0363,Endocrinologist,10,8,46.2,52.5,4.0,0.5282455804897284
R063,T13,DR0363,Endocrinologist,11,4,20.3,52.5,4.0,0.5282455804897284
R063,T13,DR0363,Endocrinologist,12,4,29.6,52.5,4.0,0.5282455804897284
R064,T13,DR0364,Neurologist,1,4,23.8,37.5,4.0,0.5282455804897284
R064,T13,DR0364,Neurologist,2,6,17.6,37.5,4.0,0.5282455804897284
R064,T13,DR0364,Neurologist,3,1,12.9,37.5,4.0,0.5282455804897284
R064,T13,DR0364,Neurologist,4,4,28.0,37.5,4.0,0.5282455804897284
R064,T13,DR0364,Neurologist,5,3,15.5,37.5,4.0,0.5282455804897284
R064,T13,DR0364,Neurologist,6,4,18.5,37.5,4.0,0.5282455804897284
R064,T13,DR0364,Neurologist,7,4,19.6,37.5,4.0,0.5282455804897284
R064,T13,DR0364,Neurologist,8,4,19.3,37.5,4.0,0.5282455804897284
R064,T13,DR0364,Neurologist,9,6,25.0,37.5,4.0,0.5282455804897284
R064,T13,DR0364,Neurologist,10,4,17.0,37.5,4.0,0.5282455804897284
R064,T13,DR0364,Neurologist,11,1,7.9,37.5,4.0,0.5282455804897284
R064,T13,DR0364,Neurologist,12,6,24.8,37.5,4.0,0.5282455804897284
R065,T13,DR0365,GP,1,1,4.1,25.0,4.0,0.5282455804897284
R065,T13,DR0365,GP,2,5,12.5,25.0,4.0,0.5282455804897284
R065,T13,DR0365,GP,3,2,7.6,25.0,4.0,0.5282455804897284
R065,T13,DR0365,GP,4,9,11.0,25.0,4.0,0.5282455804897284
R065,T13,DR0365,GP,5,1,4.6,25.0,4.0,0.5282455804897284
R065,T13,DR0365,GP,6,3,12.8,25.0,4.0,0.5282455804897284
R065,T13,DR0365,GP,7,4,16.3,25.0,4.0,0.5282455804897284
R065,T13,DR0365,GP,8,4,18.8,25.0,4.0,0.5282455804897284
R065,T13,DR0365,GP,9,4,13.8,25.0,4.0,0.5282455804897284
R065,T13,DR0365,GP,10,3,10.3,25.0,4.0,0.5282455804897284
R065,T13,DR0365,GP,11,3,15.6,25.0,4.0,0.5282455804897284
R065,T13,DR0365,GP,12,2,8.9,25.0,4.0,0.5282455804897284
R061,T13,DR0366,Cardiologist,1,7,22.6,45.0,4.0,0.5282455804897284
R061,T13,DR0366,Cardiologist,2,6,26.5,45.0,4.0,0.5282455804897284
R061,T13,DR0366,Cardiologist,3,8,20.8,45.0,4.0,0.5282455804897284
R061,T13,DR0366,Cardiologist,4,5,32.0,45.0,4.0,0.5282455804897284
R061,T13,DR0366,Cardiologist,5,3,18.6,45.0,4.0,0.5282455804897284
R061,T13,DR0366,Cardiologist,6,2,15.9,45.0,4.0,0.5282455804897284
R061,T13,DR0366,Cardiologist,7,3,28.7,45.0,4.0,0.5282455804897284
R061,T13,DR0366,Cardiologist,8,4,21.6,45.0,4.0,0.5282455804897284
R061,T13,DR0366,Cardiologist,9,5,32.0,45.0,4.0,0.5282455804897284
R061,T13,DR0366,Cardiologist,10,4,13.7,45.0,4.0,0.5282455804897284
R061,T13,DR0366,Cardiologist,11,4,16.9,45.0,4.0,0.5282455804897284
R061,T13,DR0366,Cardiologist,12,2,24.2,45.0,4.0,0.5282455804897284
R062,T13,DR0367,Endocrinologist,1,4,34.3,52.5,4.0,0.5282455804897284
R062,T13,DR0367,Endocrinologist,2,9,23.5,52.5,4.0,0.5282455804897284
R062,T13,DR0367,Endocrinologist,3,6,40.9,52.5,4.0,0.5282455804897284
R062,T13,DR0367,Endocrinologist,4,4,26.0,52.5,4.0,0.5282455804897284
R062,T13,DR0367,Endocrinologist,5,10,68.2,52.5,4.0,0.5282455804897284
R062,T13,DR0367,Endocrinologist,6,6,30.1,52.5,4.0,0.5282455804897284
R062,T13,DR0367,Endocrinologist,7,3,16.2,52.5,4.0,0.5282455804897284
R062,T13,DR0367,Endocrinologist,8,6,22.3,52.5,4.0,0.5282455804897284
R062,T13,DR0367,Endocrinologist,9,4,29.5,52.5,4.0,0.5282455804897284
R062,T13,DR0367,Endocrinologist,10,8,35.5,52.5,4.0,0.5282455804897284
R062,T13,DR0367,Endocrinologist,11,3,28.6,52.5,4.0,0.5282455804897284
R062,T13,DR0367,Endocrinologist,12,5,37.4,52.5,4.0,0.5282455804897284
R063,T13,DR0368,Neurologist,1,2,14.1,37.5,4.0,0.5282455804897284
R063,T13,DR0368,Neurologist,2,8,23.7,37.5,4.0,0.5282455804897284
R063,T13,DR0368,Neurologist,3,5,21.0,37.5,4.0,0.5282455804897284
R063,T13,DR0368,Neurologist,4,6,23.4,37.5,4.0,0.5282455804897284
R063,T13,DR0368,Neurologist,5,5,20.3,37.5,4.0,0.5282455804897284
R063,T13,DR0368,Neurologist,6,6,21.9,37.5,4.0,0.5282455804897284
R063,T13,DR0368,Neurologist,7,2,16.9,37.5,4.0,0.5282455804897284
R063,T13,DR0368,Neurologist,8,3,18.5,37.5,4.0,0.5282455804897284
R063,T13,DR0368,Neurologist,9,2,12.3,37.5,4.0,0.5282455804897284
R063,T13,DR0368,Neurologist,10,4,44.5,37.5,4.0,0.5282455804897284
R063,T13,DR0368,Neurologist,11,3,17.2,37.5,4.0,0.5282455804897284
R063,T13,DR0368,Neurologist,12,4,18.7,37.5,4.0,0.5282455804897284
R064,T13,DR0369,GP,1,3,8.2,25.0,4.0,0.5282455804897284
R064,T13,DR0369,GP,2,1,5.2,25.0,4.0,0.5282455804897284
R064,T13,DR0369,GP,3,1,4.7,25.0,4.0,0.5282455804897284
R064,T13,DR0369,GP,4,4,9.6,25.0,4.0,0.5282455804897284
R064,T13,DR0369,GP,5,2,10.1,25.0,4.0,0.5282455804897284
R064,T13,DR0369,GP,6,4,8.6,25.0,4.0,0.5282455804897284
R064,T13,DR0369,GP,7,4,8.6,25.0,4.0,0.5282455804897284
R064,T13,DR0369,GP,8,2,9.0,25.0,4.0,0.5282455804897284
R064,T13,DR0369,GP,9,3,9.8,25.0,4.0,0.5282455804897284
R064,T13,DR0369,GP,10,4,14.0,25.0,4.0,0.5282455804897284
R064,T13,DR0369,GP,11,3,12.4,25.0,4.0,0.5282455804897284
R064,T13,DR0369,GP,12,5,16.3,25.0,4.0,0.5282455804897284
R065,T13,DR0370,Cardiologist,1,7,26.8,45.0,4.0,0.5282455804897284
R065,T13,DR0370,Cardiologist,2,2,16.7,45.0,4.0,0.5282455804897284
R065,T13,DR0370,Cardiologist,3,5,19.8,45.0,4.0,0.5282455804897284
R065,T13,DR0370,Cardiologist,4,7,34.6,45.0,4.0,0.5282455804897284
R065,T13,DR0370,Cardiologist,5,4,19.0,45.0,4.0,0.5282455804897284
R065,T13,DR0370,Cardiologist,6,7,18.8,45.0,4.0,0.5282455804897284
R065,T13,DR0370,Cardiologist,7,4,19.9,45.0,4.0,0.5282455804897284
R065,T13,DR0370,Cardiologist,8,5,25.9,45.0,4.0,0.5282455804897284
R065,T13,DR0370,Cardiologist,9,6,26.9,45.0,4.0,0.5282455804897284
R065,T13,DR0370,Cardiologist,10,4,24.1,45.0,4.0,0.5282455804897284
R065,T13,DR0370,Cardiologist,11,2,17.2,45.0,4.0,0.5282455804897284
R065,T13,DR0370,Cardiologist,12,12,16.0,45.0,4.0,0.5282455804897284
R061,T13,DR0371,Endocrinologist,1,7,36.8,52.5,4.0,0.5282455804897284
R061,T13,DR0371,Endocrinologist,2,8,28.9,52.5,4.0,0.5282455804897284
R061,T13,DR0371,Endocrinologist,3,5,29.2,52.5,4.0,0.5282455804897284
R061,T13,DR0371,Endocrinologist,4,6,33.4,52.5,4.0,0.5282455804897284
R061,T13,DR0371,Endocrinologist,5,5,31.5,52.5,4.0,0.5282455804897284
R061,T13,DR0371,Endocrinologist,6,7,29.4,52.5,4.0,0.5282455804897284
R061,T13,DR0371,Endocrinologist,7,5,27.1,52.5,4.0,0.5282455804897284
R061,T13,DR0371,Endocrinologist,8,5,27.6,52.5,4.0,0.5282455804897284
R061,T13,DR0371,Endocrinologist,9,6,30.1,52.5,4.0,0.5282455804897284
R061,T13,DR0371,Endocrinologist,10,1,11.8,52.5,4.0,0.5282455804897284
R061,T13,DR0371,Endocrinologist,11,5,30.9,52.5,4.0,0.5282455804897284
R061,T13,DR0371,Endocrinologist,12,9,28.2,52.5,4.0,0.5282455804897284
R062,T13,DR0372,Neurologist,1,4,29.1,37.5,4.0,0.5282455804897284
R062,T13,DR0372,Neurologist,2,4,15.3,37.5,4.0,0.5282455804897284
R062,T13,DR0372,Neurologist,3,5,15.0,37.5,4.0,0.5282455804897284
R062,T13,DR0372,Neurologist,4,5,22.2,37.5,4.0,0.5282455804897284
R062,T13,DR0372,Neurologist,5,9,17.9,37.5,4.0,0.5282455804897284
R062,T13,DR0372,Neurologist,6,3,18.4,37.5,4.0,0.5282455804897284
R062,T13,DR0372,Neurologist,7,4,20.6,37.5,4.0,0.5282455804897284
R062,T13,DR0372,Neurologist,8,5,15.6,37.5,4.0,0.5282455804897284
R062,T13,DR0372,Neurologist,9,6,15.6,37.5,4.0,0.5282455804897284
R062,T13,DR0372,Neurologist,10,5,42.3,37.5,4.0,0.5282455804897284
R062,T13,DR0372,Neurologist,11,1,10.3,37.5,4.0,0.5282455804897284
R062,T13,DR0372,Neurologist,12,3,12.0,37.5,4.0,0.5282455804897284
R063,T13,DR0373,GP,1,1,3.7,25.0,4.0,0.5282455804897284
R063,T13,DR0373,GP,2,3,12.6,25.0,4.0,0.5282455804897284
R063,T13,DR0373,GP,3,1,5.5,25.0,4.0,0.5282455804897284
R063,T13,DR0373,GP,4,2,7.5,25.0,4.0,0.5282455804897284
R063,T13,DR0373,GP,5,1,6.2,25.0,4.0,0.5282455804897284
R063,T13,DR0373,GP,6,3,7.1,25.0,4.0,0.5282455804897284
R063,T13,DR0373,GP,7,4,13.7,25.0,4.0,0.5282455804897284
R063,T13,DR0373,GP,8,2,11.9,25.0,4.0,0.5282455804897284
R063,T13,DR0373,GP,9,5,16.6,25.0,4.0,0.5282455804897284
R063,T13,DR0373,GP,10,2,7.0,25.0,4.0,0.5282455804897284
R063,T13,DR0373,GP,11,2,9.1,25.0,4.0,0.5282455804897284
R063,T13,DR0373,GP,12,3,9.3,25.0,4.0,0.5282455804897284
R064,T13,DR0374,Cardiologist,1,4,25.4,45.0,4.0,0.5282455804897284
R064,T13,DR0374,Cardiologist,2,9,34.9,45.0,4.0,0.5282455804897284
R064,T13,DR0374,Cardiologist,3,4,26.4,45.0,4.0,0.5282455804897284
R064,T13,DR0374,Cardiologist,4,7,39.3,45.0,4.0,0.5282455804897284
R064,T13,DR0374,Cardiologist,5,3,16.5,45.0,4.0,0.5282455804897284
R064,T13,DR0374,Cardiologist,6,8,30.3,45.0,4.0,0.5282455804897284
R064,T13,DR0374,Cardiologist,7,7,25.6,45.0,4.0,0.5282455804897284
R064,T13,DR0374,Cardiologist,8,6,36.0,45.0,4.0,0.5282455804897284
R064,T13,DR0374,Cardiologist,9,2,15.1,45.0,4.0,0.5282455804897284
R064,T13,DR0374,Cardiologist,10,8,32.4,45.0,4.0,0.5282455804897284
R064,T13,DR0374,Cardiologist,11,9,28.1,45.0,4.0,0.5282455804897284
R064,T13,DR0374,Cardiologist,12,5,19.5,45.0,4.0,0.5282455804897284
R065,T13,DR0375,Endocrinologist,1,6,41.0,52.5,4.0,0.5282455804897284
R065,T13,DR0375,Endocrinologist,2,6,24.7,52.5,4.0,0.5282455804897284
R065,T13,DR0375,Endocrinologist,3,5,25.8,52.5,4.0,0.5282455804897284
R065,T13,DR0375,Endocrinologist,4,5,39.1,52.5,4.0,0.5282455804897284
R065,T13,DR0375,Endocrinologist,5,6,39.7,52.5,4.0,0.5282455804897284
R065,T13,DR0375,Endocrinologist,6,6,27.7,52.5,4.0,0.5282455804897284
R065,T13,DR0375,Endocrinologist,7,5,31.0,52.5,4.0,0.5282455804897284
R065,T13,DR0375,Endocrinologist,8,6,38.3,52.5,4.0,0.5282455804897284
R065,T13,DR0375,Endocrinologist,9,6,18.4,52.5,4.0,0.5282455804897284
R065,T13,DR0375,Endocrinologist,10,6,23.5,52.5,4.0,0.5282455804897284
R065,T13,DR0375,Endocrinologist,11,4,23.4,52.5,4.0,0.5282455804897284
R065,T13,DR0375,Endocrinologist,12,3,28.1,52.5,4.0,0.5282455804897284
R061,T13,DR0376,Neurologist,1,3,9.4,37.5,4.0,0.5282455804897284
R061,T13,DR0376,Neurologist,2,4,16.5,37.5,4.0,0.5282455804897284
R061,T13,DR0376,Neurologist,3,6,14.4,37.5,4.0,0.5282455804897284
R061,T13,DR0376,Neurologist,4,3,17.3,37.5,4.0,0.5282455804897284
R061,T13,DR0376,Neurologist,5,5,17.1,37.5,4.0,0.5282455804897284
R061,T13,DR0376,Neurologist,6,3,13.3,37.5,4.0,0.5282455804897284
R061,T13,DR0376,Neurologist,7,1,7.8,37.5,4.0,0.5282455804897284
R061,T13,DR0376,Neurologist,8,3,22.4,37.5,4.0,0.5282455804897284
R061,T13,DR0376,Neurologist,9,5,26.5,37.5,4.0,0.5282455804897284
R061,T13,DR0376,Neurologist,10,1,14.1,37.5,4.0,0.5282455804897284
R061,T13,DR0376,Neurologist,11,3,15.4,37.5,4.0,0.5282455804897284
R061,T13,DR0376,Neurologist,12,4,15.7,37.5,4.0,0.5282455804897284
R062,T13,DR0377,GP,1,2,6.6,25.0,4.0,0.5282455804897284
R062,T13,DR0377,GP,2,5,18.4,25.0,4.0,0.5282455804897284
R062,T13,DR0377,GP,3,1,6.0,25.0,4.0,0.5282455804897284
R062,T13,DR0377,GP,4,5,15.0,25.0,4.0,0.5282455804897284
R062,T13,DR0377,GP,5,2,8.6,25.0,4.0,0.5282455804897284
R062,T13,DR0377,GP,6,3,10.1,25.0,4.0,0.5282455804897284
R062,T13,DR0377,GP,7,1,5.5,25.0,4.0,0.5282455804897284
R062,T13,DR0377,GP,8,1,5.1,25.0,4.0,0.5282455804897284
R062,T13,DR0377,GP,9,4,13.9,25.0,4.0,0.5282455804897284
R062,T13,DR0377,GP,10,3,8.3,25.0,4.0,0.5282455804897284
R062,T13,DR0377,GP,11,2,8.2,25.0,4.0,0.5282455804897284
R062,T13,DR0377,GP,12,1,4.7,25.0,4.0,0.5282455804897284
R063,T13,DR0378,Cardiologist,1,2,11.3,45.0,4.0,0.5282455804897284
R063,T13,DR0378,Cardiologist,2,7,33.0,45.0,4.0,0.5282455804897284
R063,T13,DR0378,Cardiologist,3,8,60.3,45.0,4.0,0.5282455804897284
R063,T13,DR0378,Cardiologist,4,4,31.5,45.0,4.0,0.5282455804897284
R063,T13,DR0378,Cardiologist,5,3,13.3,45.0,4.0,0.5282455804897284
R063,T13,DR0378,Cardiologist,6,5,23.0,45.0,4.0,0.5282455804897284
R063,T13,DR0378,Cardiologist,7,2,18.5,45.0,4.0,0.5282455804897284
R063,T13,DR0378,Cardiologist,8,6,24.4,45.0,4.0,0.5282455804897284
R063,T13,DR0378,Cardiologist,9,5,21.3,45.0,4.0,0.5282455804897284
R063,T13,DR0378,Cardiologist,10,3,20.5,45.0,4.0,0.5282455804897284
R063,T13,DR0378,Cardiologist,11,8,34.8,45.0,4.0,0.5282455804897284
R063,T13,DR0378,Cardiologist,12,4,24.9,45.0,4.0,0.5282455804897284
R064,T13,DR0379,Endocrinologist,1,3,33.6,52.5,4.0,0.5282455804897284
R064,T13,DR0379,Endocrinologist,2,1,9.5,52.5,4.0,0.5282455804897284
R064,T13,DR0379,Endocrinologist,3,9,43.2,52.5,4.0,0.5282455804897284
R064,T13,DR0379,Endocrinologist,4,1,11.8,52.5,4.0,0.5282455804897284
R064,T13,DR0379,Endocrinologist,5,2,16.0,52.5,4.0,0.5282455804897284
R064,T13,DR0379,Endocrinologist,6,4,33.7,52.5,4.0,0.5282455804897284
R064,T13,DR0379,Endocrinologist,7,5,34.7,52.5,4.0,0.5282455804897284
R064,T13,DR0379,Endocrinologist,8,6,26.9,52.5,4.0,0.5282455804897284
R064,T13,DR0379,Endocrinologist,9,3,21.1,52.5,4.0,0.5282455804897284
R064,T13,DR0379,Endocrinologist,10,4,35.2,52.5,4.0,0.5282455804897284
R064,T13,DR0379,Endocrinologist,11,5,31.2,52.5,4.0,0.5282455804897284
R064,T13,DR0379,Endocrinologist,12,2,15.9,52.5,4.0,0.5282455804897284
R065,T13,DR0380,Neurologist,1,6,21.3,37.5,4.0,0.5282455804897284
R065,T13,DR0380,Neurologist,2,6,27.6,37.5,4.0,0.5282455804897284
R065,T13,DR0380,Neurologist,3,2,10.5,37.5,4.0,0.5282455804897284
R065,T13,DR0380,Neurologist,4,6,16.1,37.5,4.0,0.5282455804897284
R065,T13,DR0380,Neurologist,5,2,14.5,37.5,4.0,0.5282455804897284
R065,T13,DR0380,Neurologist,6,4,10.6,37.5,4.0,0.5282455804897284
R065,T13,DR0380,Neurologist,7,5,24.1,37.5,4.0,0.5282455804897284
R065,T13,DR0380,Neurologist,8,7,30.3,37.5,4.0,0.5282455804897284
R065,T13,DR0380,Neurologist,9,5,27.9,37.5,4.0,0.5282455804897284
R065,T13,DR0380,Neurologist,10,4,19.9,37.5,4.0,0.5282455804897284
R065,T13,DR0380,Neurologist,11,3,16.1,37.5,4.0,0.5282455804897284
R065,T13,DR0380,Neurologist,12,5,15.9,37.5,4.0,0.5282455804897284
R061,T13,DR0381,GP,1,5,20.9,25.0,4.0,0.5282455804897284
R061,T13,DR0381,GP,2,4,12.7,25.0,4.0,0.5282455804897284
R061,T13,DR0381,GP,3,1,6.2,25.0,4.0,0.5282455804897284
R061,T13,DR0381,GP,4,3,13.5,25.0,4.0,0.5282455804897284
R061,T13,DR0381,GP,5,2,11.6,25.0,4.0,0.5282455804897284
R061,T13,DR0381,GP,6,2,7.3,25.0,4.0,0.5282455804897284
R061,T13,DR0381,GP,7,6,12.7,25.0,4.0,0.5282455804897284
R061,T13,DR0381,GP,8,1,5.5,25.0,4.0,0.5282455804897284
R061,T13,DR0381,GP,9,4,13.2,25.0,4.0,0.5282455804897284
R061,T13,DR0381,GP,10,3,10.3,25.0,4.0,0.5282455804897284
R061,T13,DR0381,GP,11,3,13.1,25.0,4.0,0.5282455804897284
R061,T13,DR0381,GP,12,2,9.5,25.0,4.0,0.5282455804897284
R062,T13,DR0382,Cardiologist,1,8,33.7,45.0,4.0,0.5282455804897284
R062,T13,DR0382,Cardiologist,2,1,19.0,45.0,4.0,0.5282455804897284
R062,T13,DR0382,Cardiologist,3,6,13.8,45.0,4.0,0.5282455804897284
R062,T13,DR0382,Cardiologist,4,7,45.4,45.0,4.0,0.5282455804897284
R062,T13,DR0382,Cardiologist,5,8,22.3,45.0,4.0,0.5282455804897284
R062,T13,DR0382,Cardiologist,6,9,35.4,45.0,4.0,0.5282455804897284
R062,T13,DR0382,Cardiologist,7,5,26.9,45.0,4.0,0.5282455804897284
R062,T13,DR0382,Cardiologist,8,1,10.6,45.0,4.0,0.5282455804897284
R062,T13,DR0382,Cardiologist,9,7,20.7,45.0,4.0,0.5282455804897284
R062,T13,DR0382,Cardiologist,10,6,26.4,45.0,4.0,0.5282455804897284
R062,T13,DR0382,Cardiologist,11,5,14.7,45.0,4.0,0.5282455804897284
R062,T13,DR0382,Cardiologist,12,3,17.1,45.0,4.0,0.5282455804897284
R063,T13,DR0383,Endocrinologist,1,1,8.2,52.5,4.0,0.5282455804897284
R063,T13,DR0383,Endocrinologist,2,6,37.4,52.5,4.0,0.5282455804897284
R063,T13,DR0383,Endocrinologist,3,9,47.1,52.5,4.0,0.5282455804897284
R063,T13,DR0383,Endocrinologist,4,5,39.2,52.5,4.0,0.5282455804897284
R063,T13,DR0383,Endocrinologist,5,6,28.9,52.5,4.0,0.5282455804897284
R063,T13,DR0383,Endocrinologist,6,9,53.3,52.5,4.0,0.5282455804897284
R063,T13,DR0383,Endocrinologist,7,5,48.8,52.5,4.0,0.5282455804897284
R063,T13,DR0383,Endocrinologist,8,1,9.3,52.5,4.0,0.5282455804897284
R063,T13,DR0383,Endocrinologist,9,4,31.5,52.5,4.0,0.5282455804897284
R063,T13,DR0383,Endocrinologist,10,8,55.5,52.5,4.0,0.5282455804897284
R063,T13,DR0383,Endocrinologist,11,11,34.1,52.5,4.0,0.5282455804897284
R063,T13,DR0383,Endocrinologist,12,4,27.6,52.5,4.0,0.5282455804897284
R064,T13,DR0384,Neurologist,1,3,13.8,37.5,4.0,0.5282455804897284
R064,T13,DR0384,Neurologist,2,6,22.4,37.5,4.0,0.5282455804897284
R064,T13,DR0384,Neurologist,3,2,16.2,37.5,4.0,0.5282455804897284
R064,T13,DR0384,Neurologist,4,3,15.8,37.5,4.0,0.5282455804897284
R064,T13,DR0384,Neurologist,5,2,10.9,37.5,4.0,0.5282455804897284
R064,T13,DR0384,Neurologist,6,1,6.1,37.5,4.0,0.5282455804897284
R064,T13,DR0384,Neurologist,7,2,11.0,37.5,4.0,0.5282455804897284
R064,T13,DR0384,Neurologist,8,2,16.5,37.5,4.0,0.5282455804897284
R064,T13,DR0384,Neurologist,9,5,15.4,37.5,4.0,0.5282455804897284
R064,T13,DR0384,Neurologist,10,5,28.5,37.5,4.0,0.5282455804897284
R064,T13,DR0384,Neurologist,11,5,15.6,37.5,4.0,0.5282455804897284
R064,T13,DR0384,Neurologist,12,1,14.7,37.5,4.0,0.5282455804897284
R065,T13,DR0385,GP,1,3,12.8,25.0,4.0,0.5282455804897284
R065,T13,DR0385,GP,2,3,8.3,25.0,4.0,0.5282455804897284
R065,T13,DR0385,GP,3,2,8.2,25.0,4.0,0.5282455804897284
R065,T13,DR0385,GP,4,3,13.1,25.0,4.0,0.5282455804897284
R065,T13,DR0385,GP,5,6,19.3,25.0,4.0,0.5282455804897284
R065,T13,DR0385,GP,6,1,7.4,25.0,4.0,0.5282455804897284
R065,T13,DR0385,GP,7,4,13.8,25.0,4.0,0.5282455804897284
R065,T13,DR0385,GP,8,5,9.8,25.0,4.0,0.5282455804897284
R065,T13,DR0385,GP,9,4,12.5,25.0,4.0,0.5282455804897284
R065,T13,DR0385,GP,10,6,13.2,25.0,4.0,0.5282455804897284
R065,T13,DR0385,GP,11,3,10.3,25.0,4.0,0.5282455804897284
R065,T13,DR0385,GP,12,8,19.8,25.0,4.0,0.5282455804897284
R061,T13,DR0386,Cardiologist,1,7,22.1,45.0,4.0,0.5282455804897284
R061,T13,DR0386,Cardiologist,2,4,18.6,45.0,4.0,0.5282455804897284
R061,T13,DR0386,Cardiologist,3,6,27.4,45.0,4.0,0.5282455804897284
R061,T13,DR0386,Cardiologist,4,7,26.1,45.0,4.0,0.5282455804897284
R061,T13,DR0386,Cardiologist,5,7,27.1,45.0,4.0,0.5282455804897284
R061,T13,DR0386,Cardiologist,6,1,9.7,45.0,4.0,0.5282455804897284
R061,T13,DR0386,Cardiologist,7,7,27.4,45.0,4.0,0.5282455804897284
R061,T13,DR0386,Cardiologist,8,7,20.5,45.0,4.0,0.5282455804897284
R061,T13,DR0386,Cardiologist,9,3,25.4,45.0,4.0,0.5282455804897284
R061,T13,DR0386,Cardiologist,10,10,46.8,45.0,4.0,0.5282455804897284
R061,T13,DR0386,Cardiologist,11,5,16.6,45.0,4.0,0.5282455804897284
R061,T13,DR0386,Cardiologist,12,6,28.5,45.0,4.0,0.5282455804897284
R062,T13,DR0387,Endocrinologist,1,5,26.0,52.5,4.0,0.5282455804897284
R062,T13,DR0387,Endocrinologist,2,4,27.3,52.5,4.0,0.5282455804897284
R062,T13,DR0387,Endocrinologist,3,12,49.1,52.5,4.0,0.5282455804897284
R062,T13,DR0387,Endocrinologist,4,4,36.8,52.5,4.0,0.5282455804897284
R062,T13,DR0387,Endocrinologist,5,9,37.3,52.5,4.0,0.5282455804897284
R062,T13,DR0387,Endocrinologist,6,2,14.1,52.5,4.0,0.5282455804897284
R062,T13,DR0387,Endocrinologist,7,9,27.2,52.5,4.0,0.5282455804897284
R062,T13,DR0387,Endocrinologist,8,9,22.2,52.5,4.0,0.5282455804897284
R062,T13,DR0387,Endocrinologist,9,4,30.9,52.5,4.0,0.5282455804897284
R062,T13,DR0387,Endocrinologist,10,9,49.4,52.5,4.0,0.5282455804897284
R062,T13,DR0387,Endocrinologist,11,8,32.2,52.5,4.0,0.5282455804897284
R062,T13,DR0387,Endocrinologist,12,4,25.3,52.5,4.0,0.5282455804897284
R063,T13,DR0388,Neurologist,1,2,16.7,37.5,4.0,0.5282455804897284
R063,T13,DR0388,Neurologist,2,4,14.9,37.5,4.0,0.5282455804897284
R063,T13,DR0388,Neurologist,3,2,11.2,37.5,4.0,0.5282455804897284
R063,T13,DR0388,Neurologist,4,2,13.7,37.5,4.0,0.5282455804897284
R063,T13,DR0388,Neurologist,5,3,16.9,37.5,4.0,0.5282455804897284
R063,T13,DR0388,Neurologist,6,5,16.7,37.5,4.0,0.5282455804897284
R063,T13,DR0388,Neurologist,7,3,23.2,37.5,4.0,0.5282455804897284
R063,T13,DR0388,Neurologist,8,6,34.0,37.5,4.0,0.5282455804897284
R063,T13,DR0388,Neurologist,9,6,18.2,37.5,4.0,0.5282455804897284
R063,T13,DR0388,Neurologist,10,1,6.7,37.5,4.0,0.5282455804897284
R063,T13,DR0388,Neurologist,11,9,27.4,37.5,4.0,0.5282455804897284
R063,T13,DR0388,Neurologist,12,6,15.4,37.5,4.0,0.5282455804897284
R064,T13,DR0389,GP,1,2,9.3,25.0,4.0,0.5282455804897284
R064,T13,DR0389,GP,2,4,12.0,25.0,4.0,0.5282455804897284
R064,T13,DR0389,GP,3,1,5.6,25.0,4.0,0.5282455804897284
R064,T13,DR0389,GP,4,1,5.1,25.0,4.0,0.5282455804897284
R064,T13,DR0389,GP,5,2,5.0,25.0,4.0,0.5282455804897284
R064,T13,DR0389,GP,6,5,11.8,25.0,4.0,0.5282455804897284
R064,T13,DR0389,GP,7,6,15.2,25.0,4.0,0.5282455804897284
R064,T13,DR0389,GP,8,2,9.6,25.0,4.0,0.5282455804897284
R064,T13,DR0389,GP,9,3,10.4,25.0,4.0,0.5282455804897284
R064,T13,DR0389,GP,10,2,5.4,25.0,4.0,0.5282455804897284
R064,T13,DR0389,GP,11,3,7.8,25.0,4.0,0.5282455804897284
R064,T13,DR0389,GP,12,1,5.2,25.0,4.0,0.5282455804897284
R065,T13,DR0390,Cardiologist,1,6,38.1,45.0,4.0,0.5282455804897284
R065,T13,DR0390,Cardiologist,2,7,33.7,45.0,4.0,0.5282455804897284
R065,T13,DR0390,Cardiologist,3,4,38.1,45.0,4.0,0.5282455804897284
R065,T13,DR0390,Cardiologist,4,3,14.7,45.0,4.0,0.5282455804897284
R065,T13,DR0390,Cardiologist,5,5,30.8,45.0,4.0,0.5282455804897284
R065,T13,DR0390,Cardiologist,6,3,28.3,45.0,4.0,0.5282455804897284
R065,T13,DR0390,Cardiologist,7,3,14.3,45.0,4.0,0.5282455804897284
R065,T13,DR0390,Cardiologist,8,7,26.7,45.0,4.0,0.5282455804897284
R065,T13,DR0390,Cardiologist,9,7,32.6,45.0,4.0,0.5282455804897284
R065,T13,DR0390,Cardiologist,10,6,15.9,45.0,4.0,0.5282455804897284
R065,T13,DR0390,Cardiologist,11,7,32.1,45.0,4.0,0.5282455804897284
R065,T13,DR0390,Cardiologist,12,5,32.9,45.0,4.0,0.5282455804897284
R066,T14,DR0391,GP,1,2,23.4,25.0,4.0,9.017929655744263
R066,T14,DR0391,GP,2,3,18.2,25.0,4.0,9.017929655744263
R066,T14,DR0391,GP,3,3,21.0,25.0,4.0,9.017929655744263
R066,T14,DR0391,GP,4,3,20.0,25.0,4.0,9.017929655744263
R066,T14,DR0391,GP,5,5,22.2,25.0,4.0,9.017929655744263
R066,T14,DR0391,GP,6,1,13.4,25.0,4.0,9.017929655744263
R066,T14,DR0391,GP,7,3,27.0,25.0,4.0,9.017929655744263
R066,T14,DR0391,GP,8,3,14.1,25.0,4.0,9.017929655744263
R066,T14,DR0391,GP,9,5,23.0,25.0,4.0,9.017929655744263
R066,T14,DR0391,GP,10,6,21.7,25.0,4.0,9.017929655744263
R066,T14,DR0391,GP,11,2,20.2,25.0,4.0,9.017929655744263
R066,T14,DR0391,GP,12,1,19.1,25.0,4.0,9.017929655744263
R067,T14,DR0392,Cardiologist,1,3,42.9,45.0,4.0,9.017929655744263
R067,T14,DR0392,Cardiologist,2,11,41.6,45.0,4.0,9.017929655744263
R067,T14,DR0392,Cardiologist,3,4,35.4,45.0,4.0,9.017929655744263
R067,T14,DR0392,Cardiologist,4,3,22.4,45.0,4.0,9.017929655744263
R067,T14,DR0392,Cardiologist,5,5,43.8,45.0,4.0,9.017929655744263
R067,T14,DR0392,Cardiologist,6,5,25.7,45.0,4.0,9.017929655744263
R067,T14,DR0392,Cardiologist,7,5,29.2,45.0,4.0,9.017929655744263
R067,T14,DR0392,Cardiologist,8,6,34.7,45.0,4.0,9.017929655744263
R067,T14,DR0392,Cardiologist,9,6,37.0,45.0,4.0,9.017929655744263
R067,T14,DR0392,Cardiologist,10,3,33.7,45.0,4.0,9.017929655744263
R067,T14,DR0392,Cardiologist,11,4,29.9,45.0,4.0,9.017929655744263
R067,T14,DR0392,Cardiologist,12,3,28.8,45.0,4.0,9.017929655744263
R068,T14,DR0393,Endocrinologist,1,7,34.5,52.5,4.0,9.017929655744263
R068,T14,DR0393,Endocrinologist,2,2,24.9,52.5,4.0,9.017929655744263
R068,T14,DR0393,Endocrinologist,3,1,32.7,52.5,4.0,9.017929655744263
R068,T14,DR0393,Endocrinologist,4,4,26.5,52.5,4.0,9.017929655744263
R068,T14,DR0393,Endocrinologist,5,10,35.5,52.5,4.0,9.017929655744263
R068,T14,DR0393,Endocrinologist,6,4,38.0,52.5,4.0,9.017929655744263
R068,T14,DR0393,Endocrinologist,7,7,67.4,52.5,4.0,9.017929655744263
R068,T14,DR0393,Endocrinologist,8,3,32.4,52.5,4.0,9.017929655744263
R068,T14,DR0393,Endocrinologist,9,4,36.1,52.5,4.0,9.017929655744263
R068,T14,DR0393,Endocrinologist,10,8,73.2,52.5,4.0,9.017929655744263
R068,T14,DR0393,Endocrinologist,11,5,54.8,52.5,4.0,9.017929655744263
R068,T14,DR0393,Endocrinologist,12,7,41.1,52.5,4.0,9.017929655744263
R069,T14,DR0394,Neurologist,1,5,27.1,37.5,4.0,9.017929655744263
R069,T14,DR0394,Neurologist,2,4,40.6,37.5,4.0,9.017929655744263
R069,T14,DR0394,Neurologist,3,3,27.3,37.5,4.0,9.017929655744263
R069,T14,DR0394,Neurologist,4,1,7.7,37.5,4.0,9.017929655744263
R069,T14,DR0394,Neurologist,5,4,30.4,37.5,4.0,9.017929655744263
R069,T14,DR0394,Neurologist,6,4,27.0,37.5,4.0,9.017929655744263
R069,T14,DR0394,Neurologist,7,4,27.8,37.5,4.0,9.017929655744263
R069,T14,DR0394,Neurologist,8,5,23.3,37.5,4.0,9.017929655744263
R069,T14,DR0394,Neurologist,9,6,25.5,37.5,4.0,9.017929655744263
R069,T14,DR0394,Neurologist,10,6,31.3,37.5,4.0,9.017929655744263
R069,T14,DR0394,Neurologist,11,2,27.5,37.5,4.0,9.017929655744263
R069,T14,DR0394,Neurologist,12,8,40.7,37.5,4.0,9.017929655744263
R070,T14,DR0395,GP,1,2,22.1,25.0,4.0,9.017929655744263
R070,T14,DR0395,GP,2,3,26.5,25.0,4.0,9.017929655744263
R070,T14,DR0395,GP,3,8,27.5,25.0,4.0,9.017929655744263
R070,T14,DR0395,GP,4,2,19.0,25.0,4.0,9.017929655744263
R070,T14,DR0395,GP,5,3,21.3,25.0,4.0,9.017929655744263
R070,T14,DR0395,GP,6,4,26.5,25.0,4.0,9.017929655744263
R070,T14,DR0395,GP,7,1,14.4,25.0,4.0,9.017929655744263
R070,T14,DR0395,GP,8,1,18.7,25.0,4.0,9.017929655744263
R070,T14,DR0395,GP,9,4,21.0,25.0,4.0,9.017929655744263
R070,T14,DR0395,GP,10,3,26.2,25.0,4.0,9.017929655744263
R070,T14,DR0395,GP,11,4,28.8,25.0,4.0,9.017929655744263
R070,T14,DR0395,GP,12,1,19.8,25.0,4.0,9.017929655744263
R066,T14,DR0396,Cardiologist,1,8,36.1,45.0,4.0,9.017929655744263
R066,T14,DR0396,Cardiologist,2,5,61.7,45.0,4.0,9.017929655744263
R066,T14,DR0396,Cardiologist,3,8,40.3,45.0,4.0,9.017929655744263
R066,T14,DR0396,Cardiologist,4,2,26.2,45.0,4.0,9.017929655744263
R066,T14,DR0396,Cardiologist,5,9,31.2,45.0,4.0,9.017929655744263
R066,T14,DR0396,Cardiologist,6,5,21.9,45.0,4.0,9.017929655744263
R066,T14,DR0396,Cardiologist,7,3,30.1,45.0,4.0,9.017929655744263
R066,T14,DR0396,Cardiologist,8,6,44.0,45.0,4.0,9.017929655744263
R066,T14,DR0396,Cardiologist,9,4,27.5,45.0,4.0,9.017929655744263
R066,T14,DR0396,Cardiologist,10,7,41.8,45.0,4.0,9.017929655744263
R066,T14,DR0396,Cardiologist,11,5,39.9,45.0,4.0,9.017929655744263
R066,T14,DR0396,Cardiologist,12,5,33.3,45.0,4.0,9.017929655744263
R067,T14,DR0397,Endocrinologist,1,5,33.2,52.5,4.0,9.017929655744263
R067,T14,DR0397,Endocrinologist,2,3,28.2,52.5,4.0,9.017929655744263
R067,T14,DR0397,Endocrinologist,3,6,52.1,52.5,4.0,9.017929655744263
R067,T14,DR0397,Endocrinologist,4,6,47.2,52.5,4.0,9.017929655744263
R067,T14,DR0397,Endocrinologist,5,3,29.8,52.5,4.0,9.017929655744263
R067,T14,DR0397,Endocrinologist,6,2,24.5,52.5,4.0,9.017929655744263
R067,T14,DR0397,Endocrinologist,7,6,46.0,52.5,4.0,9.017929655744263
R067,T14,DR0397,Endocrinologist,8,6,55.0,52.5,4.0,9.017929655744263
R067,T14,DR0397,Endocrinologist,9,11,54.5,52.5,4.0,9.017929655744263
R067,T14,DR0397,Endocrinologist,10,6,46.3,52.5,4.0,9.017929655744263
R067,T14,DR0397,Endocrinologist,11,4,58.5,52.5,4.0,9.017929655744263
R067,T14,DR0397,Endocrinologist,12,2,34.7,52.5,4.0,9.017929655744263
R068,T14,DR0398,Neurologist,1,8,35.8,37.5,4.0,9.017929655744263
R068,T14,DR0398,Neurologist,2,5,23.4,37.5,4.0,9.017929655744263
R068,T14,DR0398,Neurologist,3,9,52.7,37.5,4.0,9.017929655744263
R068,T14,DR0398,Neurologist,4,3,27.9,37.5,4.0,9.017929655744263
R068,T14,DR0398,Neurologist,5,1,14.5,37.5,4.0,9.017929655744263
R068,T14,DR0398,Neurologist,6,6,26.6,37.5,4.0,9.017929655744263
R068,T14,DR0398,Neurologist,7,5,22.0,37.5,4.0,9.017929655744263
R068,T14,DR0398,Neurologist,8,4,16.4,37.5,4.0,9.017929655744263
R068,T14,DR0398,Neurologist,9,4,22.0,37.5,4.0,9.017929655744263
R068,T14,DR0398,Neurologist,10,7,40.4,37.5,4.0,9.017929655744263
R068,T14,DR0398,Neurologist,11,7,32.6,37.5,4.0,9.017929655744263
R068,T14,DR0398,Neurologist,12,6,22.6,37.5,4.0,9.017929655744263
R069,T14,DR0399,GP,1,4,15.1,25.0,4.0,9.017929655744263
R069,T14,DR0399,GP,2,2,19.4,25.0,4.0,9.017929655744263
R069,T14,DR0399,GP,3,4,36.8,25.0,4.0,9.017929655744263
R069,T14,DR0399,GP,4,3,17.1,25.0,4.0,9.017929655744263
R069,T14,DR0399,GP,5,2,15.9,25.0,4.0,9.017929655744263
R069,T14,DR0399,GP,6,3,16.1,25.0,4.0,9.017929655744263
R069,T14,DR0399,GP,7,2,10.9,25.0,4.0,9.017929655744263
R069,T14,DR0399,GP,8,6,33.7,25.0,4.0,9.017929655744263
R069,T14,DR0399,GP,9,4,26.6,25.0,4.0,9.017929655744263
R069,T14,DR0399,GP,10,3,31.1,25.0,4.0,9.017929655744263
R069,T14,DR0399,GP,11,4,20.3,25.0,4.0,9.017929655744263
R069,T14,DR0399,GP,12,5,22.9,25.0,4.0,9.017929655744263
R070,T14,DR0400,Cardiologist,1,8,25.4,45.0,4.0,9.017929655744263
R070,T14,DR0400,Cardiologist,2,6,36.4,45.0,4.0,9.017929655744263
R070,T14,DR0400,Cardiologist,3,10,37.7,45.0,4.0,9.017929655744263
R070,T14,DR0400,Cardiologist,4,5,49.7,45.0,4.0,9.017929655744263
R070,T14,DR0400,Cardiologist,5,3,28.0,45.0,4.0,9.017929655744263
R070,T14,DR0400,Cardiologist,6,9,48.3,45.0,4.0,9.017929655744263
R070,T14,DR0400,Cardiologist,7,5,29.5,45.0,4.0,9.017929655744263
R070,T14,DR0400,Cardiologist,8,6,25.8,45.0,4.0,9.017929655744263
R070,T14,DR0400,Cardiologist,9,5,31.2,45.0,4.0,9.017929655744263
R070,T14,DR0400,Cardiologist,10,4,34.6,45.0,4.0,9.017929655744263
R070,T14,DR0400,Cardiologist,11,7,42.7,45.0,4.0,9.017929655744263
R070,T14,DR0400,Cardiologist,12,6,42.0,45.0,4.0,9.017929655744263
R066,T14,DR0401,Endocrinologist,1,1,31.4,52.5,4.0,9.017929655744263
R066,T14,DR0401,Endocrinologist,2,6,48.8,52.5,4.0,9.017929655744263
R066,T14,DR0401,Endocrinologist,3,7,32.6,52.5,4.0,9.017929655744263
R066,T14,DR0401,Endocrinologist,4,5,36.5,52.5,4.0,9.017929655744263
R066,T14,DR0401,Endocrinologist,5,11,68.9,52.5,4.0,9.017929655744263
R066,T14,DR0401,Endocrinologist,6,4,38.9,52.5,4.0,9.017929655744263
R066,T14,DR0401,Endocrinologist,7,3,42.8,52.5,4.0,9.017929655744263
R066,T14,DR0401,Endocrinologist,8,4,38.8,52.5,4.0,9.017929655744263
R066,T14,DR0401,Endocrinologist,9,5,34.4,52.5,4.0,9.017929655744263
R066,T14,DR0401,Endocrinologist,10,5,28.0,52.5,4.0,9.017929655744263
R066,T14,DR0401,Endocrinologist,11,4,25.8,52.5,4.0,9.017929655744263
R066,T14,DR0401,Endocrinologist,12,7,38.6,52.5,4.0,9.017929655744263
R067,T14,DR0402,Neurologist,1,5,44.0,37.5,4.0,9.017929655744263
R067,T14,DR0402,Neurologist,2,3,32.7,37.5,4.0,9.017929655744263
R067,T14,DR0402,Neurologist,3,4,36.9,37.5,4.0,9.017929655744263
R067,T14,DR0402,Neurologist,4,5,30.7,37.5,4.0,9.017929655744263
R067,T14,DR0402,Neurologist,5,3,25.2,37.5,4.0,9.017929655744263
R067,T14,DR0402,Neurologist,6,3,14.8,37.5,4.0,9.017929655744263
R067,T14,DR0402,Neurologist,7,1,18.4,37.5,4.0,9.017929655744263
R067,T14,DR0402,Neurologist,8,2,24.5,37.5,4.0,9.017929655744263
R067,T14,DR0402,Neurologist,9,6,30.6,37.5,4.0,9.017929655744263
R067,T14,DR0402,Neurologist,10,1,21.0,37.5,4.0,9.017929655744263
R067,T14,DR0402,Neurologist,11,5,26.4,37.5,4.0,9.017929655744263
R067,T14,DR0402,Neurologist,12,4,40.4,37.5,4.0,9.017929655744263
R068,T14,DR0403,GP,1,3,15.3,25.0,4.0,9.017929655744263
R068,T14,DR0403,GP,2,3,12.7,25.0,4.0,9.017929655744263
R068,T14,DR0403,GP,3,5,18.9,25.0,4.0,9.017929655744263
R068,T14,DR0403,GP,4,5,22.4,25.0,4.0,9.017929655744263
R068,T14,DR0403,GP,5,7,35.7,25.0,4.0,9.017929655744263
R068,T14,DR0403,GP,6,7,24.8,25.0,4.0,9.017929655744263
R068,T14,DR0403,GP,7,5,27.7,25.0,4.0,9.017929655744263
R068,T14,DR0403,GP,8,4,21.7,25.0,4.0,9.017929655744263
R068,T14,DR0403,GP,9,2,19.2,25.0,4.0,9.017929655744263
R068,T14,DR0403,GP,10,2,22.3,25.0,4.0,9.017929655744263
R068,T14,DR0403,GP,11,3,24.7,25.0,4.0,9.017929655744263
R068,T14,DR0403,GP,12,2,16.9,25.0,4.0,9.017929655744263
R069,T14,DR0404,Cardiologist,1,3,25.0,45.0,4.0,9.017929655744263
R069,T14,DR0404,Cardiologist,2,6,33.3,45.0,4.0,9.017929655744263
R069,T14,DR0404,Cardiologist,3,4,24.2,45.0,4.0,9.017929655744263
R069,T14,DR0404,Cardiologist,4,4,21.9,45.0,4.0,9.017929655744263
R069,T14,DR0404,Cardiologist,5,5,53.2,45.0,4.0,9.017929655744263
R069,T14,DR0404,Cardiologist,6,7,29.5,45.0,4.0,9.017929655744263
R069,T14,DR0404,Cardiologist,7,5,36.4,45.0,4.0,9.017929655744263
R069,T14,DR0404,Cardiologist,8,2,22.8,45.0,4.0,9.017929655744263
R069,T14,DR0404,Cardiologist,9,4,38.6,45.0,4.0,9.017929655744263
R069,T14,DR0404,Cardiologist,10,4,34.2,45.0,4.0,9.017929655744263
R069,T14,DR0404,Cardiologist,11,5,42.0,45.0,4.0,9.017929655744263
R069,T14,DR0404,Cardiologist,12,7,25.3,45.0,4.0,9.017929655744263
R070,T14,DR0405,Endocrinologist,1,8,39.2,52.5,4.0,9.017929655744263
R070,T14,DR0405,Endocrinologist,2,6,29.1,52.5,4.0,9.017929655744263
R070,T14,DR0405,Endocrinologist,3,4,27.0,52.5,4.0,9.017929655744263
R070,T14,DR0405,Endocrinologist,4,9,40.8,52.5,4.0,9.017929655744263
R070,T14,DR0405,Endocrinologist,5,5,34.1,52.5,4.0,9.017929655744263
R070,T14,DR0405,Endocrinologist,6,3,44.3,52.5,4.0,9.017929655744263
R070,T14,DR0405,Endocrinologist,7,7,58.0,52.5,4.0,9.017929655744263
R070,T14,DR0405,Endocrinologist,8,3,40.1,52.5,4.0,9.017929655744263
R070,T14,DR0405,Endocrinologist,9,5,56.1,52.5,4.0,9.017929655744263
R070,T14,DR0405,Endocrinologist,10,4,24.4,52.5,4.0,9.017929655744263
R070,T14,DR0405,Endocrinologist,11,12,54.4,52.5,4.0,9.017929655744263
R070,T14,DR0405,Endocrinologist,12,2,49.2,52.5,4.0,9.017929655744263
R066,T14,DR0406,Neurologist,1,6,39.5,37.5,4.0,9.017929655744263
R066,T14,DR0406,Neurologist,2,2,19.2,37.5,4.0,9.017929655744263
R066,T14,DR0406,Neurologist,3,6,28.3,37.5,4.0,9.017929655744263
R066,T14,DR0406,Neurologist,4,1,10.9,37.5,4.0,9.017929655744263
R066,T14,DR0406,Neurologist,5,1,15.3,37.5,4.0,9.017929655744263
R066,T14,DR0406,Neurologist,6,2,46.1,37.5,4.0,9.017929655744263
R066,T14,DR0406,Neurologist,7,3,18.4,37.5,4.0,9.017929655744263
R066,T14,DR0406,Neurologist,8,3,23.7,37.5,4.0,9.017929655744263
R066,T14,DR0406,Neurologist,9,5,18.8,37.5,4.0,9.017929655744263
R066,T14,DR0406,Neurologist,10,7,33.4,37.5,4.0,9.017929655744263
R066,T14,DR0406,Neurologist,11,5,43.4,37.5,4.0,9.017929655744263
R066,T14,DR0406,Neurologist,12,4,30.7,37.5,4.0,9.017929655744263
R067,T14,DR0407,GP,1,5,23.7,25.0,4.0,9.017929655744263
R067,T14,DR0407,GP,2,4,24.0,25.0,4.0,9.017929655744263
R067,T14,DR0407,GP,3,3,17.0,25.0,4.0,9.017929655744263
R067,T14,DR0407,GP,4,2,20.0,25.0,4.0,9.017929655744263
R067,T14,DR0407,GP,5,2,18.9,25.0,4.0,9.017929655744263
R067,T14,DR0407,GP,6,4,27.5,25.0,4.0,9.017929655744263
R067,T14,DR0407,GP,7,3,20.9,25.0,4.0,9.017929655744263
R067,T14,DR0407,GP,8,4,15.2,25.0,4.0,9.017929655744263
R067,T14,DR0407,GP,9,1,15.6,25.0,4.0,9.017929655744263
R067,T14,DR0407,GP,10,3,22.2,25.0,4.0,9.017929655744263
R067,T14,DR0407,GP,11,2,11.8,25.0,4.0,9.017929655744263
R067,T14,DR0407,GP,12,1,15.3,25.0,4.0,9.017929655744263
R068,T14,DR0408,Cardiologist,1,5,25.8,45.0,4.0,9.017929655744263
R068,T14,DR0408,Cardiologist,2,1,19.0,45.0,4.0,9.017929655744263
R068,T14,DR0408,Cardiologist,3,3,31.4,45.0,4.0,9.017929655744263
R068,T14,DR0408,Cardiologist,4,4,22.0,45.0,4.0,9.017929655744263
R068,T14,DR0408,Cardiologist,5,5,33.4,45.0,4.0,9.017929655744263
R068,T14,DR0408,Cardiologist,6,6,32.5,45.0,4.0,9.017929655744263
R068,T14,DR0408,Cardiologist,7,7,30.6,45.0,4.0,9.017929655744263
R068,T14,DR0408,Cardiologist,8,8,46.5,45.0,4.0,9.017929655744263
R068,T14,DR0408,Cardiologist,9,5,45.2,45.0,4.0,9.017929655744263
R068,T14,DR0408,Cardiologist,10,2,21.0,45.0,4.0,9.017929655744263
R068,T14,DR0408,Cardiologist,11,11,44.4,45.0,4.0,9.017929655744263
R068,T14,DR0408,Cardiologist,12,3,24.3,45.0,4.0,9.017929655744263
R069,T14,DR0409,Endocrinologist,1,10,75.7,52.5,4.0,9.017929655744263
R069,T14,DR0409,Endocrinologist,2,3,20.5,52.5,4.0,9.017929655744263
R069,T14,DR0409,Endocrinologist,3,6,42.2,52.5,4.0,9.017929655744263
R069,T14,DR0409,Endocrinologist,4,7,37.0,52.5,4.0,9.017929655744263
R069,T14,DR0409,Endocrinologist,5,6,29.0,52.5,4.0,9.017929655744263
R069,T14,DR0409,Endocrinologist,6,8,42.2,52.5,4.0,9.017929655744263
R069,T14,DR0409,Endocrinologist,7,9,45.9,52.5,4.0,9.017929655744263
R069,T14,DR0409,Endocrinologist,8,4,20.5,52.5,4.0,9.017929655744263
R069,T14,DR0409,Endocrinologist,9,2,13.3,52.5,4.0,9.017929655744263
R069,T14,DR0409,Endocrinologist,10,6,42.2,52.5,4.0,9.017929655744263
R069,T14,DR0409,Endocrinologist,11,7,53.5,52.5,4.0,9.017929655744263
R069,T14,DR0409,Endocrinologist,12,8,48.4,52.5,4.0,9.017929655744263
R070,T14,DR0410,Neurologist,1,6,40.0,37.5,4.0,9.017929655744263
R070,T14,DR0410,Neurologist,2,5,36.5,37.5,4.0,9.017929655744263
R070,T14,DR0410,Neurologist,3,4,31.4,37.5,4.0,9.017929655744263
R070,T14,DR0410,Neurologist,4,6,25.2,37.5,4.0,9.017929655744263
R070,T14,DR0410,Neurologist,5,1,22.1,37.5,4.0,9.017929655744263
R070,T14,DR0410,Neurologist,6,5,36.2,37.5,4.0,9.017929655744263
R070,T14,DR0410,Neurologist,7,4,34.5,37.5,4.0,9.017929655744263
R070,T14,DR0410,Neurologist,8,7,27.5,37.5,4.0,9.017929655744263
R070,T14,DR0410,Neurologist,9,6,29.8,37.5,4.0,9.017929655744263
R070,T14,DR0410,Neurologist,10,4,19.9,37.5,4.0,9.017929655744263
R070,T14,DR0410,Neurologist,11,3,28.0,37.5,4.0,9.017929655744263
R070,T14,DR0410,Neurologist,12,3,30.8,37.5,4.0,9.017929655744263
R066,T14,DR0411,GP,1,2,22.3,25.0,4.0,9.017929655744263
R066,T14,DR0411,GP,2,2,22.2,25.0,4.0,9.017929655744263
R066,T14,DR0411,GP,3,3,25.6,25.0,4.0,9.017929655744263
R066,T14,DR0411,GP,4,5,34.5,25.0,4.0,9.017929655744263
R066,T14,DR0411,GP,5,4,18.6,25.0,4.0,9.017929655744263
R066,T14,DR0411,GP,6,4,24.7,25.0,4.0,9.017929655744263
R066,T14,DR0411,GP,7,2,14.5,25.0,4.0,9.017929655744263
R066,T14,DR0411,GP,8,3,18.2,25.0,4.0,9.017929655744263
R066,T14,DR0411,GP,9,8,23.8,25.0,4.0,9.017929655744263
R066,T14,DR0411,GP,10,1,17.0,25.0,4.0,9.017929655744263
R066,T14,DR0411,GP,11,3,15.4,25.0,4.0,9.017929655744263
R066,T14,DR0411,GP,12,4,30.0,25.0,4.0,9.017929655744263
R067,T14,DR0412,Cardiologist,1,1,22.6,45.0,4.0,9.017929655744263
R067,T14,DR0412,Cardiologist,2,10,35.5,45.0,4.0,9.017929655744263
R067,T14,DR0412,Cardiologist,3,9,63.8,45.0,4.0,9.017929655744263
R067,T14,DR0412,Cardiologist,4,7,44.0,45.0,4.0,9.017929655744263
R067,T14,DR0412,Cardiologist,5,4,44.5,45.0,4.0,9.017929655744263
R067,T14,DR0412,Cardiologist,6,6,39.2,45.0,4.0,9.017929655744263
R067,T14,DR0412,Cardiologist,7,7,44.7,45.0,4.0,9.017929655744263
R067,T14,DR0412,Cardiologist,8,3,31.4,45.0,4.0,9.017929655744263
R067,T14,DR0412,Cardiologist,9,2,18.1,45.0,4.0,9.017929655744263
R067,T14,DR0412,Cardiologist,10,4,54.7,45.0,4.0,9.017929655744263
R067,T14,DR0412,Cardiologist,11,4,33.3,45.0,4.0,9.017929655744263
R067,T14,DR0412,Cardiologist,12,6,57.0,45.0,4.0,9.017929655744263
R068,T14,DR0413,Endocrinologist,1,6,43.3,52.5,4.0,9.017929655744263
R068,T14,DR0413,Endocrinologist,2,5,26.0,52.5,4.0,9.017929655744263
R068,T14,DR0413,Endocrinologist,3,1,28.9,52.5,4.0,9.017929655744263
R068,T14,DR0413,Endocrinologist,4,1,21.6,52.5,4.0,9.017929655744263
R068,T14,DR0413,Endocrinologist,5,5,40.9,52.5,4.0,9.017929655744263
R068,T14,DR0413,Endocrinologist,6,5,58.9,52.5,4.0,9.017929655744263
R068,T14,DR0413,Endocrinologist,7,5,36.8,52.5,4.0,9.017929655744263
R068,T14,DR0413,Endocrinologist,8,3,41.5,52.5,4.0,9.017929655744263
R068,T14,DR0413,Endocrinologist,9,6,29.9,52.5,4.0,9.017929655744263
R068,T14,DR0413,Endocrinologist,10,3,34.6,52.5,4.0,9.017929655744263
R068,T14,DR0413,Endocrinologist,11,4,26.5,52.5,4.0,9.017929655744263
R068,T14,DR0413,Endocrinologist,12,4,27.5,52.5,4.0,9.017929655744263
R069,T14,DR0414,Neurologist,1,5,30.0,37.5,4.0,9.017929655744263
R069,T14,DR0414,Neurologist,2,3,29.3,37.5,4.0,9.017929655744263
R069,T14,DR0414,Neurologist,3,5,36.7,37.5,4.0,9.017929655744263
R069,T14,DR0414,Neurologist,4,3,22.3,37.5,4.0,9.017929655744263
R069,T14,DR0414,Neurologist,5,1,12.0,37.5,4.0,9.017929655744263
R069,T14,DR0414,Neurologist,6,1,16.2,37.5,4.0,9.017929655744263
R069,T14,DR0414,Neurologist,7,1,12.6,37.5,4.0,9.017929655744263
R069,T14,DR0414,Neurologist,8,6,27.9,37.5,4.0,9.017929655744263
R069,T14,DR0414,Neurologist,9,3,33.0,37.5,4.0,9.017929655744263
R069,T14,DR0414,Neurologist,10,4,34.7,37.5,4.0,9.017929655744263
R069,T14,DR0414,Neurologist,11,8,41.8,37.5,4.0,9.017929655744263
R069,T14,DR0414,Neurologist,12,4,35.4,37.5,4.0,9.017929655744263
R070,T14,DR0415,GP,1,2,20.8,25.0,4.0,9.017929655744263
R070,T14,DR0415,GP,2,2,24.1,25.0,4.0,9.017929655744263
R070,T14,DR0415,GP,3,1,15.5,25.0,4.0,9.017929655744263
R070,T14,DR0415,GP,4,3,19.7,25.0,4.0,9.017929655744263
R070,T14,DR0415,GP,5,4,20.5,25.0,4.0,9.017929655744263
R070,T14,DR0415,GP,6,4,18.6,25.0,4.0,9.017929655744263
R070,T14,DR0415,GP,7,1,19.3,25.0,4.0,9.017929655744263
R070,T14,DR0415,GP,8,2,19.1,25.0,4.0,9.017929655744263
R070,T14,DR0415,GP,9,1,11.7,25.0,4.0,9.017929655744263
R070,T14,DR0415,GP,10,4,26.0,25.0,4.0,9.017929655744263
R070,T14,DR0415,GP,11,5,19.3,25.0,4.0,9.017929655744263
R070,T14,DR0415,GP,12,2,12.3,25.0,4.0,9.017929655744263
R066,T14,DR0416,Cardiologist,1,6,26.3,45.0,4.0,9.017929655744263
R066,T14,DR0416,Cardiologist,2,7,34.8,45.0,4.0,9.017929655744263
R066,T14,DR0416,Cardiologist,3,7,25.3,45.0,4.0,9.017929655744263
R066,T14,DR0416,Cardiologist,4,7,41.4,45.0,4.0,9.017929655744263
R066,T14,DR0416,Cardiologist,5,6,31.2,45.0,4.0,9.017929655744263
R066,T14,DR0416,Cardiologist,6,7,31.8,45.0,4.0,9.017929655744263
R066,T14,DR0416,Cardiologist,7,8,33.8,45.0,4.0,9.017929655744263
R066,T14,DR0416,Cardiologist,8,4,19.8,45.0,4.0,9.017929655744263
R066,T14,DR0416,Cardiologist,9,3,24.8,45.0,4.0,9.017929655744263
R066,T14,DR0416,Cardiologist,10,8,39.6,45.0,4.0,9.017929655744263
R066,T14,DR0416,Cardiologist,11,3,27.6,45.0,4.0,9.017929655744263
R066,T14,DR0416,Cardiologist,12,7,30.5,45.0,4.0,9.017929655744263
R067,T14,DR0417,Endocrinologist,1,2,24.1,52.5,4.0,9.017929655744263
R067,T14,DR0417,Endocrinologist,2,4,35.0,52.5,4.0,9.017929655744263
R067,T14,DR0417,Endocrinologist,3,3,31.9,52.5,4.0,9.017929655744263
R067,T14,DR0417,Endocrinologist,4,6,46.0,52.5,4.0,9.017929655744263
R067,T14,DR0417,Endocrinologist,5,11,45.6,52.5,4.0,9.017929655744263
R067,T14,DR0417,Endocrinologist,6,6,44.5,52.5,4.0,9.017929655744263
R067,T14,DR0417,Endocrinologist,7,8,58.6,52.5,4.0,9.017929655744263
R067,T14,DR0417,Endocrinologist,8,2,19.7,52.5,4.0,9.017929655744263
R067,T14,DR0417,Endocrinologist,9,6,69.5,52.5,4.0,9.017929655744263
R067,T14,DR0417,Endocrinologist,10,7,34.4,52.5,4.0,9.017929655744263
R067,T14,DR0417,Endocrinologist,11,5,46.3,52.5,4.0,9.017929655744263
R067,T14,DR0417,Endocrinologist,12,8,41.7,52.5,4.0,9.017929655744263
R068,T14,DR0418,Neurologist,1,6,24.0,37.5,4.0,9.017929655744263
R068,T14,DR0418,Neurologist,2,1,9.1,37.5,4.0,9.017929655744263
R068,T14,DR0418,Neurologist,3,1,14.5,37.5,4.0,9.017929655744263
R068,T14,DR0418,Neurologist,4,7,29.5,37.5,4.0,9.017929655744263
R068,T14,DR0418,Neurologist,5,5,20.2,37.5,4.0,9.017929655744263
R068,T14,DR0418,Neurologist,6,5,31.9,37.5,4.0,9.017929655744263
R068,T14,DR0418,Neurologist,7,5,27.5,37.5,4.0,9.017929655744263
R068,T14,DR0418,Neurologist,8,5,19.0,37.5,4.0,9.017929655744263
R068,T14,DR0418,Neurologist,9,5,37.9,37.5,4.0,9.017929655744263
R068,T14,DR0418,Neurologist,10,6,27.1,37.5,4.0,9.017929655744263
R068,T14,DR0418,Neurologist,11,3,23.1,37.5,4.0,9.017929655744263
R068,T14,DR0418,Neurologist,12,10,48.3,37.5,4.0,9.017929655744263
R069,T14,DR0419,GP,1,2,13.5,25.0,4.0,9.017929655744263
R069,T14,DR0419,GP,2,3,18.2,25.0,4.0,9.017929655744263
R069,T14,DR0419,GP,3,4,33.8,25.0,4.0,9.017929655744263
R069,T14,DR0419,GP,4,4,18.1,25.0,4.0,9.017929655744263
R069,T14,DR0419,GP,5,3,20.4,25.0,4.0,9.017929655744263
R069,T14,DR0419,GP,6,1,11.8,25.0,4.0,9.017929655744263
R069,T14,DR0419,GP,7,2,20.4,25.0,4.0,9.017929655744263
R069,T14,DR0419,GP,8,3,26.4,25.0,4.0,9.017929655744263
R069,T14,DR0419,GP,9,1,15.1,25.0,4.0,9.017929655744263
R069,T14,DR0419,GP,10,3,17.2,25.0,4.0,9.017929655744263
R069,T14,DR0419,GP,11,3,10.7,25.0,4.0,9.017929655744263
R069,T14,DR0419,GP,12,4,20.0,25.0,4.0,9.017929655744263
R070,T14,DR0420,Cardiologist,1,5,37.1,45.0,4.0,9.017929655744263
R070,T14,DR0420,Cardiologist,2,5,34.5,45.0,4.0,9.017929655744263
R070,T14,DR0420,Cardiologist,3,3,32.3,45.0,4.0,9.017929655744263
R070,T14,DR0420,Cardiologist,4,6,32.9,45.0,4.0,9.017929655744263
R070,T14,DR0420,Cardiologist,5,3,27.4,45.0,4.0,9.017929655744263
R070,T14,DR0420,Cardiologist,6,11,44.1,45.0,4.0,9.017929655744263
R070,T14,DR0420,Cardiologist,7,3,37.8,45.0,4.0,9.017929655744263
R070,T14,DR0420,Cardiologist,8,7,28.9,45.0,4.0,9.017929655744263
R070,T14,DR0420,Cardiologist,9,8,60.6,45.0,4.0,9.017929655744263
R070,T14,DR0420,Cardiologist,10,3,21.7,45.0,4.0,9.017929655744263
R070,T14,DR0420,Cardiologist,11,6,35.2,45.0,4.0,9.017929655744263
R070,T14,DR0420,Cardiologist,12,4,31.7,45.0,4.0,9.017929655744263
R071,T15,DR0421,GP,1,1,10.1,25.0,4.0,3.740074738016365
R071,T15,DR0421,GP,2,4,11.3,25.0,4.0,3.740074738016365
R071,T15,DR0421,GP,3,4,17.4,25.0,4.0,3.740074738016365
R071,T15,DR0421,GP,4,4,28.6,25.0,4.0,3.740074738016365
R071,T15,DR0421,GP,5,5,18.0,25.0,4.0,3.740074738016365
R071,T15,DR0421,GP,6,2,9.8,25.0,4.0,3.740074738016365
R071,T15,DR0421,GP,7,4,13.5,25.0,4.0,3.740074738016365
R071,T15,DR0421,GP,8,5,24.8,25.0,4.0,3.740074738016365
R071,T15,DR0421,GP,9,3,15.2,25.0,4.0,3.740074738016365
R071,T15,DR0421,GP,10,3,14.2,25.0,4.0,3.740074738016365
R071,T15,DR0421,GP,11,2,11.4,25.0,4.0,3.740074738016365
R071,T15,DR0421,GP,12,3,12.7,25.0,4.0,3.740074738016365
R072,T15,DR0422,Cardiologist,1,3,19.4,45.0,4.0,3.740074738016365
R072,T15,DR0422,Cardiologist,2,2,18.9,45.0,4.0,3.740074738016365
R072,T15,DR0422,Cardiologist,3,3,23.3,45.0,4.0,3.740074738016365
R072,T15,DR0422,Cardiologist,4,7,43.6,45.0,4.0,3.740074738016365
R072,T15,DR0422,Cardiologist,5,4,29.3,45.0,4.0,3.740074738016365
R072,T15,DR0422,Cardiologist,6,7,25.4,45.0,4.0,3.740074738016365
R072,T15,DR0422,Cardiologist,7,7,45.5,45.0,4.0,3.740074738016365
R072,T15,DR0422,Cardiologist,8,4,39.5,45.0,4.0,3.740074738016365
R072,T15,DR0422,Cardiologist,9,2,16.7,45.0,4.0,3.740074738016365
R072,T15,DR0422,Cardiologist,10,3,21.2,45.0,4.0,3.740074738016365
R072,T15,DR0422,Cardiologist,11,5,20.9,45.0,4.0,3.740074738016365
R072,T15,DR0422,Cardiologist,12,7,32.1,45.0,4.0,3.740074738016365
R073,T15,DR0423,Endocrinologist,1,5,30.7,52.5,4.0,3.740074738016365
R073,T15,DR0423,Endocrinologist,2,3,41.8,52.5,4.0,3.740074738016365
R073,T15,DR0423,Endocrinologist,3,9,37.9,52.5,4.0,3.740074738016365
R073,T15,DR0423,Endocrinologist,4,3,21.3,52.5,4.0,3.740074738016365
R073,T15,DR0423,Endocrinologist,5,8,40.0,52.5,4.0,3.740074738016365
R073,T15,DR0423,Endocrinologist,6,6,22.0,52.5,4.0,3.740074738016365
R073,T15,DR0423,Endocrinologist,7,3,32.3,52.5,4.0,3.740074738016365
R073,T15,DR0423,Endocrinologist,8,2,22.4,52.5,4.0,3.740074738016365
R073,T15,DR0423,Endocrinologist,9,2,22.8,52.5,4.0,3.740074738016365
R073,T15,DR0423,Endocrinologist,10,3,18.6,52.5,4.0,3.740074738016365
R073,T15,DR0423,Endocrinologist,11,5,27.7,52.5,4.0,3.740074738016365
R073,T15,DR0423,Endocrinologist,12,6,29.0,52.5,4.0,3.740074738016365
R074,T15,DR0424,Neurologist,1,2,21.4,37.5,4.0,3.740074738016365
R074,T15,DR0424,Neurologist,2,7,23.5,37.5,4.0,3.740074738016365
R074,T15,DR0424,Neurologist,3,5,21.8,37.5,4.0,3.740074738016365
R074,T15,DR0424,Neurologist,4,7,30.4,37.5,4.0,3.740074738016365
R074,T15,DR0424,Neurologist,5,1,9.8,37.5,4.0,3.740074738016365
R074,T15,DR0424,Neurologist,6,4,22.2,37.5,4.0,3.740074738016365
R074,T15,DR0424,Neurologist,7,3,13.3,37.5,4.0,3.740074738016365
R074,T15,DR0424,Neurologist,8,4,23.2,37.5,4.0,3.740074738016365
R074,T15,DR0424,Neurologist,9,1,9.5,37.5,4.0,3.740074738016365
R074,T15,DR0424,Neurologist,10,3,20.3,37.5,4.0,3.740074738016365
R074,T15,DR0424,Neurologist,11,8,30.4,37.5,4.0,3.740074738016365
R074,T15,DR0424,Neurologist,12,4,19.4,37.5,4.0,3.740074738016365
R075,T15,DR0425,GP,1,6,17.0,25.0,4.0,3.740074738016365
R075,T15,DR0425,GP,2,1,10.1,25.0,4.0,3.740074738016365
R075,T15,DR0425,GP,3,4,11.2,25.0,4.0,3.740074738016365
R075,T15,DR0425,GP,4,2,7.8,25.0,4.0,3.740074738016365
R075,T15,DR0425,GP,5,2,10.7,25.0,4.0,3.740074738016365
R075,T15,DR0425,GP,6,3,9.6,25.0,4.0,3.740074738016365
R075,T15,DR0425,GP,7,8,28.8,25.0,4.0,3.740074738016365
R075,T15,DR0425,GP,8,4,14.9,25.0,4.0,3.740074738016365
R075,T15,DR0425,GP,9,8,23.9,25.0,4.0,3.740074738016365
R075,T15,DR0425,GP,10,1,12.0,25.0,4.0,3.740074738016365
R075,T15,DR0425,GP,11,2,15.2,25.0,4.0,3.740074738016365
R075,T15,DR0425,GP,12,1,7.1,25.0,4.0,3.740074738016365
R071,T15,DR0426,Cardiologist,1,6,31.6,45.0,4.0,3.740074738016365
R071,T15,DR0426,Cardiologist,2,7,35.2,45.0,4.0,3.740074738016365
R071,T15,DR0426,Cardiologist,3,4,18.9,45.0,4.0,3.740074738016365
R071,T15,DR0426,Cardiologist,4,2,8.8,45.0,4.0,3.740074738016365
R071,T15,DR0426,Cardiologist,5,4,23.6,45.0,4.0,3.740074738016365
R071,T15,DR0426,Cardiologist,6,7,36.6,45.0,4.0,3.740074738016365
R071,T15,DR0426,Cardiologist,7,6,39.3,45.0,4.0,3.740074738016365
R071,T15,DR0426,Cardiologist,8,2,17.3,45.0,4.0,3.740074738016365
R071,T15,DR0426,Cardiologist,9,8,37.6,45.0,4.0,3.740074738016365
R071,T15,DR0426,Cardiologist,10,5,33.9,45.0,4.0,3.740074738016365
R071,T15,DR0426,Cardiologist,11,5,29.4,45.0,4.0,3.740074738016365
R071,T15,DR0426,Cardiologist,12,5,24.8,45.0,4.0,3.740074738016365
R072,T15,DR0427,Endocrinologist,1,4,18.9,52.5,4.0,3.740074738016365
R072,T15,DR0427,Endocrinologist,2,7,37.4,52.5,4.0,3.740074738016365
R072,T15,DR0427,Endocrinologist,3,4,30.4,52.5,4.0,3.740074738016365
R072,T15,DR0427,Endocrinologist,4,4,25.0,52.5,4.0,3.740074738016365
R072,T15,DR0427,Endocrinologist,5,7,25.3,52.5,4.0,3.740074738016365
R072,T15,DR0427,Endocrinologist,6,10,44.5,52.5,4.0,3.740074738016365
R072,T15,DR0427,Endocrinologist,7,4,28.5,52.5,4.0,3.740074738016365
R072,T15,DR0427,Endocrinologist,8,3,18.2,52.5,4.0,3.740074738016365
R072,T15,DR0427,Endocrinologist,9,6,44.0,52.5,4.0,3.740074738016365
R072,T15,DR0427,Endocrinologist,10,4,27.6,52.5,4.0,3.740074738016365
R072,T15,DR0427,Endocrinologist,11,10,31.5,52.5,4.0,3.740074738016365
R072,T15,DR0427,Endocrinologist,12,4,37.9,52.5,4.0,3.740074738016365
R073,T15,DR0428,Neurologist,1,6,19.4,37.5,4.0,3.740074738016365
R073,T15,DR0428,Neurologist,2,4,35.3,37.5,4.0,3.740074738016365
R073,T15,DR0428,Neurologist,3,4,22.1,37.5,4.0,3.740074738016365
R073,T15,DR0428,Neurologist,4,1,8.3,37.5,4.0,3.740074738016365
R073,T15,DR0428,Neurologist,5,5,22.7,37.5,4.0,3.740074738016365
R073,T15,DR0428,Neurologist,6,5,29.2,37.5,4.0,3.740074738016365
R073,T15,DR0428,Neurologist,7,5,20.4,37.5,4.0,3.740074738016365
R073,T15,DR0428,Neurologist,8,5,24.2,37.5,4.0,3.740074738016365
R073,T15,DR0428,Neurologist,9,3,23.9,37.5,4.0,3.740074738016365
R073,T15,DR0428,Neurologist,10,3,14.3,37.5,4.0,3.740074738016365
R073,T15,DR0428,Neurologist,11,8,26.8,37.5,4.0,3.740074738016365
R073,T15,DR0428,Neurologist,12,7,30.2,37.5,4.0,3.740074738016365
R074,T15,DR0429,GP,1,3,15.0,25.0,4.0,3.740074738016365
R074,T15,DR0429,GP,2,5,18.3,25.0,4.0,3.740074738016365
R074,T15,DR0429,GP,3,4,8.7,25.0,4.0,3.740074738016365
R074,T15,DR0429,GP,4,2,8.1,25.0,4.0,3.740074738016365
R074,T15,DR0429,GP,5,3,27.4,25.0,4.0,3.740074738016365
R074,T15,DR0429,GP,6,3,14.1,25.0,4.0,3.740074738016365
R074,T15,DR0429,GP,7,4,10.4,25.0,4.0,3.740074738016365
R074,T15,DR0429,GP,8,5,15.1,25.0,4.0,3.740074738016365
R074,T15,DR0429,GP,9,6,15.0,25.0,4.0,3.740074738016365
R074,T15,DR0429,GP,10,1,8.6,25.0,4.0,3.740074738016365
R074,T15,DR0429,GP,11,4,14.3,25.0,4.0,3.740074738016365
R074,T15,DR0429,GP,12,3,12.9,25.0,4.0,3.740074738016365
R075,T15,DR0430,Cardiologist,1,7,34.9,45.0,4.0,3.740074738016365
R075,T15,DR0430,Cardiologist,2,5,29.6,45.0,4.0,3.740074738016365
R075,T15,DR0430,Cardiologist,3,9,38.8,45.0,4.0,3.740074738016365
R075,T15,DR0430,Cardiologist,4,3,19.7,45.0,4.0,3.740074738016365
R075,T15,DR0430,Cardiologist,5,4,20.8,45.0,4.0,3.740074738016365
R075,T15,DR0430,Cardiologist,6,5,22.0,45.0,4.0,3.740074738016365
R075,T15,DR0430,Cardiologist,7,7,64.2,45.0,4.0,3.740074738016365
R075,T15,DR0430,Cardiologist,8,11,35.2,45.0,4.0,3.740074738016365
R075,T15,DR0430,Cardiologist,9,5,26.7,45.0,4.0,3.740074738016365
R075,T15,DR0430,Cardiologist,10,8,30.9,45.0,4.0,3.740074738016365
R075,T15,DR0430,Cardiologist,11,7,33.6,45.0,4.0,3.740074738016365
R075,T15,DR0430,Cardiologist,12,5,41.4,45.0,4.0,3.740074738016365
R071,T15,DR0431,Endocrinologist,1,4,39.5,52.5,4.0,3.740074738016365
R071,T15,DR0431,Endocrinologist,2,6,33.7,52.5,4.0,3.740074738016365
R071,T15,DR0431,Endocrinologist,3,3,26.3,52.5,4.0,3.740074738016365
R071,T15,DR0431,Endocrinologist,4,2,22.2,52.5,4.0,3.740074738016365
R071,T15,DR0431,Endocrinologist,5,5,21.3,52.5,4.0,3.740074738016365
R071,T15,DR0431,Endocrinologist,6,5,47.7,52.5,4.0,3.740074738016365
R071,T15,DR0431,Endocrinologist,7,1,23.7,52.5,4.0,3.740074738016365
R071,T15,DR0431,Endocrinologist,8,5,17.0,52.5,4.0,3.740074738016365
R071,T15,DR0431,Endocrinologist,9,6,30.3,52.5,4.0,3.740074738016365
R071,T15,DR0431,Endocrinologist,10,6,31.8,52.5,4.0,3.740074738016365
R071,T15,DR0431,Endocrinologist,11,7,39.8,52.5,4.0,3.740074738016365
R071,T15,DR0431,Endocrinologist,12,5,31.9,52.5,4.0,3.740074738016365
R072,T15,DR0432,Neurologist,1,2,17.7,37.5,4.0,3.740074738016365
R072,T15,DR0432,Neurologist,2,2,17.6,37.5,4.0,3.740074738016365
R072,T15,DR0432,Neurologist,3,4,22.1,37.5,4.0,3.740074738016365
R072,T15,DR0432,Neurologist,4,4,16.2,37.5,4.0,3.740074738016365
R072,T15,DR0432,Neurologist,5,4,18.1,37.5,4.0,3.740074738016365
R072,T15,DR0432,Neurologist,6,3,20.5,37.5,4.0,3.740074738016365
R072,T15,DR0432,Neurologist,7,8,30.5,37.5,4.0,3.740074738016365
R072,T15,DR0432,Neurologist,8,3,26.4,37.5,4.0,3.740074738016365
R072,T15,DR0432,Neurologist,9,5,31.4,37.5,4.0,3.740074738016365
R072,T15,DR0432,Neurologist,10,1,10.2,37.5,4.0,3.740074738016365
R072,T15,DR0432,Neurologist,11,3,29.7,37.5,4.0,3.740074738016365
R072,T15,DR0432,Neurologist,12,3,19.5,37.5,4.0,3.740074738016365
R073,T15,DR0433,GP,1,1,11.7,25.0,4.0,3.740074738016365
R073,T15,DR0433,GP,2,1,13.3,25.0,4.0,3.740074738016365
R073,T15,DR0433,GP,3,3,18.1,25.0,4.0,3.740074738016365
R073,T15,DR0433,GP,4,2,21.3,25.0,4.0,3.740074738016365
R073,T15,DR0433,GP,5,2,12.2,25.0,4.0,3.740074738016365
R073,T15,DR0433,GP,6,4,17.1,25.0,4.0,3.740074738016365
R073,T15,DR0433,GP,7,4,11.3,25.0,4.0,3.740074738016365
R073,T15,DR0433,GP,8,3,17.4,25.0,4.0,3.740074738016365
R073,T15,DR0433,GP,9,5,25.2,25.0,4.0,3.740074738016365
R073,T15,DR0433,GP,10,1,9.4,25.0,4.0,3.740074738016365
R073,T15,DR0433,GP,11,3,15.5,25.0,4.0,3.740074738016365
R073,T15,DR0433,GP,12,2,7.9,25.0,4.0,3.740074738016365
R074,T15,DR0434,Cardiologist,1,5,27.6,45.0,4.0,3.740074738016365
R074,T15,DR0434,Cardiologist,2,4,33.3,45.0,4.0,3.740074738016365
R074,T15,DR0434,Cardiologist,3,5,31.3,45.0,4.0,3.740074738016365
R074,T15,DR0434,Cardiologist,4,2,35.4,45.0,4.0,3.740074738016365
R074,T15,DR0434,Cardiologist,5,2,28.7,45.0,4.0,3.740074738016365
R074,T15,DR0434,Cardiologist,6,3,32.1,45.0,4.0,3.740074738016365
R074,T15,DR0434,Cardiologist,7,6,38.8,45.0,4.0,3.740074738016365
R074,T15,DR0434,Cardiologist,8,4,42.5,45.0,4.0,3.740074738016365
R074,T15,DR0434,Cardiologist,9,3,28.3,45.0,4.0,3.740074738016365
R074,T15,DR0434,Cardiologist,10,9,35.0,45.0,4.0,3.740074738016365
R074,T15,DR0434,Cardiologist,11,7,27.0,45.0,4.0,3.740074738016365
R074,T15,DR0434,Cardiologist,12,4,23.5,45.0,4.0,3.740074738016365
R075,T15,DR0435,Endocrinologist,1,8,47.4,52.5,4.0,3.740074738016365
R075,T15,DR0435,Endocrinologist,2,4,43.1,52.5,4.0,3.740074738016365
R075,T15,DR0435,Endocrinologist,3,5,48.6,52.5,4.0,3.740074738016365
R075,T15,DR0435,Endocrinologist,4,3,25.9,52.5,4.0,3.740074738016365
R075,T15,DR0435,Endocrinologist,5,6,36.3,52.5,4.0,3.740074738016365
R075,T15,DR0435,Endocrinologist,6,6,25.7,52.5,4.0,3.740074738016365
R075,T15,DR0435,Endocrinologist,7,7,46.2,52.5,4.0,3.740074738016365
R075,T15,DR0435,Endocrinologist,8,5,21.1,52.5,4.0,3.740074738016365
R075,T15,DR0435,Endocrinologist,9,7,63.9,52.5,4.0,3.740074738016365
R075,T15,DR0435,Endocrinologist,10,11,40.7,52.5,4.0,3.740074738016365
R075,T15,DR0435,Endocrinologist,11,5,33.0,52.5,4.0,3.740074738016365
R075,T15,DR0435,Endocrinologist,12,12,36.1,52.5,4.0,3.740074738016365
R071,T15,DR0436,Neurologist,1,5,30.7,37.5,4.0,3.740074738016365
R071,T15,DR0436,Neurologist,2,2,25.7,37.5,4.0,3.740074738016365
R071,T15,DR0436,Neurologist,3,5,26.3,37.5,4.0,3.740074738016365
R071,T15,DR0436,Neurologist,4,2,19.2,37.5,4.0,3.740074738016365
R071,T15,DR0436,Neurologist,5,4,27.9,37.5,4.0,3.740074738016365
R071,T15,DR0436,Neurologist,6,5,20.9,37.5,4.0,3.740074738016365
R071,T15,DR0436,Neurologist,7,2,16.6,37.5,4.0,3.740074738016365
R071,T15,DR0436,Neurologist,8,2,13.5,37.5,4.0,3.740074738016365
R071,T15,DR0436,Neurologist,9,6,21.8,37.5,4.0,3.740074738016365
R071,T15,DR0436,Neurologist,10,1,8.4,37.5,4.0,3.740074738016365
R071,T15,DR0436,Neurologist,11,2,23.8,37.5,4.0,3.740074738016365
R071,T15,DR0436,Neurologist,12,3,22.2,37.5,4.0,3.740074738016365
R072,T15,DR0437,GP,1,1,7.4,25.0,4.0,3.740074738016365
R072,T15,DR0437,GP,2,4,19.1,25.0,4.0,3.740074738016365
R072,T15,DR0437,GP,3,4,15.9,25.0,4.0,3.740074738016365
R072,T15,DR0437,GP,4,3,9.7,25.0,4.0,3.740074738016365
R072,T15,DR0437,GP,5,3,19.0,25.0,4.0,3.740074738016365
R072,T15,DR0437,GP,6,3,16.4,25.0,4.0,3.740074738016365
R072,T15,DR0437,GP,7,4,14.0,25.0,4.0,3.740074738016365
R072,T15,DR0437,GP,8,4,14.2,25.0,4.0,3.740074738016365
R072,T15,DR0437,GP,9,2,11.1,25.0,4.0,3.740074738016365
R072,T15,DR0437,GP,10,2,11.5,25.0,4.0,3.740074738016365
R072,T15,DR0437,GP,11,1,9.5,25.0,4.0,3.740074738016365
R072,T15,DR0437,GP,12,1,7.6,25.0,4.0,3.740074738016365
R073,T15,DR0438,Cardiologist,1,3,19.9,45.0,4.0,3.740074738016365
R073,T15,DR0438,Cardiologist,2,9,40.0,45.0,4.0,3.740074738016365
R073,T15,DR0438,Cardiologist,3,4,33.9,45.0,4.0,3.740074738016365
R073,T15,DR0438,Cardiologist,4,4,41.8,45.0,4.0,3.740074738016365
R073,T15,DR0438,Cardiologist,5,3,21.6,45.0,4.0,3.740074738016365
R073,T15,DR0438,Cardiologist,6,3,17.0,45.0,4.0,3.740074738016365
R073,T15,DR0438,Cardiologist,7,7,35.1,45.0,4.0,3.740074738016365
R073,T15,DR0438,Cardiologist,8,6,38.1,45.0,4.0,3.740074738016365
R073,T15,DR0438,Cardiologist,9,6,62.6,45.0,4.0,3.740074738016365
R073,T15,DR0438,Cardiologist,10,5,26.1,45.0,4.0,3.740074738016365
R073,T15,DR0438,Cardiologist,11,3,34.0,45.0,4.0,3.740074738016365
R073,T15,DR0438,Cardiologist,12,4,24.9,45.0,4.0,3.740074738016365
R074,T15,DR0439,Endocrinologist,1,10,34.5,52.5,4.0,3.740074738016365
R074,T15,DR0439,Endocrinologist,2,6,44.7,52.5,4.0,3.740074738016365
R074,T15,DR0439,Endocrinologist,3,4,26.2,52.5,4.0,3.740074738016365
R074,T15,DR0439,Endocrinologist,4,8,34.0,52.5,4.0,3.740074738016365
R074,T15,DR0439,Endocrinologist,5,4,29.4,52.5,4.0,3.740074738016365
R074,T15,DR0439,Endocrinologist,6,5,40.6,52.5,4.0,3.740074738016365
R074,T15,DR0439,Endocrinologist,7,5,36.9,52.5,4.0,3.740074738016365
R074,T15,DR0439,Endocrinologist,8,10,52.5,52.5,4.0,3.740074738016365
R074,T15,DR0439,Endocrinologist,9,6,43.0,52.5,4.0,3.740074738016365
R074,T15,DR0439,Endocrinologist,10,4,26.3,52.5,4.0,3.740074738016365
R074,T15,DR0439,Endocrinologist,11,6,37.2,52.5,4.0,3.740074738016365
R074,T15,DR0439,Endocrinologist,12,3,57.9,52.5,4.0,3.740074738016365
R075,T15,DR0440,Neurologist,1,4,28.9,37.5,4.0,3.740074738016365
R075,T15,DR0440,Neurologist,2,7,33.1,37.5,4.0,3.740074738016365
R075,T15,DR0440,Neurologist,3,2,17.6,37.5,4.0,3.740074738016365
R075,T15,DR0440,Neurologist,4,5,26.2,37.5,4.0,3.740074738016365
R075,T15,DR0440,Neurologist,5,6,32.6,37.5,4.0,3.740074738016365
R075,T15,DR0440,Neurologist,6,4,31.9,37.5,4.0,3.740074738016365
R075,T15,DR0440,Neurologist,7,3,15.7,37.5,4.0,3.740074738016365
R075,T15,DR0440,Neurologist,8,1,8.5,37.5,4.0,3.740074738016365
R075,T15,DR0440,Neurologist,9,8,27.1,37.5,4.0,3.740074738016365
R075,T15,DR0440,Neurologist,10,4,18.3,37.5,4.0,3.740074738016365
R075,T15,DR0440,Neurologist,11,3,20.5,37.5,4.0,3.740074738016365
R075,T15,DR0440,Neurologist,12,3,17.2,37.5,4.0,3.740074738016365
R071,T15,DR0441,GP,1,2,8.9,25.0,4.0,3.740074738016365
R071,T15,DR0441,GP,2,5,19.4,25.0,4.0,3.740074738016365
R071,T15,DR0441,GP,3,2,16.4,25.0,4.0,3.740074738016365
R071,T15,DR0441,GP,4,3,14.6,25.0,4.0,3.740074738016365
R071,T15,DR0441,GP,5,2,7.9,25.0,4.0,3.740074738016365
R071,T15,DR0441,GP,6,4,11.6,25.0,4.0,3.740074738016365
R071,T15,DR0441,GP,7,5,19.0,25.0,4.0,3.740074738016365
R071,T15,DR0441,GP,8,3,14.8,25.0,4.0,3.740074738016365
R071,T15,DR0441,GP,9,6,29.7,25.0,4.0,3.740074738016365
R071,T15,DR0441,GP,10,4,9.1,25.0,4.0,3.740074738016365
R071,T15,DR0441,GP,11,1,8.2,25.0,4.0,3.740074738016365
R071,T15,DR0441,GP,12,5,29.8,25.0,4.0,3.740074738016365
R072,T15,DR0442,Cardiologist,1,4,22.2,45.0,4.0,3.740074738016365
R072,T15,DR0442,Cardiologist,2,3,17.3,45.0,4.0,3.740074738016365
R072,T15,DR0442,Cardiologist,3,5,24.8,45.0,4.0,3.740074738016365
R072,T15,DR0442,Cardiologist,4,5,28.4,45.0,4.0,3.740074738016365
R072,T15,DR0442,Cardiologist,5,3,19.4,45.0,4.0,3.740074738016365
R072,T15,DR0442,Cardiologist,6,2,23.5,45.0,4.0,3.740074738016365
R072,T15,DR0442,Cardiologist,7,5,22.5,45.0,4.0,3.740074738016365
R072,T15,DR0442,Cardiologist,8,10,27.5,45.0,4.0,3.740074738016365
R072,T15,DR0442,Cardiologist,9,3,18.3,45.0,4.0,3.740074738016365
R072,T15,DR0442,Cardiologist,10,1,12.6,45.0,4.0,3.740074738016365
R072,T15,DR0442,Cardiologist,11,3,19.5,45.0,4.0,3.740074738016365
R072,T15,DR0442,Cardiologist,12,5,47.3,45.0,4.0,3.740074738016365
R073,T15,DR0443,Endocrinologist,1,4,23.4,52.5,4.0,3.740074738016365
R073,T15,DR0443,Endocrinologist,2,3,38.5,52.5,4.0,3.740074738016365
R073,T15,DR0443,Endocrinologist,3,3,33.1,52.5,4.0,3.740074738016365
R073,T15,DR0443,Endocrinologist,4,6,51.6,52.5,4.0,3.740074738016365
R073,T15,DR0443,Endocrinologist,5,3,36.5,52.5,4.0,3.740074738016365
R073,T15,DR0443,Endocrinologist,6,9,44.0,52.5,4.0,3.740074738016365
R073,T15,DR0443,Endocrinologist,7,5,25.8,52.5,4.0,3.740074738016365
R073,T15,DR0443,Endocrinologist,8,3,22.0,52.5,4.0,3.740074738016365
R073,T15,DR0443,Endocrinologist,9,1,12.0,52.5,4.0,3.740074738016365
R073,T15,DR0443,Endocrinologist,10,6,36.7,52.5,4.0,3.740074738016365
R073,T15,DR0443,Endocrinologist,11,6,35.2,52.5,4.0,3.740074738016365
R073,T15,DR0443,Endocrinologist,12,6,32.6,52.5,4.0,3.740074738016365
R074,T15,DR0444,Neurologist,1,3,19.3,37.5,4.0,3.740074738016365
R074,T15,DR0444,Neurologist,2,3,22.5,37.5,4.0,3.740074738016365
R074,T15,DR0444,Neurologist,3,7,34.9,37.5,4.0,3.740074738016365
R074,T15,DR0444,Neurologist,4,4,14.4,37.5,4.0,3.740074738016365
R074,T15,DR0444,Neurologist,5,5,34.0,37.5,4.0,3.740074738016365
R074,T15,DR0444,Neurologist,6,2,18.1,37.5,4.0,3.740074738016365
R074,T15,DR0444,Neurologist,7,4,28.2,37.5,4.0,3.740074738016365
R074,T15,DR0444,Neurologist,8,6,38.9,37.5,4.0,3.740074738016365
R074,T15,DR0444,Neurologist,9,6,29.1,37.5,4.0,3.740074738016365
R074,T15,DR0444,Neurologist,10,4,23.3,37.5,4.0,3.740074738016365
R074,T15,DR0444,Neurologist,11,6,24.1,37.5,4.0,3.740074738016365
R074,T15,DR0444,Neurologist,12,2,20.3,37.5,4.0,3.740074738016365
R075,T15,DR0445,GP,1,2,14.8,25.0,4.0,3.740074738016365
R075,T15,DR0445,GP,2,1,10.2,25.0,4.0,3.740074738016365
R075,T15,DR0445,GP,3,2,12.0,25.0,4.0,3.740074738016365
R075,T15,DR0445,GP,4,4,14.1,25.0,4.0,3.740074738016365
R075,T15,DR0445,GP,5,2,17.0,25.0,4.0,3.740074738016365
R075,T15,DR0445,GP,6,2,12.5,25.0,4.0,3.740074738016365
R075,T15,DR0445,GP,7,1,6.5,25.0,4.0,3.740074738016365
R075,T15,DR0445,GP,8,2,16.0,25.0,4.0,3.740074738016365
R075,T15,DR0445,GP,9,1,8.1,25.0,4.0,3.740074738016365
R075,T15,DR0445,GP,10,3,15.3,25.0,4.0,3.740074738016365
R075,T15,DR0445,GP,11,2,10.1,25.0,4.0,3.740074738016365
R075,T15,DR0445,GP,12,3,17.1,25.0,4.0,3.740074738016365
R071,T15,DR0446,Cardiologist,1,5,37.0,45.0,4.0,3.740074738016365
R071,T15,DR0446,Cardiologist,2,2,20.0,45.0,4.0,3.740074738016365
R071,T15,DR0446,Cardiologist,3,8,25.7,45.0,4.0,3.740074738016365
R071,T15,DR0446,Cardiologist,4,3,26.8,45.0,4.0,3.740074738016365
R071,T15,DR0446,Cardiologist,5,2,18.9,45.0,4.0,3.740074738016365
R071,T15,DR0446,Cardiologist,6,8,44.1,45.0,4.0,3.740074738016365
R071,T15,DR0446,Cardiologist,7,3,16.4,45.0,4.0,3.740074738016365
R071,T15,DR0446,Cardiologist,8,4,25.9,45.0,4.0,3.740074738016365
R071,T15,DR0446,Cardiologist,9,2,21.0,45.0,4.0,3.740074738016365
R071,T15,DR0446,Cardiologist,10,5,27.5,45.0,4.0,3.740074738016365
R071,T15,DR0446,Cardiologist,11,1,8.6,45.0,4.0,3.740074738016365
R071,T15,DR0446,Cardiologist,12,3,21.2,45.0,4.0,3.740074738016365
R072,T15,DR0447,Endocrinologist,1,4,39.2,52.5,4.0,3.740074738016365
R072,T15,DR0447,Endocrinologist,2,6,23.2,52.5,4.0,3.740074738016365
R072,T15,DR0447,Endocrinologist,3,8,47.7,52.5,4.0,3.740074738016365
R072,T15,DR0447,Endocrinologist,4,9,37.4,52.5,4.0,3.740074738016365
R072,T15,DR0447,Endocrinologist,5,7,28.8,52.5,4.0,3.740074738016365
R072,T15,DR0447,Endocrinologist,6,2,16.3,52.5,4.0,3.740074738016365
R072,T15,DR0447,Endocrinologist,7,9,34.6,52.5,4.0,3.740074738016365
R072,T15,DR0447,Endocrinologist,8,9,29.1,52.5,4.0,3.740074738016365
R072,T15,DR0447,Endocrinologist,9,3,24.1,52.5,4.0,3.740074738016365
R072,T15,DR0447,Endocrinologist,10,6,36.2,52.5,4.0,3.740074738016365
R072,T15,DR0447,Endocrinologist,11,2,24.0,52.5,4.0,3.740074738016365
R072,T15,DR0447,Endocrinologist,12,6,59.7,52.5,4.0,3.740074738016365
R073,T15,DR0448,Neurologist,1,4,18.8,37.5,4.0,3.740074738016365
R073,T15,DR0448,Neurologist,2,1,18.1,37.5,4.0,3.740074738016365
R073,T15,DR0448,Neurologist,3,5,13.1,37.5,4.0,3.740074738016365
R073,T15,DR0448,Neurologist,4,4,38.6,37.5,4.0,3.740074738016365
R073,T15,DR0448,Neurologist,5,4,16.5,37.5,4.0,3.740074738016365
R073,T15,DR0448,Neurologist,6,2,26.5,37.5,4.0,3.740074738016365
R073,T15,DR0448,Neurologist,7,1,11.3,37.5,4.0,3.740074738016365
R073,T15,DR0448,Neurologist,8,1,16.2,37.5,4.0,3.740074738016365
R073,T15,DR0448,Neurologist,9,7,31.8,37.5,4.0,3.740074738016365
R073,T15,DR0448,Neurologist,10,6,22.1,37.5,4.0,3.740074738016365
R073,T15,DR0448,Neurologist,11,6,29.1,37.5,4.0,3.740074738016365
R073,T15,DR0448,Neurologist,12,7,27.7,37.5,4.0,3.740074738016365
R074,T15,DR0449,GP,1,1,10.9,25.0,4.0,3.740074738016365
R074,T15,DR0449,GP,2,3,14.2,25.0,4.0,3.740074738016365
R074,T15,DR0449,GP,3,3,10.9,25.0,4.0,3.740074738016365
R074,T15,DR0449,GP,4,2,11.8,25.0,4.0,3.740074738016365
R074,T15,DR0449,GP,5,2,15.1,25.0,4.0,3.740074738016365
R074,T15,DR0449,GP,6,1,7.8,25.0,4.0,3.740074738016365
R074,T15,DR0449,GP,7,2,15.0,25.0,4.0,3.740074738016365
R074,T15,DR0449,GP,8,4,29.2,25.0,4.0,3.740074738016365
R074,T15,DR0449,GP,9,7,22.7,25.0,4.0,3.740074738016365
R074,T15,DR0449,GP,10,3,14.6,25.0,4.0,3.740074738016365
R074,T15,DR0449,GP,11,2,8.3,25.0,4.0,3.740074738016365
R074,T15,DR0449,GP,12,1,10.2,25.0,4.0,3.740074738016365
R075,T15,DR0450,Cardiologist,1,5,42.7,45.0,4.0,3.740074738016365
R075,T15,DR0450,Cardiologist,2,7,21.5,45.0,4.0,3.740074738016365
R075,T15,DR0450,Cardiologist,3,8,42.1,45.0,4.0,3.740074738016365
R075,T15,DR0450,Cardiologist,4,5,36.8,45.0,4.0,3.740074738016365
R075,T15,DR0450,Cardiologist,5,3,20.1,45.0,4.0,3.740074738016365
R075,T15,DR0450,Cardiologist,6,4,31.2,45.0,4.0,3.740074738016365
R075,T15,DR0450,Cardiologist,7,5,25.3,45.0,4.0,3.740074738016365
R075,T15,DR0450,Cardiologist,8,4,30.2,45.0,4.0,3.740074738016365
R075,T15,DR0450,Cardiologist,9,8,51.2,45.0,4.0,3.740074738016365
R075,T15,DR0450,Cardiologist,10,6,25.9,45.0,4.0,3.740074738016365
R075,T15,DR0450,Cardiologist,11,6,22.7,45.0,4.0,3.740074738016365
R075,T15,DR0450,Cardiologist,12,6,25.5,45.0,4.0,3.740074738016365
R076,T16,DR0451,GP,1,4,7.3,25.0,4.0,-6.874339703065906
R076,T16,DR0451,GP,2,5,6.2,25.0,4.0,-6.874339703065906
R076,T16,DR0451,GP,3,1,1.5,25.0,4.0,-6.874339703065906
R076,T16,DR0451,GP,4,1,1.0,25.0,4.0,-6.874339703065906
R076,T16,DR0451,GP,5,1,0.9,25.0,4.0,-6.874339703065906
R076,T16,DR0451,GP,6,6,7.0,25.0,4.0,-6.874339703065906
R076,T16,DR0451,GP,7,3,4.3,25.0,4.0,-6.874339703065906
R076,T16,DR0451,GP,8,2,1.1,25.0,4.0,-6.874339703065906
R076,T16,DR0451,GP,9,4,7.5,25.0,4.0,-6.874339703065906
R076,T16,DR0451,GP,10,2,1.4,25.0,4.0,-6.874339703065906
R076,T16,DR0451,GP,11,3,4.3,25.0,4.0,-6.874339703065906
R076,T16,DR0451,GP,12,4,5.3,25.0,4.0,-6.874339703065906
R077,T16,DR0452,Cardiologist,1,1,2.3,45.0,4.0,-6.874339703065906
R077,T16,DR0452,Cardiologist,2,5,15.5,45.0,4.0,-6.874339703065906
R077,T16,DR0452,Cardiologist,3,4,13.7,45.0,4.0,-6.874339703065906
R077,T16,DR0452,Cardiologist,4,5,20.5,45.0,4.0,-6.874339703065906
R077,T16,DR0452,Cardiologist,5,9,19.4,45.0,4.0,-6.874339703065906
R077,T16,DR0452,Cardiologist,6,4,19.7,45.0,4.0,-6.874339703065906
R077,T16,DR0452,Cardiologist,7,2,8.0,45.0,4.0,-6.874339703065906
R077,T16,DR0452,Cardiologist,8,11,33.7,45.0,4.0,-6.874339703065906
R077,T16,DR0452,Cardiologist,9,2,9.5,45.0,4.0,-6.874339703065906
R077,T16,DR0452,Cardiologist,10,5,20.4,45.0,4.0,-6.874339703065906
R077,T16,DR0452,Cardiologist,11,5,17.5,45.0,4.0,-6.874339703065906
R077,T16,DR0452,Cardiologist,12,5,26.6,45.0,4.0,-6.874339703065906
R078,T16,DR0453,Endocrinologist,1,7,25.8,52.5,4.0,-6.874339703065906
R078,T16,DR0453,Endocrinologist,2,6,33.4,52.5,4.0,-6.874339703065906
R078,T16,DR0453,Endocrinologist,3,2,13.0,52.5,4.0,-6.874339703065906
R078,T16,DR0453,Endocrinologist,4,3,13.2,52.5,4.0,-6.874339703065906
R078,T16,DR0453,Endocrinologist,5,3,17.4,52.5,4.0,-6.874339703065906
R078,T16,DR0453,Endocrinologist,6,5,18.2,52.5,4.0,-6.874339703065906
R078,T16,DR0453,Endocrinologist,7,1,3.2,52.5,4.0,-6.874339703065906
R078,T16,DR0453,Endocrinologist,8,7,37.8,52.5,4.0,-6.874339703065906
R078,T16,DR0453,Endocrinologist,9,7,23.9,52.5,4.0,-6.874339703065906
R078,T16,DR0453,Endocrinologist,10,8,30.5,52.5,4.0,-6.874339703065906
R078,T16,DR0453,Endocrinologist,11,4,18.8,52.5,4.0,-6.874339703065906
R078,T16,DR0453,Endocrinologist,12,4,19.8,52.5,4.0,-6.874339703065906
R079,T16,DR0454,Neurologist,1,5,21.7,37.5,4.0,-6.874339703065906
R079,T16,DR0454,Neurologist,2,4,11.7,37.5,4.0,-6.874339703065906
R079,T16,DR0454,Neurologist,3,3,9.1,37.5,4.0,-6.874339703065906
R079,T16,DR0454,Neurologist,4,3,10.5,37.5,4.0,-6.874339703065906
R079,T16,DR0454,Neurologist,5,3,8.7,37.5,4.0,-6.874339703065906
R079,T16,DR0454,Neurologist,6,4,9.7,37.5,4.0,-6.874339703065906
R079,T16,DR0454,Neurologist,7,4,7.1,37.5,4.0,-6.874339703065906
R079,T16,DR0454,Neurologist,8,2,5.2,37.5,4.0,-6.874339703065906
R079,T16,DR0454,Neurologist,9,1,1.3,37.5,4.0,-6.874339703065906
R079,T16,DR0454,Neurologist,10,6,14.4,37.5,4.0,-6.874339703065906
R079,T16,DR0454,Neurologist,11,4,15.0,37.5,4.0,-6.874339703065906
R079,T16,DR0454,Neurologist,12,3,10.2,37.5,4.0,-6.874339703065906
R080,T16,DR0455,GP,1,1,0.7,25.0,4.0,-6.874339703065906
R080,T16,DR0455,GP,2,2,1.1,25.0,4.0,-6.874339703065906
R080,T16,DR0455,GP,3,5,8.2,25.0,4.0,-6.874339703065906
R080,T16,DR0455,GP,4,5,8.6,25.0,4.0,-6.874339703065906
R080,T16,DR0455,GP,5,4,7.3,25.0,4.0,-6.874339703065906
R080,T16,DR0455,GP,6,3,4.7,25.0,4.0,-6.874339703065906
R080,T16,DR0455,GP,7,3,3.6,25.0,4.0,-6.874339703065906
R080,T16,DR0455,GP,8,5,6.8,25.0,4.0,-6.874339703065906
R080,T16,DR0455,GP,9,7,9.3,25.0,4.0,-6.874339703065906
R080,T16,DR0455,GP,10,7,8.6,25.0,4.0,-6.874339703065906
R080,T16,DR0455,GP,11,5,5.5,25.0,4.0,-6.874339703065906
R080,T16,DR0455,GP,12,3,2.9,25.0,4.0,-6.874339703065906
R076,T16,DR0456,Cardiologist,1,6,21.3,45.0,4.0,-6.874339703065906
R076,T16,DR0456,Cardiologist,2,2,6.5,45.0,4.0,-6.874339703065906
R076,T16,DR0456,Cardiologist,3,4,14.3,45.0,4.0,-6.874339703065906
R076,T16,DR0456,Cardiologist,4,4,25.4,45.0,4.0,-6.874339703065906
R076,T16,DR0456,Cardiologist,5,3,7.2,45.0,4.0,-6.874339703065906
R076,T16,DR0456,Cardiologist,6,2,8.2,45.0,4.0,-6.874339703065906
R076,T16,DR0456,Cardiologist,7,3,17.1,45.0,4.0,-6.874339703065906
R076,T16,DR0456,Cardiologist,8,6,24.2,45.0,4.0,-6.874339703065906
R076,T16,DR0456,Cardiologist,9,3,17.1,45.0,4.0,-6.874339703065906
R076,T16,DR0456,Cardiologist,10,4,20.5,45.0,4.0,-6.874339703065906
R076,T16,DR0456,Cardiologist,11,1,2.3,45.0,4.0,-6.874339703065906
R076,T16,DR0456,Cardiologist,12,2,9.1,45.0,4.0,-6.874339703065906
R077,T16,DR0457,Endocrinologist,1,8,17.4,52.5,4.0,-6.874339703065906
R077,T16,DR0457,Endocrinologist,2,9,31.4,52.5,4.0,-6.874339703065906
R077,T16,DR0457,Endocrinologist,3,6,17.3,52.5,4.0,-6.874339703065906
R077,T16,DR0457,Endocrinologist,4,6,24.4,52.5,4.0,-6.874339703065906
R077,T16,DR0457,Endocrinologist,5,5,17.3,52.5,4.0,-6.874339703065906
R077,T16,DR0457,Endocrinologist,6,4,13.4,52.5,4.0,-6.874339703065906
R077,T16,DR0457,Endocrinologist,7,3,20.6,52.5,4.0,-6.874339703065906
R077,T16,DR0457,Endocrinologist,8,6,36.0,52.5,4.0,-6.874339703065906
R077,T16,DR0457,Endocrinologist,9,4,22.0,52.5,4.0,-6.874339703065906
R077,T16,DR0457,Endocrinologist,10,6,19.9,52.5,4.0,-6.874339703065906
R077,T16,DR0457,Endocrinologist,11,6,19.9,52.5,4.0,-6.874339703065906
R077,T16,DR0457,Endocrinologist,12,4,17.1,52.5,4.0,-6.874339703065906
R078,T16,DR0458,Neurologist,1,2,4.0,37.5,4.0,-6.874339703065906
R078,T16,DR0458,Neurologist,2,6,12.1,37.5,4.0,-6.874339703065906
R078,T16,DR0458,Neurologist,3,7,22.4,37.5,4.0,-6.874339703065906
R078,T16,DR0458,Neurologist,4,7,17.3,37.5,4.0,-6.874339703065906
R078,T16,DR0458,Neurologist,5,4,16.2,37.5,4.0,-6.874339703065906
R078,T16,DR0458,Neurologist,6,5,14.3,37.5,4.0,-6.874339703065906
R078,T16,DR0458,Neurologist,7,3,6.4,37.5,4.0,-6.874339703065906
R078,T16,DR0458,Neurologist,8,3,7.4,37.5,4.0,-6.874339703065906
R078,T16,DR0458,Neurologist,9,3,9.4,37.5,4.0,-6.874339703065906
R078,T16,DR0458,Neurologist,10,8,22.2,37.5,4.0,-6.874339703065906
R078,T16,DR0458,Neurologist,11,4,13.0,37.5,4.0,-6.874339703065906
R078,T16,DR0458,Neurologist,12,6,15.3,37.5,4.0,-6.874339703065906
R079,T16,DR0459,GP,1,3,4.8,25.0,4.0,-6.874339703065906
R079,T16,DR0459,GP,2,5,8.1,25.0,4.0,-6.874339703065906
R079,T16,DR0459,GP,3,1,1.0,25.0,4.0,-6.874339703065906
R079,T16,DR0459,GP,4,3,3.8,25.0,4.0,-6.874339703065906
R079,T16,DR0459,GP,5,2,0.9,25.0,4.0,-6.874339703065906
R079,T16,DR0459,GP,6,4,8.0,25.0,4.0,-6.874339703065906
R079,T16,DR0459,GP,7,4,7.7,25.0,4.0,-6.874339703065906
R079,T16,DR0459,GP,8,2,1.2,25.0,4.0,-6.874339703065906
R079,T16,DR0459,GP,9,2,2.4,25.0,4.0,-6.874339703065906
R079,T16,DR0459,GP,10,4,6.9,25.0,4.0,-6.874339703065906
R079,T16,DR0459,GP,11,3,4.1,25.0,4.0,-6.874339703065906
R079,T16,DR0459,GP,12,4,6.8,25.0,4.0,-6.874339703065906
R080,T16,DR0460,Cardiologist,1,6,28.7,45.0,4.0,-6.874339703065906
R080,T16,DR0460,Cardiologist,2,3,20.8,45.0,4.0,-6.874339703065906
R080,T16,DR0460,Cardiologist,3,1,2.0,45.0,4.0,-6.874339703065906
R080,T16,DR0460,Cardiologist,4,5,15.8,45.0,4.0,-6.874339703065906
R080,T16,DR0460,Cardiologist,5,4,13.1,45.0,4.0,-6.874339703065906
R080,T16,DR0460,Cardiologist,6,5,21.6,45.0,4.0,-6.874339703065906
R080,T16,DR0460,Cardiologist,7,7,15.9,45.0,4.0,-6.874339703065906
R080,T16,DR0460,Cardiologist,8,3,17.3,45.0,4.0,-6.874339703065906
R080,T16,DR0460,Cardiologist,9,4,14.4,45.0,4.0,-6.874339703065906
R080,T16,DR0460,Cardiologist,10,5,25.1,45.0,4.0,-6.874339703065906
R080,T16,DR0460,Cardiologist,11,2,8.1,45.0,4.0,-6.874339703065906
R080,T16,DR0460,Cardiologist,12,6,29.9,45.0,4.0,-6.874339703065906
R076,T16,DR0461,Endocrinologist,1,2,9.5,52.5,4.0,-6.874339703065906
R076,T16,DR0461,Endocrinologist,2,5,20.0,52.5,4.0,-6.874339703065906
R076,T16,DR0461,Endocrinologist,3,7,37.2,52.5,4.0,-6.874339703065906
R076,T16,DR0461,Endocrinologist,4,6,25.3,52.5,4.0,-6.874339703065906
R076,T16,DR0461,Endocrinologist,5,1,2.8,52.5,4.0,-6.874339703065906
R076,T16,DR0461,Endocrinologist,6,4,15.1,52.5,4.0,-6.874339703065906
R076,T16,DR0461,Endocrinologist,7,3,15.5,52.5,4.0,-6.874339703065906
R076,T16,DR0461,Endocrinologist,8,5,25.0,52.5,4.0,-6.874339703065906
R076,T16,DR0461,Endocrinologist,9,6,17.3,52.5,4.0,-6.874339703065906
R076,T16,DR0461,Endocrinologist,10,6,30.4,52.5,4.0,-6.874339703065906
R076,T16,DR0461,Endocrinologist,11,3,18.1,52.5,4.0,-6.874339703065906
R076,T16,DR0461,Endocrinologist,12,3,17.6,52.5,4.0,-6.874339703065906
R077,T16,DR0462,Neurologist,1,1,0.7,37.5,4.0,-6.874339703065906
R077,T16,DR0462,Neurologist,2,3,10.0,37.5,4.0,-6.874339703065906
R077,T16,DR0462,Neurologist,3,5,18.2,37.5,4.0,-6.874339703065906
R077,T16,DR0462,Neurologist,4,2,7.3,37.5,4.0,-6.874339703065906
R077,T16,DR0462,Neurologist,5,2,5.7,37.5,4.0,-6.874339703065906
R077,T16,DR0462,Neurologist,6,2,4.0,37.5,4.0,-6.874339703065906
R077,T16,DR0462,Neurologist,7,4,15.8,37.5,4.0,-6.874339703065906
R077,T16,DR0462,Neurologist,8,3,11.0,37.5,4.0,-6.874339703065906
R077,T16,DR0462,Neurologist,9,6,11.0,37.5,4.0,-6.874339703065906
R077,T16,DR0462,Neurologist,10,5,18.0,37.5,4.0,-6.874339703065906
R077,T16,DR0462,Neurologist,11,2,4.7,37.5,4.0,-6.874339703065906
R077,T16,DR0462,Neurologist,12,3,8.8,37.5,4.0,-6.874339703065906
R078,T16,DR0463,GP,1,4,5.8,25.0,4.0,-6.874339703065906
R078,T16,DR0463,GP,2,3,3.5,25.0,4.0,-6.874339703065906
R078,T16,DR0463,GP,3,2,1.3,25.0,4.0,-6.874339703065906
R078,T16,DR0463,GP,4,2,1.8,25.0,4.0,-6.874339703065906
R078,T16,DR0463,GP,5,4,3.3,25.0,4.0,-6.874339703065906
R078,T16,DR0463,GP,6,4,6.0,25.0,4.0,-6.874339703065906
R078,T16,DR0463,GP,7,3,4.5,25.0,4.0,-6.874339703065906
R078,T16,DR0463,GP,8,4,5.2,25.0,4.0,-6.874339703065906
R078,T16,DR0463,GP,9,2,1.2,25.0,4.0,-6.874339703065906
R078,T16,DR0463,GP,10,4,4.9,25.0,4.0,-6.874339703065906
R078,T16,DR0463,GP,11,4,4.6,25.0,4.0,-6.874339703065906
R078,T16,DR0463,GP,12,1,1.0,25.0,4.0,-6.874339703065906
R079,T16,DR0464,Cardiologist,1,3,10.7,45.0,4.0,-6.874339703065906
R079,T16,DR0464,Cardiologist,2,7,14.5,45.0,4.0,-6.874339703065906
R079,T16,DR0464,Cardiologist,3,5,23.8,45.0,4.0,-6.874339703065906
R079,T16,DR0464,Cardiologist,4,4,17.0,45.0,4.0,-6.874339703065906
R079,T16,DR0464,Cardiologist,5,7,20.5,45.0,4.0,-6.874339703065906
R079,T16,DR0464,Cardiologist,6,2,6.4,45.0,4.0,-6.874339703065906
R079,T16,DR0464,Cardiologist,7,5,19.2,45.0,4.0,-6.874339703065906
R079,T16,DR0464,Cardiologist,8,3,15.8,45.0,4.0,-6.874339703065906
R079,T16,DR0464,Cardiologist,9,4,21.1,45.0,4.0,-6.874339703065906
R079,T16,DR0464,Cardiologist,10,7,25.1,45.0,4.0,-6.874339703065906
R079,T16,DR0464,Cardiologist,11,3,9.4,45.0,4.0,-6.874339703065906
R079,T16,DR0464,Cardiologist,12,8,35.9,45.0,4.0,-6.874339703065906
R080,T16,DR0465,Endocrinologist,1,4,15.8,52.5,4.0,-6.874339703065906
R080,T16,DR0465,Endocrinologist,2,4,16.4,52.5,4.0,-6.874339703065906
R080,T16,DR0465,Endocrinologist,3,4,18.6,52.5,4.0,-6.874339703065906
R080,T16,DR0465,Endocrinologist,4,3,17.9,52.5,4.0,-6.874339703065906
R080,T16,DR0465,Endocrinologist,5,7,34.8,52.5,4.0,-6.874339703065906
R080,T16,DR0465,Endocrinologist,6,5,22.8,52.5,4.0,-6.874339703065906
R080,T16,DR0465,Endocrinologist,7,8,28.5,52.5,4.0,-6.874339703065906
R080,T16,DR0465,Endocrinologist,8,4,18.5,52.5,4.0,-6.874339703065906
R080,T16,DR0465,Endocrinologist,9,4,24.0,52.5,4.0,-6.874339703065906
R080,T16,DR0465,Endocrinologist,10,1,4.4,52.5,4.0,-6.874339703065906
R080,T16,DR0465,Endocrinologist,11,5,12.6,52.5,4.0,-6.874339703065906
R080,T16,DR0465,Endocrinologist,12,8,37.0,52.5,4.0,-6.874339703065906
R076,T16,DR0466,Neurologist,1,8,17.1,37.5,4.0,-6.874339703065906
R076,T16,DR0466,Neurologist,2,4,15.7,37.5,4.0,-6.874339703065906
R076,T16,DR0466,Neurologist,3,8,9.6,37.5,4.0,-6.874339703065906
R076,T16,DR0466,Neurologist,4,8,12.3,37.5,4.0,-6.874339703065906
R076,T16,DR0466,Neurologist,5,1,1.0,37.5,4.0,-6.874339703065906
R076,T16,DR0466,Neurologist,6,7,13.6,37.5,4.0,-6.874339703065906
R076,T16,DR0466,Neurologist,7,5,14.0,37.5,4.0,-6.874339703065906
R076,T16,DR0466,Neurologist,8,1,1.1,37.5,4.0,-6.874339703065906
R076,T16,DR0466,Neurologist,9,6,11.1,37.5,4.0,-6.874339703065906
R076,T16,DR0466,Neurologist,10,3,6.1,37.5,4.0,-6.874339703065906
R076,T16,DR0466,Neurologist,11,5,12.1,37.5,4.0,-6.874339703065906
R076,T16,DR0466,Neurologist,12,2,6.5,37.5,4.0,-6.874339703065906
R077,T16,DR0467,GP,1,5,11.0,25.0,4.0,-6.874339703065906
R077,T16,DR0467,GP,2,7,7.6,25.0,4.0,-6.874339703065906
R077,T16,DR0467,GP,3,1,1.0,25.0,4.0,-6.874339703065906
R077,T16,DR0467,GP,4,6,6.0,25.0,4.0,-6.874339703065906
R077,T16,DR0467,GP,5,3,4.3,25.0,4.0,-6.874339703065906
R077,T16,DR0467,GP,6,4,5.4,25.0,4.0,-6.874339703065906
R077,T16,DR0467,GP,7,5,5.8,25.0,4.0,-6.874339703065906
R077,T16,DR0467,GP,8,3,5.0,25.0,4.0,-6.874339703065906
R077,T16,DR0467,GP,9,2,1.4,25.0,4.0,-6.874339703065906
R077,T16,DR0467,GP,10,4,5.6,25.0,4.0,-6.874339703065906
R077,T16,DR0467,GP,11,1,2.2,25.0,4.0,-6.874339703065906
R077,T16,DR0467,GP,12,3,3.4,25.0,4.0,-6.874339703065906
R078,T16,DR0468,Cardiologist,1,7,25.7,45.0,4.0,-6.874339703065906
R078,T16,DR0468,Cardiologist,2,5,15.0,45.0,4.0,-6.874339703065906
R078,T16,DR0468,Cardiologist,3,2,7.8,45.0,4.0,-6.874339703065906
R078,T16,DR0468,Cardiologist,4,3,13.5,45.0,4.0,-6.874339703065906
R078,T16,DR0468,Cardiologist,5,3,10.8,45.0,4.0,-6.874339703065906
R078,T16,DR0468,Cardiologist,6,2,9.5,45.0,4.0,-6.874339703065906
R078,T16,DR0468,Cardiologist,7,7,11.6,45.0,4.0,-6.874339703065906
R078,T16,DR0468,Cardiologist,8,4,19.0,45.0,4.0,-6.874339703065906
R078,T16,DR0468,Cardiologist,9,6,16.6,45.0,4.0,-6.874339703065906
R078,T16,DR0468,Cardiologist,10,11,24.8,45.0,4.0,-6.874339703065906
R078,T16,DR0468,Cardiologist,11,5,16.5,45.0,4.0,-6.874339703065906
R078,T16,DR0468,Cardiologist,12,2,6.7,45.0,4.0,-6.874339703065906
R079,T16,DR0469,Endocrinologist,1,4,16.5,52.5,4.0,-6.874339703065906
R079,T16,DR0469,Endocrinologist,2,12,29.9,52.5,4.0,-6.874339703065906
R079,T16,DR0469,Endocrinologist,3,7,37.4,52.5,4.0,-6.874339703065906
R079,T16,DR0469,Endocrinologist,4,4,15.6,52.5,4.0,-6.874339703065906
R079,T16,DR0469,Endocrinologist,5,3,12.2,52.5,4.0,-6.874339703065906
R079,T16,DR0469,Endocrinologist,6,9,22.2,52.5,4.0,-6.874339703065906
R079,T16,DR0469,Endocrinologist,7,6,18.1,52.5,4.0,-6.874339703065906
R079,T16,DR0469,Endocrinologist,8,9,38.6,52.5,4.0,-6.874339703065906
R079,T16,DR0469,Endocrinologist,9,5,15.3,52.5,4.0,-6.874339703065906
R079,T16,DR0469,Endocrinologist,10,7,20.2,52.5,4.0,-6.874339703065906
R079,T16,DR0469,Endocrinologist,11,4,20.2,52.5,4.0,-6.874339703065906
R079,T16,DR0469,Endocrinologist,12,8,23.8,52.5,4.0,-6.874339703065906
R080,T16,DR0470,Neurologist,1,3,11.2,37.5,4.0,-6.874339703065906
R080,T16,DR0470,Neurologist,2,6,17.8,37.5,4.0,-6.874339703065906
R080,T16,DR0470,Neurologist,3,3,8.4,37.5,4.0,-6.874339703065906
R080,T16,DR0470,Neurologist,4,5,10.0,37.5,4.0,-6.874339703065906
R080,T16,DR0470,Neurologist,5,4,8.6,37.5,4.0,-6.874339703065906
R080,T16,DR0470,Neurologist,6,9,26.1,37.5,4.0,-6.874339703065906
R080,T16,DR0470,Neurologist,7,3,10.5,37.5,4.0,-6.874339703065906
R080,T16,DR0470,Neurologist,8,4,18.1,37.5,4.0,-6.874339703065906
R080,T16,DR0470,Neurologist,9,2,4.8,37.5,4.0,-6.874339703065906
R080,T16,DR0470,Neurologist,10,7,11.2,37.5,4.0,-6.874339703065906
R080,T16,DR0470,Neurologist,11,7,18.3,37.5,4.0,-6.874339703065906
R080,T16,DR0470,Neurologist,12,5,11.8,37.5,4.0,-6.874339703065906
R076,T16,DR0471,GP,1,5,4.4,25.0,4.0,-6.874339703065906
R076,T16,DR0471,GP,2,1,0.8,25.0,4.0,-6.874339703065906
R076,T16,DR0471,GP,3,1,0.8,25.0,4.0,-6.874339703065906
R076,T16,DR0471,GP,4,5,8.8,25.0,4.0,-6.874339703065906
R076,T16,DR0471,GP,5,3,4.4,25.0,4.0,-6.874339703065906
R076,T16,DR0471,GP,6,5,5.9,25.0,4.0,-6.874339703065906
R076,T16,DR0471,GP,7,1,0.9,25.0,4.0,-6.874339703065906
R076,T16,DR0471,GP,8,1,1.0,25.0,4.0,-6.874339703065906
R076,T16,DR0471,GP,9,2,1.7,25.0,4.0,-6.874339703065906
R076,T16,DR0471,GP,10,1,0.6,25.0,4.0,-6.874339703065906
R076,T16,DR0471,GP,11,3,4.9,25.0,4.0,-6.874339703065906
R076,T16,DR0471,GP,12,4,4.2,25.0,4.0,-6.874339703065906
R077,T16,DR0472,Cardiologist,1,6,17.0,45.0,4.0,-6.874339703065906
R077,T16,DR0472,Cardiologist,2,5,30.3,45.0,4.0,-6.874339703065906
R077,T16,DR0472,Cardiologist,3,5,23.7,45.0,4.0,-6.874339703065906
R077,T16,DR0472,Cardiologist,4,8,16.6,45.0,4.0,-6.874339703065906
R077,T16,DR0472,Cardiologist,5,5,15.3,45.0,4.0,-6.874339703065906
R077,T16,DR0472,Cardiologist,6,5,17.5,45.0,4.0,-6.874339703065906
R077,T16,DR0472,Cardiologist,7,4,11.5,45.0,4.0,-6.874339703065906
R077,T16,DR0472,Cardiologist,8,4,23.0,45.0,4.0,-6.874339703065906
R077,T16,DR0472,Cardiologist,9,7,25.5,45.0,4.0,-6.874339703065906
R077,T16,DR0472,Cardiologist,10,4,19.2,45.0,4.0,-6.874339703065906
R077,T16,DR0472,Cardiologist,11,4,22.5,45.0,4.0,-6.874339703065906
R077,T16,DR0472,Cardiologist,12,1,2.1,45.0,4.0,-6.874339703065906
R078,T16,DR0473,Endocrinologist,1,7,26.9,52.5,4.0,-6.874339703065906
R078,T16,DR0473,Endocrinologist,2,5,20.3,52.5,4.0,-6.874339703065906
R078,T16,DR0473,Endocrinologist,3,8,30.2,52.5,4.0,-6.874339703065906
R078,T16,DR0473,Endocrinologist,4,7,16.4,52.5,4.0,-6.874339703065906
R078,T16,DR0473,Endocrinologist,5,7,28.6,52.5,4.0,-6.874339703065906
R078,T16,DR0473,Endocrinologist,6,5,21.6,52.5,4.0,-6.874339703065906
R078,T16,DR0473,Endocrinologist,7,6,18.2,52.5,4.0,-6.874339703065906
R078,T16,DR0473,Endocrinologist,8,4,16.5,52.5,4.0,-6.874339703065906
R078,T16,DR0473,Endocrinologist,9,10,32.7,52.5,4.0,-6.874339703065906
R078,T16,DR0473,Endocrinologist,10,6,37.9,52.5,4.0,-6.874339703065906
R078,T16,DR0473,Endocrinologist,11,4,21.7,52.5,4.0,-6.874339703065906
R078,T16,DR0473,Endocrinologist,12,8,40.1,52.5,4.0,-6.874339703065906
R079,T16,DR0474,Neurologist,1,7,11.1,37.5,4.0,-6.874339703065906
R079,T16,DR0474,Neurologist,2,3,6.5,37.5,4.0,-6.874339703065906
R079,T16,DR0474,Neurologist,3,4,11.8,37.5,4.0,-6.874339703065906
R079,T16,DR0474,Neurologist,4,4,12.7,37.5,4.0,-6.874339703065906
R079,T16,DR0474,Neurologist,5,4,12.9,37.5,4.0,-6.874339703065906
R079,T16,DR0474,Neurologist,6,3,9.4,37.5,4.0,-6.874339703065906
R079,T16,DR0474,Neurologist,7,5,19.8,37.5,4.0,-6.874339703065906
R079,T16,DR0474,Neurologist,8,4,19.2,37.5,4.0,-6.874339703065906
R079,T16,DR0474,Neurologist,9,7,17.1,37.5,4.0,-6.874339703065906
R079,T16,DR0474,Neurologist,10,1,1.0,37.5,4.0,-6.874339703065906
R079,T16,DR0474,Neurologist,11,3,15.8,37.5,4.0,-6.874339703065906
R079,T16,DR0474,Neurologist,12,3,12.2,37.5,4.0,-6.874339703065906
R080,T16,DR0475,GP,1,2,2.1,25.0,4.0,-6.874339703065906
R080,T16,DR0475,GP,2,6,11.7,25.0,4.0,-6.874339703065906
R080,T16,DR0475,GP,3,2,1.7,25.0,4.0,-6.874339703065906
R080,T16,DR0475,GP,4,2,1.4,25.0,4.0,-6.874339703065906
R080,T16,DR0475,GP,5,5,5.4,25.0,4.0,-6.874339703065906
R080,T16,DR0475,GP,6,4,4.3,25.0,4.0,-6.874339703065906
R080,T16,DR0475,GP,7,2,1.7,25.0,4.0,-6.874339703065906
R080,T16,DR0475,GP,8,2,1.1,25.0,4.0,-6.874339703065906
R080,T16,DR0475,GP,9,3,3.2,25.0,4.0,-6.874339703065906
R080,T16,DR0475,GP,10,6,11.7,25.0,4.0,-6.874339703065906
R080,T16,DR0475,GP,11,2,1.6,25.0,4.0,-6.874339703065906
R080,T16,DR0475,GP,12,2,2.1,25.0,4.0,-6.874339703065906
R076,T16,DR0476,Cardiologist,1,1,2.4,45.0,4.0,-6.874339703065906
R076,T16,DR0476,Cardiologist,2,4,23.7,45.0,4.0,-6.874339703065906
R076,T16,DR0476,Cardiologist,3,4,15.5,45.0,4.0,-6.874339703065906
R076,T16,DR0476,Cardiologist,4,5,22.7,45.0,4.0,-6.874339703065906
R076,T16,DR0476,Cardiologist,5,6,17.9,45.0,4.0,-6.874339703065906
R076,T16,DR0476,Cardiologist,6,9,12.9,45.0,4.0,-6.874339703065906
R076,T16,DR0476,Cardiologist,7,8,22.5,45.0,4.0,-6.874339703065906
R076,T16,DR0476,Cardiologist,8,5,17.3,45.0,4.0,-6.874339703065906
R076,T16,DR0476,Cardiologist,9,6,20.1,45.0,4.0,-6.874339703065906
R076,T16,DR0476,Cardiologist,10,3,12.9,45.0,4.0,-6.874339703065906
R076,T16,DR0476,Cardiologist,11,2,5.9,45.0,4.0,-6.874339703065906
R076,T16,DR0476,Cardiologist,12,4,19.3,45.0,4.0,-6.874339703065906
R077,T16,DR0477,Endocrinologist,1,6,23.8,52.5,4.0,-6.874339703065906
R077,T16,DR0477,Endocrinologist,2,9,30.1,52.5,4.0,-6.874339703065906
R077,T16,DR0477,Endocrinologist,3,4,17.4,52.5,4.0,-6.874339703065906
R077,T16,DR0477,Endocrinologist,4,4,19.4,52.5,4.0,-6.874339703065906
R077,T16,DR0477,Endocrinologist,5,5,21.6,52.5,4.0,-6.874339703065906
R077,T16,DR0477,Endocrinologist,6,7,21.0,52.5,4.0,-6.874339703065906
R077,T16,DR0477,Endocrinologist,7,7,22.6,52.5,4.0,-6.874339703065906
R077,T16,DR0477,Endocrinologist,8,4,14.7,52.5,4.0,-6.874339703065906
R077,T16,DR0477,Endocrinologist,9,4,19.5,52.5,4.0,-6.874339703065906
R077,T16,DR0477,Endocrinologist,10,2,13.8,52.5,4.0,-6.874339703065906
R077,T16,DR0477,Endocrinologist,11,4,17.9,52.5,4.0,-6.874339703065906
R077,T16,DR0477,Endocrinologist,12,8,39.2,52.5,4.0,-6.874339703065906
R078,T16,DR0478,Neurologist,1,4,10.2,37.5,4.0,-6.874339703065906
R078,T16,DR0478,Neurologist,2,3,13.5,37.5,4.0,-6.874339703065906
R078,T16,DR0478,Neurologist,3,1,1.2,37.5,4.0,-6.874339703065906
R078,T16,DR0478,Neurologist,4,4,13.6,37.5,4.0,-6.874339703065906
R078,T16,DR0478,Neurologist,5,3,7.9,37.5,4.0,-6.874339703065906
R078,T16,DR0478,Neurologist,6,7,20.2,37.5,4.0,-6.874339703065906
R078,T16,DR0478,Neurologist,7,2,6.2,37.5,4.0,-6.874339703065906
R078,T16,DR0478,Neurologist,8,3,10.4,37.5,4.0,-6.874339703065906
R078,T16,DR0478,Neurologist,9,6,20.4,37.5,4.0,-6.874339703065906
R078,T16,DR0478,Neurologist,10,6,17.2,37.5,4.0,-6.874339703065906
R078,T16,DR0478,Neurologist,11,2,6.5,37.5,4.0,-6.874339703065906
R078,T16,DR0478,Neurologist,12,3,10.7,37.5,4.0,-6.874339703065906
R079,T16,DR0479,GP,1,1,1.2,25.0,4.0,-6.874339703065906
R079,T16,DR0479,GP,2,5,6.0,25.0,4.0,-6.874339703065906
R079,T16,DR0479,GP,3,1,1.0,25.0,4.0,-6.874339703065906
R079,T16,DR0479,GP,4,1,1.0,25.0,4.0,-6.874339703065906
R079,T16,DR0479,GP,5,2,1.3,25.0,4.0,-6.874339703065906
R079,T16,DR0479,GP,6,3,6.0,25.0,4.0,-6.874339703065906
R079,T16,DR0479,GP,7,4,7.3,25.0,4.0,-6.874339703065906
R079,T16,DR0479,GP,8,4,3.4,25.0,4.0,-6.874339703065906
R079,T16,DR0479,GP,9,3,5.4,25.0,4.0,-6.874339703065906
R079,T16,DR0479,GP,10,1,1.1,25.0,4.0,-6.874339703065906
R079,T16,DR0479,GP,11,5,5.3,25.0,4.0,-6.874339703065906
R079,T16,DR0479,GP,12,7,6.0,25.0,4.0,-6.874339703065906
R080,T16,DR0480,Cardiologist,1,2,6.1,45.0,4.0,-6.874339703065906
R080,T16,DR0480,Cardiologist,2,6,18.4,45.0,4.0,-6.874339703065906
R080,T16,DR0480,Cardiologist,3,10,24.3,45.0,4.0,-6.874339703065906
R080,T16,DR0480,Cardiologist,4,7,18.2,45.0,4.0,-6.874339703065906
R080,T16,DR0480,Cardiologist,5,3,8.8,45.0,4.0,-6.874339703065906
R080,T16,DR0480,Cardiologist,6,6,15.3,45.0,4.0,-6.874339703065906
R080,T16,DR0480,Cardiologist,7,7,33.3,45.0,4.0,-6.874339703065906
R080,T16,DR0480,Cardiologist,8,8,25.6,45.0,4.0,-6.874339703065906
R080,T16,DR0480,Cardiologist,9,5,16.8,45.0,4.0,-6.874339703065906
R080,T16,DR0480,Cardiologist,10,8,20.9,45.0,4.0,-6.874339703065906
R080,T16,DR0480,Cardiologist,11,4,14.7,45.0,4.0,-6.874339703065906
R080,T16,DR0480,Cardiologist,12,7,15.3,45.0,4.0,-6.874339703065906
R081,T17,DR0481,GP,1,7,17.7,25.0,4.0,2.9500062726599907
R081,T17,DR0481,GP,2,3,10.9,25.0,4.0,2.9500062726599907
R081,T17,DR0481,GP,3,2,10.9,25.0,4.0,2.9500062726599907
R081,T17,DR0481,GP,4,2,12.8,25.0,4.0,2.9500062726599907
R081,T17,DR0481,GP,5,1,5.2,25.0,4.0,2.9500062726599907
R081,T17,DR0481,GP,6,4,27.7,25.0,4.0,2.9500062726599907
R081,T17,DR0481,GP,7,2,8.9,25.0,4.0,2.9500062726599907
R081,T17,DR0481,GP,8,3,12.2,25.0,4.0,2.9500062726599907
R081,T17,DR0481,GP,9,3,11.2,25.0,4.0,2.9500062726599907
R081,T17,DR0481,GP,10,4,10.7,25.0,4.0,2.9500062726599907
R081,T17,DR0481,GP,11,1,10.6,25.0,4.0,2.9500062726599907
R081,T17,DR0481,GP,12,3,11.2,25.0,4.0,2.9500062726599907
R082,T17,DR0482,Cardiologist,1,6,34.4,45.0,4.0,2.9500062726599907
R082,T17,DR0482,Cardiologist,2,11,26.5,45.0,4.0,2.9500062726599907
R082,T17,DR0482,Cardiologist,3,5,41.2,45.0,4.0,2.9500062726599907
R082,T17,DR0482,Cardiologist,4,5,35.4,45.0,4.0,2.9500062726599907
R082,T17,DR0482,Cardiologist,5,6,29.8,45.0,4.0,2.9500062726599907
R082,T17,DR0482,Cardiologist,6,6,25.1,45.0,4.0,2.9500062726599907
R082,T17,DR0482,Cardiologist,7,4,16.9,45.0,4.0,2.9500062726599907
R082,T17,DR0482,Cardiologist,8,1,14.2,45.0,4.0,2.9500062726599907
R082,T17,DR0482,Cardiologist,9,3,22.4,45.0,4.0,2.9500062726599907
R082,T17,DR0482,Cardiologist,10,2,20.6,45.0,4.0,2.9500062726599907
R082,T17,DR0482,Cardiologist,11,7,31.4,45.0,4.0,2.9500062726599907
R082,T17,DR0482,Cardiologist,12,3,28.6,45.0,4.0,2.9500062726599907
R083,T17,DR0483,Endocrinologist,1,5,33.3,52.5,4.0,2.9500062726599907
R083,T17,DR0483,Endocrinologist,2,5,34.5,52.5,4.0,2.9500062726599907
R083,T17,DR0483,Endocrinologist,3,1,19.0,52.5,4.0,2.9500062726599907
R083,T17,DR0483,Endocrinologist,4,1,12.8,52.5,4.0,2.9500062726599907
R083,T17,DR0483,Endocrinologist,5,7,38.1,52.5,4.0,2.9500062726599907
R083,T17,DR0483,Endocrinologist,6,9,45.2,52.5,4.0,2.9500062726599907
R083,T17,DR0483,Endocrinologist,7,4,50.1,52.5,4.0,2.9500062726599907
R083,T17,DR0483,Endocrinologist,8,9,57.3,52.5,4.0,2.9500062726599907
R083,T17,DR0483,Endocrinologist,9,8,29.8,52.5,4.0,2.9500062726599907
R083,T17,DR0483,Endocrinologist,10,9,23.2,52.5,4.0,2.9500062726599907
R083,T17,DR0483,Endocrinologist,11,4,28.2,52.5,4.0,2.9500062726599907
R083,T17,DR0483,Endocrinologist,12,7,19.7,52.5,4.0,2.9500062726599907
R084,T17,DR0484,Neurologist,1,3,25.0,37.5,4.0,2.9500062726599907
R084,T17,DR0484,Neurologist,2,5,34.4,37.5,4.0,2.9500062726599907
R084,T17,DR0484,Neurologist,3,6,26.7,37.5,4.0,2.9500062726599907
R084,T17,DR0484,Neurologist,4,2,17.4,37.5,4.0,2.9500062726599907
R084,T17,DR0484,Neurologist,5,1,11.7,37.5,4.0,2.9500062726599907
R084,T17,DR0484,Neurologist,6,9,21.4,37.5,4.0,2.9500062726599907
R084,T17,DR0484,Neurologist,7,3,26.3,37.5,4.0,2.9500062726599907
R084,T17,DR0484,Neurologist,8,3,34.6,37.5,4.0,2.9500062726599907
R084,T17,DR0484,Neurologist,9,4,22.3,37.5,4.0,2.9500062726599907
R084,T17,DR0484,Neurologist,10,5,22.8,37.5,4.0,2.9500062726599907
R084,T17,DR0484,Neurologist,11,1,9.5,37.5,4.0,2.9500062726599907
R084,T17,DR0484,Neurologist,12,7,17.1,37.5,4.0,2.9500062726599907
R085,T17,DR0485,GP,1,3,15.4,25.0,4.0,2.9500062726599907
R085,T17,DR0485,GP,2,3,14.4,25.0,4.0,2.9500062726599907
R085,T17,DR0485,GP,3,3,9.4,25.0,4.0,2.9500062726599907
R085,T17,DR0485,GP,4,1,8.0,25.0,4.0,2.9500062726599907
R085,T17,DR0485,GP,5,4,13.6,25.0,4.0,2.9500062726599907
R085,T17,DR0485,GP,6,1,6.3,25.0,4.0,2.9500062726599907
R085,T17,DR0485,GP,7,7,18.5,25.0,4.0,2.9500062726599907
R085,T17,DR0485,GP,8,6,17.6,25.0,4.0,2.9500062726599907
R085,T17,DR0485,GP,9,4,17.6,25.0,4.0,2.9500062726599907
R085,T17,DR0485,GP,10,6,16.2,25.0,4.0,2.9500062726599907
R085,T17,DR0485,GP,11,2,14.4,25.0,4.0,2.9500062726599907
R085,T17,DR0485,GP,12,1,7.4,25.0,4.0,2.9500062726599907
R081,T17,DR0486,Cardiologist,1,4,23.1,45.0,4.0,2.9500062726599907
R081,T17,DR0486,Cardiologist,2,6,23.7,45.0,4.0,2.9500062726599907
R081,T17,DR0486,Cardiologist,3,3,25.0,45.0,4.0,2.9500062726599907
R081,T17,DR0486,Cardiologist,4,7,28.7,45.0,4.0,2.9500062726599907
R081,T17,DR0486,Cardiologist,5,8,47.6,45.0,4.0,2.9500062726599907
R081,T17,DR0486,Cardiologist,6,2,22.1,45.0,4.0,2.9500062726599907
R081,T17,DR0486,Cardiologist,7,2,21.4,45.0,4.0,2.9500062726599907
R081,T17,DR0486,Cardiologist,8,1,13.4,45.0,4.0,2.9500062726599907
R081,T17,DR0486,Cardiologist,9,10,33.8,45.0,4.0,2.9500062726599907
R081,T17,DR0486,Cardiologist,10,6,38.9,45.0,4.0,2.9500062726599907
R081,T17,DR0486,Cardiologist,11,3,18.4,45.0,4.0,2.9500062726599907
R081,T17,DR0486,Cardiologist,12,7,28.5,45.0,4.0,2.9500062726599907
R082,T17,DR0487,Endocrinologist,1,5,38.2,52.5,4.0,2.9500062726599907
R082,T17,DR0487,Endocrinologist,2,8,31.0,52.5,4.0,2.9500062726599907
R082,T17,DR0487,Endocrinologist,3,7,35.0,52.5,4.0,2.9500062726599907
R082,T17,DR0487,Endocrinologist,4,5,32.9,52.5,4.0,2.9500062726599907
R082,T17,DR0487,Endocrinologist,5,8,35.1,52.5,4.0,2.9500062726599907
R082,T17,DR0487,Endocrinologist,6,7,37.8,52.5,4.0,2.9500062726599907
R082,T17,DR0487,Endocrinologist,7,7,35.1,52.5,4.0,2.9500062726599907
R082,T17,DR0487,Endocrinologist,8,5,17.6,52.5,4.0,2.9500062726599907
R082,T17,DR0487,Endocrinologist,9,2,20.0,52.5,4.0,2.9500062726599907
R082,T17,DR0487,Endocrinologist,10,2,23.6,52.5,4.0,2.9500062726599907
R082,T17,DR0487,Endocrinologist,11,6,33.9,52.5,4.0,2.9500062726599907
R082,T17,DR0487,Endocrinologist,12,4,58.0,52.5,4.0,2.9500062726599907
R083,T17,DR0488,Neurologist,1,3,20.9,37.5,4.0,2.9500062726599907
R083,T17,DR0488,Neurologist,2,2,15.8,37.5,4.0,2.9500062726599907
R083,T17,DR0488,Neurologist,3,9,34.0,37.5,4.0,2.9500062726599907
R083,T17,DR0488,Neurologist,4,12,25.8,37.5,4.0,2.9500062726599907
R083,T17,DR0488,Neurologist,5,4,24.2,37.5,4.0,2.9500062726599907
R083,T17,DR0488,Neurologist,6,7,27.5,37.5,4.0,2.9500062726599907
R083,T17,DR0488,Neurologist,7,5,24.7,37.5,4.0,2.9500062726599907
R083,T17,DR0488,Neurologist,8,4,13.1,37.5,4.0,2.9500062726599907
R083,T17,DR0488,Neurologist,9,3,15.3,37.5,4.0,2.9500062726599907
R083,T17,DR0488,Neurologist,10,2,11.3,37.5,4.0,2.9500062726599907
R083,T17,DR0488,Neurologist,11,7,22.9,37.5,4.0,2.9500062726599907
R083,T17,DR0488,Neurologist,12,6,15.8,37.5,4.0,2.9500062726599907
R084,T17,DR0489,GP,1,3,20.0,25.0,4.0,2.9500062726599907
R084,T17,DR0489,GP,2,3,11.7,25.0,4.0,2.9500062726599907
R084,T17,DR0489,GP,3,5,13.8,25.0,4.0,2.9500062726599907
R084,T17,DR0489,GP,4,4,11.6,25.0,4.0,2.9500062726599907
R084,T17,DR0489,GP,5,4,15.8,25.0,4.0,2.9500062726599907
R084,T17,DR0489,GP,6,4,14.8,25.0,4.0,2.9500062726599907
R084,T17,DR0489,GP,7,4,8.8,25.0,4.0,2.9500062726599907
R084,T17,DR0489,GP,8,3,12.6,25.0,4.0,2.9500062726599907
R084,T17,DR0489,GP,9,3,18.2,25.0,4.0,2.9500062726599907
R084,T17,DR0489,GP,10,2,8.5,25.0,4.0,2.9500062726599907
R084,T17,DR0489,GP,11,5,17.5,25.0,4.0,2.9500062726599907
R084,T17,DR0489,GP,12,5,13.3,25.0,4.0,2.9500062726599907
R085,T17,DR0490,Cardiologist,1,2,16.1,45.0,4.0,2.9500062726599907
R085,T17,DR0490,Cardiologist,2,5,34.8,45.0,4.0,2.9500062726599907
R085,T17,DR0490,Cardiologist,3,3,29.2,45.0,4.0,2.9500062726599907
R085,T17,DR0490,Cardiologist,4,3,23.7,45.0,4.0,2.9500062726599907
R085,T17,DR0490,Cardiologist,5,10,35.5,45.0,4.0,2.9500062726599907
R085,T17,DR0490,Cardiologist,6,2,25.4,45.0,4.0,2.9500062726599907
R085,T17,DR0490,Cardiologist,7,4,18.9,45.0,4.0,2.9500062726599907
R085,T17,DR0490,Cardiologist,8,3,22.8,45.0,4.0,2.9500062726599907
R085,T17,DR0490,Cardiologist,9,8,25.9,45.0,4.0,2.9500062726599907
R085,T17,DR0490,Cardiologist,10,9,20.1,45.0,4.0,2.9500062726599907
R085,T17,DR0490,Cardiologist,11,4,22.8,45.0,4.0,2.9500062726599907
R085,T17,DR0490,Cardiologist,12,7,25.2,45.0,4.0,2.9500062726599907
R081,T17,DR0491,Endocrinologist,1,5,38.6,52.5,4.0,2.9500062726599907
R081,T17,DR0491,Endocrinologist,2,6,48.4,52.5,4.0,2.9500062726599907
R081,T17,DR0491,Endocrinologist,3,5,28.2,52.5,4.0,2.9500062726599907
R081,T17,DR0491,Endocrinologist,4,2,21.9,52.5,4.0,2.9500062726599907
R081,T17,DR0491,Endocrinologist,5,4,40.0,52.5,4.0,2.9500062726599907
R081,T17,DR0491,Endocrinologist,6,9,25.3,52.5,4.0,2.9500062726599907
R081,T17,DR0491,Endocrinologist,7,7,24.2,52.5,4.0,2.9500062726599907
R081,T17,DR0491,Endocrinologist,8,8,25.8,52.5,4.0,2.9500062726599907
R081,T17,DR0491,Endocrinologist,9,4,36.9,52.5,4.0,2.9500062726599907
R081,T17,DR0491,Endocrinologist,10,4,22.5,52.5,4.0,2.9500062726599907
R081,T17,DR0491,Endocrinologist,11,7,23.4,52.5,4.0,2.9500062726599907
R081,T17,DR0491,Endocrinologist,12,4,42.7,52.5,4.0,2.9500062726599907
R082,T17,DR0492,Neurologist,1,4,20.3,37.5,4.0,2.9500062726599907
R082,T17,DR0492,Neurologist,2,2,20.4,37.5,4.0,2.9500062726599907
R082,T17,DR0492,Neurologist,3,3,16.1,37.5,4.0,2.9500062726599907
R082,T17,DR0492,Neurologist,4,2,15.6,37.5,4.0,2.9500062726599907
R082,T17,DR0492,Neurologist,5,7,22.7,37.5,4.0,2.9500062726599907
R082,T17,DR0492,Neurologist,6,6,20.2,37.5,4.0,2.9500062726599907
R082,T17,DR0492,Neurologist,7,4,15.9,37.5,4.0,2.9500062726599907
R082,T17,DR0492,Neurologist,8,4,32.5,37.5,4.0,2.9500062726599907
R082,T17,DR0492,Neurologist,9,7,23.0,37.5,4.0,2.9500062726599907
R082,T17,DR0492,Neurologist,10,1,13.4,37.5,4.0,2.9500062726599907
R082,T17,DR0492,Neurologist,11,3,19.5,37.5,4.0,2.9500062726599907
R082,T17,DR0492,Neurologist,12,3,15.9,37.5,4.0,2.9500062726599907
R083,T17,DR0493,GP,1,3,20.5,25.0,4.0,2.9500062726599907
R083,T17,DR0493,GP,2,4,12.4,25.0,4.0,2.9500062726599907
R083,T17,DR0493,GP,3,1,9.3,25.0,4.0,2.9500062726599907
R083,T17,DR0493,GP,4,4,17.5,25.0,4.0,2.9500062726599907
R083,T17,DR0493,GP,5,3,10.5,25.0,4.0,2.9500062726599907
R083,T17,DR0493,GP,6,4,22.4,25.0,4.0,2.9500062726599907
R083,T17,DR0493,GP,7,1,8.4,25.0,4.0,2.9500062726599907
R083,T17,DR0493,GP,8,4,16.0,25.0,4.0,2.9500062726599907
R083,T17,DR0493,GP,9,4,13.7,25.0,4.0,2.9500062726599907
R083,T17,DR0493,GP,10,2,10.8,25.0,4.0,2.9500062726599907
R083,T17,DR0493,GP,11,3,12.9,25.0,4.0,2.9500062726599907
R083,T17,DR0493,GP,12,4,14.8,25.0,4.0,2.9500062726599907
R084,T17,DR0494,Cardiologist,1,12,61.4,45.0,4.0,2.9500062726599907
R084,T17,DR0494,Cardiologist,2,10,48.4,45.0,4.0,2.9500062726599907
R084,T17,DR0494,Cardiologist,3,4,20.9,45.0,4.0,2.9500062726599907
R084,T17,DR0494,Cardiologist,4,2,16.8,45.0,4.0,2.9500062726599907
R084,T17,DR0494,Cardiologist,5,4,15.8,45.0,4.0,2.9500062726599907
R084,T17,DR0494,Cardiologist,6,6,22.9,45.0,4.0,2.9500062726599907
R084,T17,DR0494,Cardiologist,7,5,25.7,45.0,4.0,2.9500062726599907
R084,T17,DR0494,Cardiologist,8,5,18.7,45.0,4.0,2.9500062726599907
R084,T17,DR0494,Cardiologist,9,9,22.7,45.0,4.0,2.9500062726599907
R084,T17,DR0494,Cardiologist,10,4,27.8,45.0,4.0,2.9500062726599907
R084,T17,DR0494,Cardiologist,11,6,30.5,45.0,4.0,2.9500062726599907
R084,T17,DR0494,Cardiologist,12,5,19.0,45.0,4.0,2.9500062726599907
R085,T17,DR0495,Endocrinologist,1,6,21.4,52.5,4.0,2.9500062726599907
R085,T17,DR0495,Endocrinologist,2,2,17.8,52.5,4.0,2.9500062726599907
R085,T17,DR0495,Endocrinologist,3,5,63.1,52.5,4.0,2.9500062726599907
R085,T17,DR0495,Endocrinologist,4,3,22.3,52.5,4.0,2.9500062726599907
R085,T17,DR0495,Endocrinologist,5,9,41.9,52.5,4.0,2.9500062726599907
R085,T17,DR0495,Endocrinologist,6,4,30.0,52.5,4.0,2.9500062726599907
R085,T17,DR0495,Endocrinologist,7,4,36.1,52.5,4.0,2.9500062726599907
R085,T17,DR0495,Endocrinologist,8,6,29.2,52.5,4.0,2.9500062726599907
R085,T17,DR0495,Endocrinologist,9,4,25.8,52.5,4.0,2.9500062726599907
R085,T17,DR0495,Endocrinologist,10,5,58.4,52.5,4.0,2.9500062726599907
R085,T17,DR0495,Endocrinologist,11,3,27.3,52.5,4.0,2.9500062726599907
R085,T17,DR0495,Endocrinologist,12,3,17.3,52.5,4.0,2.9500062726599907
R081,T17,DR0496,Neurologist,1,4,17.8,37.5,4.0,2.9500062726599907
R081,T17,DR0496,Neurologist,2,1,6.4,37.5,4.0,2.9500062726599907
R081,T17,DR0496,Neurologist,3,3,15.5,37.5,4.0,2.9500062726599907
R081,T17,DR0496,Neurologist,4,3,17.1,37.5,4.0,2.9500062726599907
R081,T17,DR0496,Neurologist,5,3,22.3,37.5,4.0,2.9500062726599907
R081,T17,DR0496,Neurologist,6,2,22.3,37.5,4.0,2.9500062726599907
R081,T17,DR0496,Neurologist,7,3,18.2,37.5,4.0,2.9500062726599907
R081,T17,DR0496,Neurologist,8,4,13.9,37.5,4.0,2.9500062726599907
R081,T17,DR0496,Neurologist,9,2,19.4,37.5,4.0,2.9500062726599907
R081,T17,DR0496,Neurologist,10,2,12.4,37.5,4.0,2.9500062726599907
R081,T17,DR0496,Neurologist,11,10,35.2,37.5,4.0,2.9500062726599907
R081,T17,DR0496,Neurologist,12,3,25.0,37.5,4.0,2.9500062726599907
R082,T17,DR0497,GP,1,1,8.2,25.0,4.0,2.9500062726599907
R082,T17,DR0497,GP,2,1,10.6,25.0,4.0,2.9500062726599907
R082,T17,DR0497,GP,3,2,6.6,25.0,4.0,2.9500062726599907
R082,T17,DR0497,GP,4,4,14.9,25.0,4.0,2.9500062726599907
R082,T17,DR0497,GP,5,3,10.6,25.0,4.0,2.9500062726599907
R082,T17,DR0497,GP,6,8,16.6,25.0,4.0,2.9500062726599907
R082,T17,DR0497,GP,7,1,9.3,25.0,4.0,2.9500062726599907
R082,T17,DR0497,GP,8,6,19.4,25.0,4.0,2.9500062726599907
R082,T17,DR0497,GP,9,2,12.4,25.0,4.0,2.9500062726599907
R082,T17,DR0497,GP,10,3,16.1,25.0,4.0,2.9500062726599907
R082,T17,DR0497,GP,11,5,15.6,25.0,4.0,2.9500062726599907
R082,T17,DR0497,GP,12,1,4.9,25.0,4.0,2.9500062726599907
R083,T17,DR0498,Cardiologist,1,11,35.9,45.0,4.0,2.9500062726599907
R083,T17,DR0498,Cardiologist,2,3,13.1,45.0,4.0,2.9500062726599907
R083,T17,DR0498,Cardiologist,3,5,28.5,45.0,4.0,2.9500062726599907
R083,T17,DR0498,Cardiologist,4,7,24.8,45.0,4.0,2.9500062726599907
R083,T17,DR0498,Cardiologist,5,7,28.8,45.0,4.0,2.9500062726599907
R083,T17,DR0498,Cardiologist,6,7,25.8,45.0,4.0,2.9500062726599907
R083,T17,DR0498,Cardiologist,7,9,25.4,45.0,4.0,2.9500062726599907
R083,T17,DR0498,Cardiologist,8,5,17.7,45.0,4.0,2.9500062726599907
R083,T17,DR0498,Cardiologist,9,3,22.4,45.0,4.0,2.9500062726599907
R083,T17,DR0498,Cardiologist,10,6,35.7,45.0,4.0,2.9500062726599907
R083,T17,DR0498,Cardiologist,11,6,26.2,45.0,4.0,2.9500062726599907
R083,T17,DR0498,Cardiologist,12,11,51.7,45.0,4.0,2.9500062726599907
R084,T17,DR0499,Endocrinologist,1,6,25.8,52.5,4.0,2.9500062726599907
R084,T17,DR0499,Endocrinologist,2,5,44.5,52.5,4.0,2.9500062726599907
R084,T17,DR0499,Endocrinologist,3,4,28.2,52.5,4.0,2.9500062726599907
R084,T17,DR0499,Endocrinologist,4,7,36.9,52.5,4.0,2.9500062726599907
R084,T17,DR0499,Endocrinologist,5,9,29.4,52.5,4.0,2.9500062726599907
R084,T17,DR0499,Endocrinologist,6,7,33.5,52.5,4.0,2.9500062726599907
R084,T17,DR0499,Endocrinologist,7,3,27.0,52.5,4.0,2.9500062726599907
R084,T17,DR0499,Endocrinologist,8,4,11.9,52.5,4.0,2.9500062726599907
R084,T17,DR0499,Endocrinologist,9,2,23.1,52.5,4.0,2.9500062726599907
R084,T17,DR0499,Endocrinologist,10,8,29.2,52.5,4.0,2.9500062726599907
R084,T17,DR0499,Endocrinologist,11,3,21.0,52.5,4.0,2.9500062726599907
R084,T17,DR0499,Endocrinologist,12,3,17.2,52.5,4.0,2.9500062726599907
R085,T17,DR0500,Neurologist,1,3,19.2,37.5,4.0,2.9500062726599907
R085,T17,DR0500,Neurologist,2,7,49.7,37.5,4.0,2.9500062726599907
R085,T17,DR0500,Neurologist,3,4,18.8,37.5,4.0,2.9500062726599907
R085,T17,DR0500,Neurologist,4,3,20.2,37.5,4.0,2.9500062726599907
R085,T17,DR0500,Neurologist,5,4,25.4,37.5,4.0,2.9500062726599907
R085,T17,DR0500,Neurologist,6,3,21.4,37.5,4.0,2.9500062726599907
R085,T17,DR0500,Neurologist,7,3,20.6,37.5,4.0,2.9500062726599907
R085,T17,DR0500,Neurologist,8,3,13.1,37.5,4.0,2.9500062726599907
R085,T17,DR0500,Neurologist,9,4,19.6,37.5,4.0,2.9500062726599907
R085,T17,DR0500,Neurologist,10,5,22.4,37.5,4.0,2.9500062726599907
R085,T17,DR0500,Neurologist,11,4,17.1,37.5,4.0,2.9500062726599907
R085,T17,DR0500,Neurologist,12,2,14.0,37.5,4.0,2.9500062726599907
R081,T17,DR0501,GP,1,2,10.6,25.0,4.0,2.9500062726599907
R081,T17,DR0501,GP,2,5,12.8,25.0,4.0,2.9500062726599907
R081,T17,DR0501,GP,3,1,5.8,25.0,4.0,2.9500062726599907
R081,T17,DR0501,GP,4,3,12.1,25.0,4.0,2.9500062726599907
R081,T17,DR0501,GP,5,1,5.3,25.0,4.0,2.9500062726599907
R081,T17,DR0501,GP,6,3,10.0,25.0,4.0,2.9500062726599907
R081,T17,DR0501,GP,7,3,11.4,25.0,4.0,2.9500062726599907
R081,T17,DR0501,GP,8,1,5.6,25.0,4.0,2.9500062726599907
R081,T17,DR0501,GP,9,4,14.0,25.0,4.0,2.9500062726599907
R081,T17,DR0501,GP,10,3,14.7,25.0,4.0,2.9500062726599907
R081,T17,DR0501,GP,11,6,17.0,25.0,4.0,2.9500062726599907
R081,T17,DR0501,GP,12,4,18.1,25.0,4.0,2.9500062726599907
R082,T17,DR0502,Cardiologist,1,8,56.2,45.0,4.0,2.9500062726599907
R082,T17,DR0502,Cardiologist,2,5,29.7,45.0,4.0,2.9500062726599907
R082,T17,DR0502,Cardiologist,3,4,28.8,45.0,4.0,2.9500062726599907
R082,T17,DR0502,Cardiologist,4,4,25.5,45.0,4.0,2.9500062726599907
R082,T17,DR0502,Cardiologist,5,6,43.8,45.0,4.0,2.9500062726599907
R082,T17,DR0502,Cardiologist,6,5,20.3,45.0,4.0,2.9500062726599907
R082,T17,DR0502,Cardiologist,7,5,20.3,45.0,4.0,2.9500062726599907
R082,T17,DR0502,Cardiologist,8,7,37.5,45.0,4.0,2.9500062726599907
R082,T17,DR0502,Cardiologist,9,8,23.3,45.0,4.0,2.9500062726599907
R082,T17,DR0502,Cardiologist,10,3,28.2,45.0,4.0,2.9500062726599907
R082,T17,DR0502,Cardiologist,11,3,18.5,45.0,4.0,2.9500062726599907
R082,T17,DR0502,Cardiologist,12,4,20.7,45.0,4.0,2.9500062726599907
R083,T17,DR0503,Endocrinologist,1,5,37.3,52.5,4.0,2.9500062726599907
R083,T17,DR0503,Endocrinologist,2,4,24.7,52.5,4.0,2.9500062726599907
R083,T17,DR0503,Endocrinologist,3,6,35.7,52.5,4.0,2.9500062726599907
R083,T17,DR0503,Endocrinologist,4,4,51.2,52.5,4.0,2.9500062726599907
R083,T17,DR0503,Endocrinologist,5,3,27.3,52.5,4.0,2.9500062726599907
R083,T17,DR0503,Endocrinologist,6,5,60.9,52.5,4.0,2.9500062726599907
R083,T17,DR0503,Endocrinologist,7,7,42.6,52.5,4.0,2.9500062726599907
R083,T17,DR0503,Endocrinologist,8,6,50.5,52.5,4.0,2.9500062726599907
R083,T17,DR0503,Endocrinologist,9,2,24.2,52.5,4.0,2.9500062726599907
R083,T17,DR0503,Endocrinologist,10,5,29.8,52.5,4.0,2.9500062726599907
R083,T17,DR0503,Endocrinologist,11,6,45.0,52.5,4.0,2.9500062726599907
R083,T17,DR0503,Endocrinologist,12,4,29.1,52.5,4.0,2.9500062726599907
R084,T17,DR0504,Neurologist,1,3,18.1,37.5,4.0,2.9500062726599907
R084,T17,DR0504,Neurologist,2,1,9.0,37.5,4.0,2.9500062726599907
R084,T17,DR0504,Neurologist,3,7,19.7,37.5,4.0,2.9500062726599907
R084,T17,DR0504,Neurologist,4,2,16.6,37.5,4.0,2.9500062726599907
R084,T17,DR0504,Neurologist,5,4,19.5,37.5,4.0,2.9500062726599907
R084,T17,DR0504,Neurologist,6,10,44.3,37.5,4.0,2.9500062726599907
R084,T17,DR0504,Neurologist,7,5,45.5,37.5,4.0,2.9500062726599907
R084,T17,DR0504,Neurologist,8,5,26.3,37.5,4.0,2.9500062726599907
R084,T17,DR0504,Neurologist,9,3,19.5,37.5,4.0,2.9500062726599907
R084,T17,DR0504,Neurologist,10,7,39.8,37.5,4.0,2.9500062726599907
R084,T17,DR0504,Neurologist,11,3,8.4,37.5,4.0,2.9500062726599907
R084,T17,DR0504,Neurologist,12,8,30.2,37.5,4.0,2.9500062726599907
R085,T17,DR0505,GP,1,2,11.3,25.0,4.0,2.9500062726599907
R085,T17,DR0505,GP,2,3,21.5,25.0,4.0,2.9500062726599907
R085,T17,DR0505,GP,3,5,30.4,25.0,4.0,2.9500062726599907
R085,T17,DR0505,GP,4,6,21.0,25.0,4.0,2.9500062726599907
R085,T17,DR0505,GP,5,1,5.5,25.0,4.0,2.9500062726599907
R085,T17,DR0505,GP,6,2,16.0,25.0,4.0,2.9500062726599907
R085,T17,DR0505,GP,7,2,10.6,25.0,4.0,2.9500062726599907
R085,T17,DR0505,GP,8,2,10.3,25.0,4.0,2.9500062726599907
R085,T17,DR0505,GP,9,1,6.7,25.0,4.0,2.9500062726599907
R085,T17,DR0505,GP,10,4,9.3,25.0,4.0,2.9500062726599907
R085,T17,DR0505,GP,11,1,7.0,25.0,4.0,2.9500062726599907
R085,T17,DR0505,GP,12,1,8.0,25.0,4.0,2.9500062726599907
R081,T17,DR0506,Cardiologist,1,6,27.5,45.0,4.0,2.9500062726599907
R081,T17,DR0506,Cardiologist,2,6,34.3,45.0,4.0,2.9500062726599907
R081,T17,DR0506,Cardiologist,3,2,19.8,45.0,4.0,2.9500062726599907
R081,T17,DR0506,Cardiologist,4,10,36.7,45.0,4.0,2.9500062726599907
R081,T17,DR0506,Cardiologist,5,5,35.4,45.0,4.0,2.9500062726599907
R081,T17,DR0506,Cardiologist,6,3,18.5,45.0,4.0,2.9500062726599907
R081,T17,DR0506,Cardiologist,7,1,14.8,45.0,4.0,2.9500062726599907
R081,T17,DR0506,Cardiologist,8,4,23.4,45.0,4.0,2.9500062726599907
R081,T17,DR0506,Cardiologist,9,7,21.3,45.0,4.0,2.9500062726599907
R081,T17,DR0506,Cardiologist,10,7,21.5,45.0,4.0,2.9500062726599907
R081,T17,DR0506,Cardiologist,11,3,16.1,45.0,4.0,2.9500062726599907
R081,T17,DR0506,Cardiologist,12,4,31.2,45.0,4.0,2.9500062726599907
R082,T17,DR0507,Endocrinologist,1,4,28.6,52.5,4.0,2.9500062726599907
R082,T17,DR0507,Endocrinologist,2,4,32.0,52.5,4.0,2.9500062726599907
R082,T17,DR0507,Endocrinologist,3,5,50.6,52.5,4.0,2.9500062726599907
R082,T17,DR0507,Endocrinologist,4,6,35.0,52.5,4.0,2.9500062726599907
R082,T17,DR0507,Endocrinologist,5,4,35.0,52.5,4.0,2.9500062726599907
R082,T17,DR0507,Endocrinologist,6,7,38.2,52.5,4.0,2.9500062726599907
R082,T17,DR0507,Endocrinologist,7,11,30.8,52.5,4.0,2.9500062726599907
R082,T17,DR0507,Endocrinologist,8,6,42.1,52.5,4.0,2.9500062726599907
R082,T17,DR0507,Endocrinologist,9,9,38.6,52.5,4.0,2.9500062726599907
R082,T17,DR0507,Endocrinologist,10,6,22.0,52.5,4.0,2.9500062726599907
R082,T17,DR0507,Endocrinologist,11,6,34.2,52.5,4.0,2.9500062726599907
R082,T17,DR0507,Endocrinologist,12,1,10.7,52.5,4.0,2.9500062726599907
R083,T17,DR0508,Neurologist,1,7,36.7,37.5,4.0,2.9500062726599907
R083,T17,DR0508,Neurologist,2,4,19.0,37.5,4.0,2.9500062726599907
R083,T17,DR0508,Neurologist,3,4,20.9,37.5,4.0,2.9500062726599907
R083,T17,DR0508,Neurologist,4,3,17.1,37.5,4.0,2.9500062726599907
R083,T17,DR0508,Neurologist,5,4,22.5,37.5,4.0,2.9500062726599907
R083,T17,DR0508,Neurologist,6,4,28.7,37.5,4.0,2.9500062726599907
R083,T17,DR0508,Neurologist,7,3,13.1,37.5,4.0,2.9500062726599907
R083,T17,DR0508,Neurologist,8,5,33.4,37.5,4.0,2.9500062726599907
R083,T17,DR0508,Neurologist,9,2,25.4,37.5,4.0,2.9500062726599907
R083,T17,DR0508,Neurologist,10,2,17.8,37.5,4.0,2.9500062726599907
R083,T17,DR0508,Neurologist,11,2,12.4,37.5,4.0,2.9500062726599907
R083,T17,DR0508,Neurologist,12,5,25.8,37.5,4.0,2.9500062726599907
R084,T17,DR0509,GP,1,3,11.3,25.0,4.0,2.9500062726599907
R084,T17,DR0509,GP,2,4,19.3,25.0,4.0,2.9500062726599907
R084,T17,DR0509,GP,3,4,13.1,25.0,4.0,2.9500062726599907
R084,T17,DR0509,GP,4,3,18.2,25.0,4.0,2.9500062726599907
R084,T17,DR0509,GP,5,3,11.4,25.0,4.0,2.9500062726599907
R084,T17,DR0509,GP,6,5,12.4,25.0,4.0,2.9500062726599907
R084,T17,DR0509,GP,7,2,14.6,25.0,4.0,2.9500062726599907
R084,T17,DR0509,GP,8,3,11.3,25.0,4.0,2.9500062726599907
R084,T17,DR0509,GP,9,5,17.8,25.0,4.0,2.9500062726599907
R084,T17,DR0509,GP,10,1,6.8,25.0,4.0,2.9500062726599907
R084,T17,DR0509,GP,11,2,9.4,25.0,4.0,2.9500062726599907
R084,T17,DR0509,GP,12,6,14.5,25.0,4.0,2.9500062726599907
R085,T17,DR0510,Cardiologist,1,5,21.5,45.0,4.0,2.9500062726599907
R085,T17,DR0510,Cardiologist,2,9,38.7,45.0,4.0,2.9500062726599907
R085,T17,DR0510,Cardiologist,3,5,31.1,45.0,4.0,2.9500062726599907
R085,T17,DR0510,Cardiologist,4,6,48.3,45.0,4.0,2.9500062726599907
R085,T17,DR0510,Cardiologist,5,8,37.8,45.0,4.0,2.9500062726599907
R085,T17,DR0510,Cardiologist,6,4,34.2,45.0,4.0,2.9500062726599907
R085,T17,DR0510,Cardiologist,7,3,25.3,45.0,4.0,2.9500062726599907
R085,T17,DR0510,Cardiologist,8,2,21.2,45.0,4.0,2.9500062726599907
R085,T17,DR0510,Cardiologist,9,8,28.8,45.0,4.0,2.9500062726599907
R085,T17,DR0510,Cardiologist,10,3,27.1,45.0,4.0,2.9500062726599907
R085,T17,DR0510,Cardiologist,11,5,22.5,45.0,4.0,2.9500062726599907
R085,T17,DR0510,Cardiologist,12,2,22.5,45.0,4.0,2.9500062726599907
R086,T18,DR0511,GP,1,6,8.8,25.0,4.0,-7.671060806631991
R086,T18,DR0511,GP,2,3,3.2,25.0,4.0,-7.671060806631991
R086,T18,DR0511,GP,3,1,1.1,25.0,4.0,-7.671060806631991
R086,T18,DR0511,GP,4,2,0.9,25.0,4.0,-7.671060806631991
R086,T18,DR0511,GP,5,1,1.2,25.0,4.0,-7.671060806631991
R086,T18,DR0511,GP,6,2,1.1,25.0,4.0,-7.671060806631991
R086,T18,DR0511,GP,7,3,2.2,25.0,4.0,-7.671060806631991
R086,T18,DR0511,GP,8,3,4.4,25.0,4.0,-7.671060806631991
R086,T18,DR0511,GP,9,2,1.0,25.0,4.0,-7.671060806631991
R086,T18,DR0511,GP,10,6,10.8,25.0,4.0,-7.671060806631991
R086,T18,DR0511,GP,11,2,0.7,25.0,4.0,-7.671060806631991
R086,T18,DR0511,GP,12,6,6.9,25.0,4.0,-7.671060806631991
R087,T18,DR0512,Cardiologist,1,9,22.9,45.0,4.0,-7.671060806631991
R087,T18,DR0512,Cardiologist,2,5,12.1,45.0,4.0,-7.671060806631991
R087,T18,DR0512,Cardiologist,3,4,16.4,45.0,4.0,-7.671060806631991
R087,T18,DR0512,Cardiologist,4,1,1.3,45.0,4.0,-7.671060806631991
R087,T18,DR0512,Cardiologist,5,10,34.9,45.0,4.0,-7.671060806631991
R087,T18,DR0512,Cardiologist,6,3,11.8,45.0,4.0,-7.671060806631991
R087,T18,DR0512,Cardiologist,7,7,20.2,45.0,4.0,-7.671060806631991
R087,T18,DR0512,Cardiologist,8,8,14.7,45.0,4.0,-7.671060806631991
R087,T18,DR0512,Cardiologist,9,3,6.0,45.0,4.0,-7.671060806631991
R087,T18,DR0512,Cardiologist,10,5,15.3,45.0,4.0,-7.671060806631991
R087,T18,DR0512,Cardiologist,11,5,12.9,45.0,4.0,-7.671060806631991
R087,T18,DR0512,Cardiologist,12,6,20.9,45.0,4.0,-7.671060806631991
R088,T18,DR0513,Endocrinologist,1,6,37.2,52.5,4.0,-7.671060806631991
R088,T18,DR0513,Endocrinologist,2,6,47.0,52.5,4.0,-7.671060806631991
R088,T18,DR0513,Endocrinologist,3,6,27.7,52.5,4.0,-7.671060806631991
R088,T18,DR0513,Endocrinologist,4,8,30.7,52.5,4.0,-7.671060806631991
R088,T18,DR0513,Endocrinologist,5,4,17.0,52.5,4.0,-7.671060806631991
R088,T18,DR0513,Endocrinologist,6,6,24.1,52.5,4.0,-7.671060806631991
R088,T18,DR0513,Endocrinologist,7,9,28.9,52.5,4.0,-7.671060806631991
R088,T18,DR0513,Endocrinologist,8,10,36.1,52.5,4.0,-7.671060806631991
R088,T18,DR0513,Endocrinologist,9,4,11.9,52.5,4.0,-7.671060806631991
R088,T18,DR0513,Endocrinologist,10,4,21.3,52.5,4.0,-7.671060806631991
R088,T18,DR0513,Endocrinologist,11,6,15.7,52.5,4.0,-7.671060806631991
R088,T18,DR0513,Endocrinologist,12,5,11.8,52.5,4.0,-7.671060806631991
R089,T18,DR0514,Neurologist,1,7,12.4,37.5,4.0,-7.671060806631991
R089,T18,DR0514,Neurologist,2,1,1.5,37.5,4.0,-7.671060806631991
R089,T18,DR0514,Neurologist,3,4,11.8,37.5,4.0,-7.671060806631991
R089,T18,DR0514,Neurologist,4,5,14.6,37.5,4.0,-7.671060806631991
R089,T18,DR0514,Neurologist,5,3,9.0,37.5,4.0,-7.671060806631991
R089,T18,DR0514,Neurologist,6,7,15.9,37.5,4.0,-7.671060806631991
R089,T18,DR0514,Neurologist,7,5,13.1,37.5,4.0,-7.671060806631991
R089,T18,DR0514,Neurologist,8,2,4.6,37.5,4.0,-7.671060806631991
R089,T18,DR0514,Neurologist,9,4,13.0,37.5,4.0,-7.671060806631991
R089,T18,DR0514,Neurologist,10,7,18.1,37.5,4.0,-7.671060806631991
R089,T18,DR0514,Neurologist,11,5,10.7,37.5,4.0,-7.671060806631991
R089,T18,DR0514,Neurologist,12,3,7.9,37.5,4.0,-7.671060806631991
R090,T18,DR0515,GP,1,1,0.8,25.0,4.0,-7.671060806631991
R090,T18,DR0515,GP,2,1,1.4,25.0,4.0,-7.671060806631991
R090,T18,DR0515,GP,3,3,3.3,25.0,4.0,-7.671060806631991
R090,T18,DR0515,GP,4,3,2.2,25.0,4.0,-7.671060806631991
R090,T18,DR0515,GP,5,3,1.6,25.0,4.0,-7.671060806631991
R090,T18,DR0515,GP,6,6,7.5,25.0,4.0,-7.671060806631991
R090,T18,DR0515,GP,7,4,4.6,25.0,4.0,-7.671060806631991
R090,T18,DR0515,GP,8,1,0.9,25.0,4.0,-7.671060806631991
R090,T18,DR0515,GP,9,1,0.6,25.0,4.0,-7.671060806631991
R090,T18,DR0515,GP,10,3,3.5,25.0,4.0,-7.671060806631991
R090,T18,DR0515,GP,11,6,8.1,25.0,4.0,-7.671060806631991
R090,T18,DR0515,GP,12,4,5.5,25.0,4.0,-7.671060806631991
R086,T18,DR0516,Cardiologist,1,1,1.3,45.0,4.0,-7.671060806631991
R086,T18,DR0516,Cardiologist,2,4,14.8,45.0,4.0,-7.671060806631991
R086,T18,DR0516,Cardiologist,3,5,13.0,45.0,4.0,-7.671060806631991
R086,T18,DR0516,Cardiologist,4,10,20.7,45.0,4.0,-7.671060806631991
R086,T18,DR0516,Cardiologist,5,2,6.8,45.0,4.0,-7.671060806631991
R086,T18,DR0516,Cardiologist,6,5,10.9,45.0,4.0,-7.671060806631991
R086,T18,DR0516,Cardiologist,7,5,16.1,45.0,4.0,-7.671060806631991
R086,T18,DR0516,Cardiologist,8,9,13.2,45.0,4.0,-7.671060806631991
R086,T18,DR0516,Cardiologist,9,7,21.2,45.0,4.0,-7.671060806631991
R086,T18,DR0516,Cardiologist,10,1,2.0,45.0,4.0,-7.671060806631991
R086,T18,DR0516,Cardiologist,11,7,14.9,45.0,4.0,-7.671060806631991
R086,T18,DR0516,Cardiologist,12,6,15.7,45.0,4.0,-7.671060806631991
R087,T18,DR0517,Endocrinologist,1,11,24.9,52.5,4.0,-7.671060806631991
R087,T18,DR0517,Endocrinologist,2,8,25.0,52.5,4.0,-7.671060806631991
R087,T18,DR0517,Endocrinologist,3,4,17.6,52.5,4.0,-7.671060806631991
R087,T18,DR0517,Endocrinologist,4,6,30.3,52.5,4.0,-7.671060806631991
R087,T18,DR0517,Endocrinologist,5,5,19.0,52.5,4.0,-7.671060806631991
R087,T18,DR0517,Endocrinologist,6,3,20.7,52.5,4.0,-7.671060806631991
R087,T18,DR0517,Endocrinologist,7,7,19.9,52.5,4.0,-7.671060806631991
R087,T18,DR0517,Endocrinologist,8,4,16.0,52.5,4.0,-7.671060806631991
R087,T18,DR0517,Endocrinologist,9,6,24.3,52.5,4.0,-7.671060806631991
R087,T18,DR0517,Endocrinologist,10,6,20.0,52.5,4.0,-7.671060806631991
R087,T18,DR0517,Endocrinologist,11,7,26.8,52.5,4.0,-7.671060806631991
R087,T18,DR0517,Endocrinologist,12,3,12.7,52.5,4.0,-7.671060806631991
R088,T18,DR0518,Neurologist,1,2,8.7,37.5,4.0,-7.671060806631991
R088,T18,DR0518,Neurologist,2,3,14.2,37.5,4.0,-7.671060806631991
R088,T18,DR0518,Neurologist,3,9,15.7,37.5,4.0,-7.671060806631991
R088,T18,DR0518,Neurologist,4,5,10.0,37.5,4.0,-7.671060806631991
R088,T18,DR0518,Neurologist,5,3,6.5,37.5,4.0,-7.671060806631991
R088,T18,DR0518,Neurologist,6,8,15.9,37.5,4.0,-7.671060806631991
R088,T18,DR0518,Neurologist,7,6,15.7,37.5,4.0,-7.671060806631991
R088,T18,DR0518,Neurologist,8,2,7.7,37.5,4.0,-7.671060806631991
R088,T18,DR0518,Neurologist,9,3,8.6,37.5,4.0,-7.671060806631991
R088,T18,DR0518,Neurologist,10,5,17.6,37.5,4.0,-7.671060806631991
R088,T18,DR0518,Neurologist,11,7,18.1,37.5,4.0,-7.671060806631991
R088,T18,DR0518,Neurologist,12,4,11.5,37.5,4.0,-7.671060806631991
R089,T18,DR0519,GP,1,6,7.5,25.0,4.0,-7.671060806631991
R089,T18,DR0519,GP,2,2,1.0,25.0,4.0,-7.671060806631991
R089,T18,DR0519,GP,3,4,7.5,25.0,4.0,-7.671060806631991
R089,T18,DR0519,GP,4,4,4.6,25.0,4.0,-7.671060806631991
R089,T18,DR0519,GP,5,4,4.5,25.0,4.0,-7.671060806631991
R089,T18,DR0519,GP,6,8,8.8,25.0,4.0,-7.671060806631991
R089,T18,DR0519,GP,7,5,5.9,25.0,4.0,-7.671060806631991
R089,T18,DR0519,GP,8,2,1.7,25.0,4.0,-7.671060806631991
R089,T18,DR0519,GP,9,5,7.5,25.0,4.0,-7.671060806631991
R089,T18,DR0519,GP,10,2,1.1,25.0,4.0,-7.671060806631991
R089,T18,DR0519,GP,11,3,3.5,25.0,4.0,-7.671060806631991
R089,T18,DR0519,GP,12,4,5.9,25.0,4.0,-7.671060806631991
R090,T18,DR0520,Cardiologist,1,4,24.0,45.0,4.0,-7.671060806631991
R090,T18,DR0520,Cardiologist,2,3,11.8,45.0,4.0,-7.671060806631991
R090,T18,DR0520,Cardiologist,3,7,24.7,45.0,4.0,-7.671060806631991
R090,T18,DR0520,Cardiologist,4,8,23.1,45.0,4.0,-7.671060806631991
R090,T18,DR0520,Cardiologist,5,4,10.0,45.0,4.0,-7.671060806631991
R090,T18,DR0520,Cardiologist,6,8,35.4,45.0,4.0,-7.671060806631991
R090,T18,DR0520,Cardiologist,7,1,1.3,45.0,4.0,-7.671060806631991
R090,T18,DR0520,Cardiologist,8,4,12.4,45.0,4.0,-7.671060806631991
R090,T18,DR0520,Cardiologist,9,6,24.0,45.0,4.0,-7.671060806631991
R090,T18,DR0520,Cardiologist,10,7,22.1,45.0,4.0,-7.671060806631991
R090,T18,DR0520,Cardiologist,11,6,21.6,45.0,4.0,-7.671060806631991
R090,T18,DR0520,Cardiologist,12,3,12.0,45.0,4.0,-7.671060806631991
R086,T18,DR0521,Endocrinologist,1,7,23.1,52.5,4.0,-7.671060806631991
R086,T18,DR0521,Endocrinologist,2,6,20.5,52.5,4.0,-7.671060806631991
R086,T18,DR0521,Endocrinologist,3,5,30.6,52.5,4.0,-7.671060806631991
R086,T18,DR0521,Endocrinologist,4,8,23.5,52.5,4.0,-7.671060806631991
R086,T18,DR0521,Endocrinologist,5,4,19.8,52.5,4.0,-7.671060806631991
R086,T18,DR0521,Endocrinologist,6,10,42.8,52.5,4.0,-7.671060806631991
R086,T18,DR0521,Endocrinologist,7,6,21.3,52.5,4.0,-7.671060806631991
R086,T18,DR0521,Endocrinologist,8,11,34.5,52.5,4.0,-7.671060806631991
R086,T18,DR0521,Endocrinologist,9,5,15.7,52.5,4.0,-7.671060806631991
R086,T18,DR0521,Endocrinologist,10,4,18.9,52.5,4.0,-7.671060806631991
R086,T18,DR0521,Endocrinologist,11,4,19.7,52.5,4.0,-7.671060806631991
R086,T18,DR0521,Endocrinologist,12,10,17.8,52.5,4.0,-7.671060806631991
R087,T18,DR0522,Neurologist,1,4,10.7,37.5,4.0,-7.671060806631991
R087,T18,DR0522,Neurologist,2,1,1.0,37.5,4.0,-7.671060806631991
R087,T18,DR0522,Neurologist,3,5,11.6,37.5,4.0,-7.671060806631991
R087,T18,DR0522,Neurologist,4,2,5.2,37.5,4.0,-7.671060806631991
R087,T18,DR0522,Neurologist,5,8,19.3,37.5,4.0,-7.671060806631991
R087,T18,DR0522,Neurologist,6,4,8.0,37.5,4.0,-7.671060806631991
R087,T18,DR0522,Neurologist,7,6,7.4,37.5,4.0,-7.671060806631991
R087,T18,DR0522,Neurologist,8,1,0.8,37.5,4.0,-7.671060806631991
R087,T18,DR0522,Neurologist,9,4,9.6,37.5,4.0,-7.671060806631991
R087,T18,DR0522,Neurologist,10,5,14.9,37.5,4.0,-7.671060806631991
R087,T18,DR0522,Neurologist,11,4,9.2,37.5,4.0,-7.671060806631991
R087,T18,DR0522,Neurologist,12,3,8.1,37.5,4.0,-7.671060806631991
R088,T18,DR0523,GP,1,3,3.0,25.0,4.0,-7.671060806631991
R088,T18,DR0523,GP,2,2,0.6,25.0,4.0,-7.671060806631991
R088,T18,DR0523,GP,3,2,1.1,25.0,4.0,-7.671060806631991
R088,T18,DR0523,GP,4,1,1.6,25.0,4.0,-7.671060806631991
R088,T18,DR0523,GP,5,2,1.1,25.0,4.0,-7.671060806631991
R088,T18,DR0523,GP,6,3,2.6,25.0,4.0,-7.671060806631991
R088,T18,DR0523,GP,7,4,5.0,25.0,4.0,-7.671060806631991
R088,T18,DR0523,GP,8,5,5.4,25.0,4.0,-7.671060806631991
R088,T18,DR0523,GP,9,1,0.9,25.0,4.0,-7.671060806631991
R088,T18,DR0523,GP,10,4,4.7,25.0,4.0,-7.671060806631991
R088,T18,DR0523,GP,11,1,1.6,25.0,4.0,-7.671060806631991
R088,T18,DR0523,GP,12,2,1.2,25.0,4.0,-7.671060806631991
R089,T18,DR0524,Cardiologist,1,5,15.5,45.0,4.0,-7.671060806631991
R089,T18,DR0524,Cardiologist,2,3,11.6,45.0,4.0,-7.671060806631991
R089,T18,DR0524,Cardiologist,3,7,23.1,45.0,4.0,-7.671060806631991
R089,T18,DR0524,Cardiologist,4,2,5.5,45.0,4.0,-7.671060806631991
R089,T18,DR0524,Cardiologist,5,8,23.7,45.0,4.0,-7.671060806631991
R089,T18,DR0524,Cardiologist,6,3,11.6,45.0,4.0,-7.671060806631991
R089,T18,DR0524,Cardiologist,7,6,17.6,45.0,4.0,-7.671060806631991
R089,T18,DR0524,Cardiologist,8,7,20.7,45.0,4.0,-7.671060806631991
R089,T18,DR0524,Cardiologist,9,4,17.4,45.0,4.0,-7.671060806631991
R089,T18,DR0524,Cardiologist,10,4,11.0,45.0,4.0,-7.671060806631991
R089,T18,DR0524,Cardiologist,11,5,17.1,45.0,4.0,-7.671060806631991
R089,T18,DR0524,Cardiologist,12,7,23.1,45.0,4.0,-7.671060806631991
R090,T18,DR0525,Endocrinologist,1,3,16.5,52.5,4.0,-7.671060806631991
R090,T18,DR0525,Endocrinologist,2,8,25.4,52.5,4.0,-7.671060806631991
R090,T18,DR0525,Endocrinologist,3,2,9.1,52.5,4.0,-7.671060806631991
R090,T18,DR0525,Endocrinologist,4,6,22.8,52.5,4.0,-7.671060806631991
R090,T18,DR0525,Endocrinologist,5,3,12.3,52.5,4.0,-7.671060806631991
R090,T18,DR0525,Endocrinologist,6,3,18.5,52.5,4.0,-7.671060806631991
R090,T18,DR0525,Endocrinologist,7,5,35.1,52.5,4.0,-7.671060806631991
R090,T18,DR0525,Endocrinologist,8,7,26.4,52.5,4.0,-7.671060806631991
R090,T18,DR0525,Endocrinologist,9,5,34.7,52.5,4.0,-7.671060806631991
R090,T18,DR0525,Endocrinologist,10,12,29.0,52.5,4.0,-7.671060806631991
R090,T18,DR0525,Endocrinologist,11,5,18.5,52.5,4.0,-7.671060806631991
R090,T18,DR0525,Endocrinologist,12,11,28.4,52.5,4.0,-7.671060806631991
R086,T18,DR0526,Neurologist,1,5,10.3,37.5,4.0,-7.671060806631991
R086,T18,DR0526,Neurologist,2,2,5.7,37.5,4.0,-7.671060806631991
R086,T18,DR0526,Neurologist,3,5,14.9,37.5,4.0,-7.671060806631991
R086,T18,DR0526,Neurologist,4,2,5.2,37.5,4.0,-7.671060806631991
R086,T18,DR0526,Neurologist,5,4,12.3,37.5,4.0,-7.671060806631991
R086,T18,DR0526,Neurologist,6,3,9.6,37.5,4.0,-7.671060806631991
R086,T18,DR0526,Neurologist,7,2,4.9,37.5,4.0,-7.671060806631991
R086,T18,DR0526,Neurologist,8,3,4.5,37.5,4.0,-7.671060806631991
R086,T18,DR0526,Neurologist,9,2,4.8,37.5,4.0,-7.671060806631991
R086,T18,DR0526,Neurologist,10,3,10.3,37.5,4.0,-7.671060806631991
R086,T18,DR0526,Neurologist,11,5,13.4,37.5,4.0,-7.671060806631991
R086,T18,DR0526,Neurologist,12,5,7.9,37.5,4.0,-7.671060806631991
R087,T18,DR0527,GP,1,2,0.9,25.0,4.0,-7.671060806631991
R087,T18,DR0527,GP,2,6,5.4,25.0,4.0,-7.671060806631991
R087,T18,DR0527,GP,3,1,1.0,25.0,4.0,-7.671060806631991
R087,T18,DR0527,GP,4,1,1.4,25.0,4.0,-7.671060806631991
R087,T18,DR0527,GP,5,5,4.1,25.0,4.0,-7.671060806631991
R087,T18,DR0527,GP,6,2,1.6,25.0,4.0,-7.671060806631991
R087,T18,DR0527,GP,7,2,1.1,25.0,4.0,-7.671060806631991
R087,T18,DR0527,GP,8,2,0.8,25.0,4.0,-7.671060806631991
R087,T18,DR0527,GP,9,4,5.4,25.0,4.0,-7.671060806631991
R087,T18,DR0527,GP,10,5,6.3,25.0,4.0,-7.671060806631991
R087,T18,DR0527,GP,11,3,2.7,25.0,4.0,-7.671060806631991
R087,T18,DR0527,GP,12,3,3.7,25.0,4.0,-7.671060806631991
R088,T18,DR0528,Cardiologist,1,3,13.6,45.0,4.0,-7.671060806631991
R088,T18,DR0528,Cardiologist,2,5,26.1,45.0,4.0,-7.671060806631991
R088,T18,DR0528,Cardiologist,3,2,8.6,45.0,4.0,-7.671060806631991
R088,T18,DR0528,Cardiologist,4,5,19.9,45.0,4.0,-7.671060806631991
R088,T18,DR0528,Cardiologist,5,6,23.7,45.0,4.0,-7.671060806631991
R088,T18,DR0528,Cardiologist,6,3,9.3,45.0,4.0,-7.671060806631991
R088,T18,DR0528,Cardiologist,7,7,16.5,45.0,4.0,-7.671060806631991
R088,T18,DR0528,Cardiologist,8,6,21.7,45.0,4.0,-7.671060806631991
R088,T18,DR0528,Cardiologist,9,2,8.2,45.0,4.0,-7.671060806631991
R088,T18,DR0528,Cardiologist,10,4,11.6,45.0,4.0,-7.671060806631991
R088,T18,DR0528,Cardiologist,11,2,6.4,45.0,4.0,-7.671060806631991
R088,T18,DR0528,Cardiologist,12,6,23.3,45.0,4.0,-7.671060806631991
R089,T18,DR0529,Endocrinologist,1,5,25.3,52.5,4.0,-7.671060806631991
R089,T18,DR0529,Endocrinologist,2,2,10.0,52.5,4.0,-7.671060806631991
R089,T18,DR0529,Endocrinologist,3,6,22.2,52.5,4.0,-7.671060806631991
R089,T18,DR0529,Endocrinologist,4,6,25.6,52.5,4.0,-7.671060806631991
R089,T18,DR0529,Endocrinologist,5,3,16.3,52.5,4.0,-7.671060806631991
R089,T18,DR0529,Endocrinologist,6,9,35.3,52.5,4.0,-7.671060806631991
R089,T18,DR0529,Endocrinologist,7,5,19.3,52.5,4.0,-7.671060806631991
R089,T18,DR0529,Endocrinologist,8,11,50.6,52.5,4.0,-7.671060806631991
R089,T18,DR0529,Endocrinologist,9,7,23.3,52.5,4.0,-7.671060806631991
R089,T18,DR0529,Endocrinologist,10,6,16.4,52.5,4.0,-7.671060806631991
R089,T18,DR0529,Endocrinologist,11,8,39.7,52.5,4.0,-7.671060806631991
R089,T18,DR0529,Endocrinologist,12,3,21.2,52.5,4.0,-7.671060806631991
R090,T18,DR0530,Neurologist,1,2,4.2,37.5,4.0,-7.671060806631991
R090,T18,DR0530,Neurologist,2,4,9.0,37.5,4.0,-7.671060806631991
R090,T18,DR0530,Neurologist,3,7,20.6,37.5,4.0,-7.671060806631991
R090,T18,DR0530,Neurologist,4,6,13.1,37.5,4.0,-7.671060806631991
R090,T18,DR0530,Neurologist,5,7,20.8,37.5,4.0,-7.671060806631991
R090,T18,DR0530,Neurologist,6,1,0.7,37.5,4.0,-7.671060806631991
R090,T18,DR0530,Neurologist,7,1,1.0,37.5,4.0,-7.671060806631991
R090,T18,DR0530,Neurologist,8,3,11.4,37.5,4.0,-7.671060806631991
R090,T18,DR0530,Neurologist,9,9,14.8,37.5,4.0,-7.671060806631991
R090,T18,DR0530,Neurologist,10,4,11.1,37.5,4.0,-7.671060806631991
R090,T18,DR0530,Neurologist,11,3,5.5,37.5,4.0,-7.671060806631991
R090,T18,DR0530,Neurologist,12,8,25.9,37.5,4.0,-7.671060806631991
R086,T18,DR0531,GP,1,2,1.0,25.0,4.0,-7.671060806631991
R086,T18,DR0531,GP,2,3,2.3,25.0,4.0,-7.671060806631991
R086,T18,DR0531,GP,3,2,1.0,25.0,4.0,-7.671060806631991
R086,T18,DR0531,GP,4,2,1.0,25.0,4.0,-7.671060806631991
R086,T18,DR0531,GP,5,2,0.8,25.0,4.0,-7.671060806631991
R086,T18,DR0531,GP,6,2,1.0,25.0,4.0,-7.671060806631991
R086,T18,DR0531,GP,7,6,8.0,25.0,4.0,-7.671060806631991
R086,T18,DR0531,GP,8,2,0.8,25.0,4.0,-7.671060806631991
R086,T18,DR0531,GP,9,3,2.5,25.0,4.0,-7.671060806631991
R086,T18,DR0531,GP,10,2,1.0,25.0,4.0,-7.671060806631991
R086,T18,DR0531,GP,11,3,2.1,25.0,4.0,-7.671060806631991
R086,T18,DR0531,GP,12,2,0.8,25.0,4.0,-7.671060806631991
R087,T18,DR0532,Cardiologist,1,7,25.5,45.0,4.0,-7.671060806631991
R087,T18,DR0532,Cardiologist,2,6,16.0,45.0,4.0,-7.671060806631991
R087,T18,DR0532,Cardiologist,3,5,32.5,45.0,4.0,-7.671060806631991
R087,T18,DR0532,Cardiologist,4,8,23.4,45.0,4.0,-7.671060806631991
R087,T18,DR0532,Cardiologist,5,4,11.3,45.0,4.0,-7.671060806631991
R087,T18,DR0532,Cardiologist,6,5,11.5,45.0,4.0,-7.671060806631991
R087,T18,DR0532,Cardiologist,7,3,13.1,45.0,4.0,-7.671060806631991
R087,T18,DR0532,Cardiologist,8,8,23.1,45.0,4.0,-7.671060806631991
R087,T18,DR0532,Cardiologist,9,8,25.5,45.0,4.0,-7.671060806631991
R087,T18,DR0532,Cardiologist,10,3,13.0,45.0,4.0,-7.671060806631991
R087,T18,DR0532,Cardiologist,11,2,7.6,45.0,4.0,-7.671060806631991
R087,T18,DR0532,Cardiologist,12,7,19.5,45.0,4.0,-7.671060806631991
R088,T18,DR0533,Endocrinologist,1,9,42.3,52.5,4.0,-7.671060806631991
R088,T18,DR0533,Endocrinologist,2,4,20.6,52.5,4.0,-7.671060806631991
R088,T18,DR0533,Endocrinologist,3,7,33.5,52.5,4.0,-7.671060806631991
R088,T18,DR0533,Endocrinologist,4,3,13.9,52.5,4.0,-7.671060806631991
R088,T18,DR0533,Endocrinologist,5,5,21.6,52.5,4.0,-7.671060806631991
R088,T18,DR0533,Endocrinologist,6,7,30.4,52.5,4.0,-7.671060806631991
R088,T18,DR0533,Endocrinologist,7,3,8.6,52.5,4.0,-7.671060806631991
R088,T18,DR0533,Endocrinologist,8,6,25.0,52.5,4.0,-7.671060806631991
R088,T18,DR0533,Endocrinologist,9,8,24.3,52.5,4.0,-7.671060806631991
R088,T18,DR0533,Endocrinologist,10,3,14.0,52.5,4.0,-7.671060806631991
R088,T18,DR0533,Endocrinologist,11,7,31.5,52.5,4.0,-7.671060806631991
R088,T18,DR0533,Endocrinologist,12,9,27.7,52.5,4.0,-7.671060806631991
R089,T18,DR0534,Neurologist,1,1,1.0,37.5,4.0,-7.671060806631991
R089,T18,DR0534,Neurologist,2,8,13.8,37.5,4.0,-7.671060806631991
R089,T18,DR0534,Neurologist,3,1,1.0,37.5,4.0,-7.671060806631991
R089,T18,DR0534,Neurologist,4,1,1.1,37.5,4.0,-7.671060806631991
R089,T18,DR0534,Neurologist,5,2,3.4,37.5,4.0,-7.671060806631991
R089,T18,DR0534,Neurologist,6,6,8.9,37.5,4.0,-7.671060806631991
R089,T18,DR0534,Neurologist,7,2,6.5,37.5,4.0,-7.671060806631991
R089,T18,DR0534,Neurologist,8,2,3.7,37.5,4.0,-7.671060806631991
R089,T18,DR0534,Neurologist,9,6,13.1,37.5,4.0,-7.671060806631991
R089,T18,DR0534,Neurologist,10,8,16.9,37.5,4.0,-7.671060806631991
R089,T18,DR0534,Neurologist,11,6,13.1,37.5,4.0,-7.671060806631991
R089,T18,DR0534,Neurologist,12,4,7.8,37.5,4.0,-7.671060806631991
R090,T18,DR0535,GP,1,3,3.4,25.0,4.0,-7.671060806631991
R090,T18,DR0535,GP,2,3,2.5,25.0,4.0,-7.671060806631991
R090,T18,DR0535,GP,3,4,5.7,25.0,4.0,-7.671060806631991
R090,T18,DR0535,GP,4,4,3.8,25.0,4.0,-7.671060806631991
R090,T18,DR0535,GP,5,2,0.6,25.0,4.0,-7.671060806631991
R090,T18,DR0535,GP,6,5,5.3,25.0,4.0,-7.671060806631991
R090,T18,DR0535,GP,7,6,6.7,25.0,4.0,-7.671060806631991
R090,T18,DR0535,GP,8,2,0.7,25.0,4.0,-7.671060806631991
R090,T18,DR0535,GP,9,1,1.3,25.0,4.0,-7.671060806631991
R090,T18,DR0535,GP,10,3,3.0,25.0,4.0,-7.671060806631991
R090,T18,DR0535,GP,11,3,1.8,25.0,4.0,-7.671060806631991
R090,T18,DR0535,GP,12,4,4.0,25.0,4.0,-7.671060806631991
R086,T18,DR0536,Cardiologist,1,4,16.5,45.0,4.0,-7.671060806631991
R086,T18,DR0536,Cardiologist,2,6,20.8,45.0,4.0,-7.671060806631991
R086,T18,DR0536,Cardiologist,3,6,34.0,45.0,4.0,-7.671060806631991
R086,T18,DR0536,Cardiologist,4,1,0.8,45.0,4.0,-7.671060806631991
R086,T18,DR0536,Cardiologist,5,4,16.9,45.0,4.0,-7.671060806631991
R086,T18,DR0536,Cardiologist,6,7,30.5,45.0,4.0,-7.671060806631991
R086,T18,DR0536,Cardiologist,7,3,8.6,45.0,4.0,-7.671060806631991
R086,T18,DR0536,Cardiologist,8,5,18.9,45.0,4.0,-7.671060806631991
R086,T18,DR0536,Cardiologist,9,7,21.1,45.0,4.0,-7.671060806631991
R086,T18,DR0536,Cardiologist,10,5,19.0,45.0,4.0,-7.671060806631991
R086,T18,DR0536,Cardiologist,11,6,10.8,45.0,4.0,-7.671060806631991
R086,T18,DR0536,Cardiologist,12,6,21.6,45.0,4.0,-7.671060806631991
R087,T18,DR0537,Endocrinologist,1,5,25.9,52.5,4.0,-7.671060806631991
R087,T18,DR0537,Endocrinologist,2,4,21.8,52.5,4.0,-7.671060806631991
R087,T18,DR0537,Endocrinologist,3,7,20.6,52.5,4.0,-7.671060806631991
R087,T18,DR0537,Endocrinologist,4,3,15.6,52.5,4.0,-7.671060806631991
R087,T18,DR0537,Endocrinologist,5,8,34.8,52.5,4.0,-7.671060806631991
R087,T18,DR0537,Endocrinologist,6,6,21.4,52.5,4.0,-7.671060806631991
R087,T18,DR0537,Endocrinologist,7,6,20.7,52.5,4.0,-7.671060806631991
R087,T18,DR0537,Endocrinologist,8,4,18.4,52.5,4.0,-7.671060806631991
R087,T18,DR0537,Endocrinologist,9,4,25.5,52.5,4.0,-7.671060806631991
R087,T18,DR0537,Endocrinologist,10,7,25.4,52.5,4.0,-7.671060806631991
R087,T18,DR0537,Endocrinologist,11,3,12.1,52.5,4.0,-7.671060806631991
R087,T18,DR0537,Endocrinologist,12,1,3.4,52.5,4.0,-7.671060806631991
R088,T18,DR0538,Neurologist,1,6,14.0,37.5,4.0,-7.671060806631991
R088,T18,DR0538,Neurologist,2,2,3.7,37.5,4.0,-7.671060806631991
R088,T18,DR0538,Neurologist,3,1,0.8,37.5,4.0,-7.671060806631991
R088,T18,DR0538,Neurologist,4,4,7.9,37.5,4.0,-7.671060806631991
R088,T18,DR0538,Neurologist,5,1,0.9,37.5,4.0,-7.671060806631991
R088,T18,DR0538,Neurologist,6,2,7.8,37.5,4.0,-7.671060806631991
R088,T18,DR0538,Neurologist,7,2,8.7,37.5,4.0,-7.671060806631991
R088,T18,DR0538,Neurologist,8,3,8.2,37.5,4.0,-7.671060806631991
R088,T18,DR0538,Neurologist,9,4,9.2,37.5,4.0,-7.671060806631991
R088,T18,DR0538,Neurologist,10,3,5.6,37.5,4.0,-7.671060806631991
R088,T18,DR0538,Neurologist,11,4,11.2,37.5,4.0,-7.671060806631991
R088,T18,DR0538,Neurologist,12,3,11.2,37.5,4.0,-7.671060806631991
R089,T18,DR0539,GP,1,2,1.4,25.0,4.0,-7.671060806631991
R089,T18,DR0539,GP,2,6,6.7,25.0,4.0,-7.671060806631991
R089,T18,DR0539,GP,3,6,13.5,25.0,4.0,-7.671060806631991
R089,T18,DR0539,GP,4,1,1.1,25.0,4.0,-7.671060806631991
R089,T18,DR0539,GP,5,5,9.1,25.0,4.0,-7.671060806631991
R089,T18,DR0539,GP,6,2,1.0,25.0,4.0,-7.671060806631991
R089,T18,DR0539,GP,7,3,2.2,25.0,4.0,-7.671060806631991
R089,T18,DR0539,GP,8,4,4.7,25.0,4.0,-7.671060806631991
R089,T18,DR0539,GP,9,2,1.4,25.0,4.0,-7.671060806631991
R089,T18,DR0539,GP,10,1,1.0,25.0,4.0,-7.671060806631991
R089,T18,DR0539,GP,11,1,0.8,25.0,4.0,-7.671060806631991
R089,T18,DR0539,GP,12,3,3.1,25.0,4.0,-7.671060806631991
R090,T18,DR0540,Cardiologist,1,5,15.9,45.0,4.0,-7.671060806631991
R090,T18,DR0540,Cardiologist,2,7,23.5,45.0,4.0,-7.671060806631991
R090,T18,DR0540,Cardiologist,3,3,8.5,45.0,4.0,-7.671060806631991
R090,T18,DR0540,Cardiologist,4,6,24.4,45.0,4.0,-7.671060806631991
R090,T18,DR0540,Cardiologist,5,4,19.6,45.0,4.0,-7.671060806631991
R090,T18,DR0540,Cardiologist,6,3,8.5,45.0,4.0,-7.671060806631991
R090,T18,DR0540,Cardiologist,7,3,12.5,45.0,4.0,-7.671060806631991
R090,T18,DR0540,Cardiologist,8,1,1.6,45.0,4.0,-7.671060806631991
R090,T18,DR0540,Cardiologist,9,9,21.4,45.0,4.0,-7.671060806631991
R090,T18,DR0540,Cardiologist,10,6,22.0,45.0,4.0,-7.671060806631991
R090,T18,DR0540,Cardiologist,11,7,30.3,45.0,4.0,-7.671060806631991
R090,T18,DR0540,Cardiologist,12,9,15.1,45.0,4.0,-7.671060806631991
R091,T19,DR0541,GP,1,2,9.2,25.0,4.0,7.02760241045818
R091,T19,DR0541,GP,2,3,20.9,25.0,4.0,7.02760241045818
R091,T19,DR0541,GP,3,3,20.3,25.0,4.0,7.02760241045818
R091,T19,DR0541,GP,4,2,20.3,25.0,4.0,7.02760241045818
R091,T19,DR0541,GP,5,4,15.7,25.0,4.0,7.02760241045818
R091,T19,DR0541,GP,6,3,24.2,25.0,4.0,7.02760241045818
R091,T19,DR0541,GP,7,6,30.6,25.0,4.0,7.02760241045818
R091,T19,DR0541,GP,8,4,11.3,25.0,4.0,7.02760241045818
R091,T19,DR0541,GP,9,6,25.5,25.0,4.0,7.02760241045818
R091,T19,DR0541,GP,10,5,13.5,25.0,4.0,7.02760241045818
R091,T19,DR0541,GP,11,3,24.6,25.0,4.0,7.02760241045818
R091,T19,DR0541,GP,12,7,17.2,25.0,4.0,7.02760241045818
R092,T19,DR0542,Cardiologist,1,7,29.0,45.0,4.0,7.02760241045818
R092,T19,DR0542,Cardiologist,2,4,43.3,45.0,4.0,7.02760241045818
R092,T19,DR0542,Cardiologist,3,3,19.7,45.0,4.0,7.02760241045818
R092,T19,DR0542,Cardiologist,4,2,18.2,45.0,4.0,7.02760241045818
R092,T19,DR0542,Cardiologist,5,2,20.7,45.0,4.0,7.02760241045818
R092,T19,DR0542,Cardiologist,6,4,19.3,45.0,4.0,7.02760241045818
R092,T19,DR0542,Cardiologist,7,9,35.7,45.0,4.0,7.02760241045818
R092,T19,DR0542,Cardiologist,8,3,26.5,45.0,4.0,7.02760241045818
R092,T19,DR0542,Cardiologist,9,7,20.9,45.0,4.0,7.02760241045818
R092,T19,DR0542,Cardiologist,10,4,27.3,45.0,4.0,7.02760241045818
R092,T19,DR0542,Cardiologist,11,6,40.7,45.0,4.0,7.02760241045818
R092,T19,DR0542,Cardiologist,12,2,20.4,45.0,4.0,7.02760241045818
R093,T19,DR0543,Endocrinologist,1,6,25.6,52.5,4.0,7.02760241045818
R093,T19,DR0543,Endocrinologist,2,4,24.1,52.5,4.0,7.02760241045818
R093,T19,DR0543,Endocrinologist,3,6,42.7,52.5,4.0,7.02760241045818
R093,T19,DR0543,Endocrinologist,4,7,35.6,52.5,4.0,7.02760241045818
R093,T19,DR0543,Endocrinologist,5,7,27.9,52.5,4.0,7.02760241045818
R093,T19,DR0543,Endocrinologist,6,4,55.7,52.5,4.0,7.02760241045818
R093,T19,DR0543,Endocrinologist,7,8,38.1,52.5,4.0,7.02760241045818
R093,T19,DR0543,Endocrinologist,8,5,29.1,52.5,4.0,7.02760241045818
R093,T19,DR0543,Endocrinologist,9,5,45.1,52.5,4.0,7.02760241045818
R093,T19,DR0543,Endocrinologist,10,3,37.6,52.5,4.0,7.02760241045818
R093,T19,DR0543,Endocrinologist,11,7,29.5,52.5,4.0,7.02760241045818
R093,T19,DR0543,Endocrinologist,12,7,67.0,52.5,4.0,7.02760241045818
R094,T19,DR0544,Neurologist,1,3,31.6,37.5,4.0,7.02760241045818
R094,T19,DR0544,Neurologist,2,1,14.8,37.5,4.0,7.02760241045818
R094,T19,DR0544,Neurologist,3,2,24.4,37.5,4.0,7.02760241045818
R094,T19,DR0544,Neurologist,4,5,29.6,37.5,4.0,7.02760241045818
R094,T19,DR0544,Neurologist,5,6,25.9,37.5,4.0,7.02760241045818
R094,T19,DR0544,Neurologist,6,2,32.1,37.5,4.0,7.02760241045818
R094,T19,DR0544,Neurologist,7,7,31.1,37.5,4.0,7.02760241045818
R094,T19,DR0544,Neurologist,8,7,32.3,37.5,4.0,7.02760241045818
R094,T19,DR0544,Neurologist,9,4,34.4,37.5,4.0,7.02760241045818
R094,T19,DR0544,Neurologist,10,2,29.9,37.5,4.0,7.02760241045818
R094,T19,DR0544,Neurologist,11,9,42.3,37.5,4.0,7.02760241045818
R094,T19,DR0544,Neurologist,12,4,33.3,37.5,4.0,7.02760241045818
R095,T19,DR0545,GP,1,1,10.2,25.0,4.0,7.02760241045818
R095,T19,DR0545,GP,2,4,19.4,25.0,4.0,7.02760241045818
R095,T19,DR0545,GP,3,1,14.3,25.0,4.0,7.02760241045818
R095,T19,DR0545,GP,4,2,25.1,25.0,4.0,7.02760241045818
R095,T19,DR0545,GP,5,3,14.0,25.0,4.0,7.02760241045818
R095,T19,DR0545,GP,6,3,20.5,25.0,4.0,7.02760241045818
R095,T19,DR0545,GP,7,1,10.5,25.0,4.0,7.02760241045818
R095,T19,DR0545,GP,8,6,24.9,25.0,4.0,7.02760241045818
R095,T19,DR0545,GP,9,4,31.3,25.0,4.0,7.02760241045818
R095,T19,DR0545,GP,10,1,12.8,25.0,4.0,7.02760241045818
R095,T19,DR0545,GP,11,7,23.1,25.0,4.0,7.02760241045818
R095,T19,DR0545,GP,12,4,15.0,25.0,4.0,7.02760241045818
R091,T19,DR0546,Cardiologist,1,4,42.9,45.0,4.0,7.02760241045818
R091,T19,DR0546,Cardiologist,2,6,30.0,45.0,4.0,7.02760241045818
R091,T19,DR0546,Cardiologist,3,7,41.6,45.0,4.0,7.02760241045818
R091,T19,DR0546,Cardiologist,4,6,35.2,45.0,4.0,7.02760241045818
R091,T19,DR0546,Cardiologist,5,3,17.9,45.0,4.0,7.02760241045818
R091,T19,DR0546,Cardiologist,6,5,44.2,45.0,4.0,7.02760241045818
R091,T19,DR0546,Cardiologist,7,5,30.0,45.0,4.0,7.02760241045818
R091,T19,DR0546,Cardiologist,8,7,36.2,45.0,4.0,7.02760241045818
R091,T19,DR0546,Cardiologist,9,3,29.0,45.0,4.0,7.02760241045818
R091,T19,DR0546,Cardiologist,10,2,12.8,45.0,4.0,7.02760241045818
R091,T19,DR0546,Cardiologist,11,3,33.5,45.0,4.0,7.02760241045818
R091,T19,DR0546,Cardiologist,12,9,39.1,45.0,4.0,7.02760241045818
R092,T19,DR0547,Endocrinologist,1,8,58.9,52.5,4.0,7.02760241045818
R092,T19,DR0547,Endocrinologist,2,5,38.6,52.5,4.0,7.02760241045818
R092,T19,DR0547,Endocrinologist,3,6,48.6,52.5,4.0,7.02760241045818
R092,T19,DR0547,Endocrinologist,4,7,29.9,52.5,4.0,7.02760241045818
R092,T19,DR0547,Endocrinologist,5,3,34.4,52.5,4.0,7.02760241045818
R092,T19,DR0547,Endocrinologist,6,3,27.4,52.5,4.0,7.02760241045818
R092,T19,DR0547,Endocrinologist,7,2,32.4,52.5,4.0,7.02760241045818
R092,T19,DR0547,Endocrinologist,8,8,50.3,52.5,4.0,7.02760241045818
R092,T19,DR0547,Endocrinologist,9,6,46.8,52.5,4.0,7.02760241045818
R092,T19,DR0547,Endocrinologist,10,10,52.2,52.5,4.0,7.02760241045818
R092,T19,DR0547,Endocrinologist,11,7,57.3,52.5,4.0,7.02760241045818
R092,T19,DR0547,Endocrinologist,12,5,36.4,52.5,4.0,7.02760241045818
R093,T19,DR0548,Neurologist,1,2,16.6,37.5,4.0,7.02760241045818
R093,T19,DR0548,Neurologist,2,6,53.0,37.5,4.0,7.02760241045818
R093,T19,DR0548,Neurologist,3,5,20.2,37.5,4.0,7.02760241045818
R093,T19,DR0548,Neurologist,4,5,20.0,37.5,4.0,7.02760241045818
R093,T19,DR0548,Neurologist,5,2,14.4,37.5,4.0,7.02760241045818
R093,T19,DR0548,Neurologist,6,4,36.9,37.5,4.0,7.02760241045818
R093,T19,DR0548,Neurologist,7,4,28.0,37.5,4.0,7.02760241045818
R093,T19,DR0548,Neurologist,8,2,24.3,37.5,4.0,7.02760241045818
R093,T19,DR0548,Neurologist,9,7,27.8,37.5,4.0,7.02760241045818
R093,T19,DR0548,Neurologist,10,4,32.3,37.5,4.0,7.02760241045818
R093,T19,DR0548,Neurologist,11,3,17.6,37.5,4.0,7.02760241045818
R093,T19,DR0548,Neurologist,12,6,24.1,37.5,4.0,7.02760241045818
R094,T19,DR0549,GP,1,1,13.1,25.0,4.0,7.02760241045818
R094,T19,DR0549,GP,2,3,17.2,25.0,4.0,7.02760241045818
R094,T19,DR0549,GP,3,2,23.8,25.0,4.0,7.02760241045818
R094,T19,DR0549,GP,4,6,29.7,25.0,4.0,7.02760241045818
R094,T19,DR0549,GP,5,5,24.7,25.0,4.0,7.02760241045818
R094,T19,DR0549,GP,6,8,33.3,25.0,4.0,7.02760241045818
R094,T19,DR0549,GP,7,2,17.2,25.0,4.0,7.02760241045818
R094,T19,DR0549,GP,8,3,11.9,25.0,4.0,7.02760241045818
R094,T19,DR0549,GP,9,2,10.4,25.0,4.0,7.02760241045818
R094,T19,DR0549,GP,10,3,16.4,25.0,4.0,7.02760241045818
R094,T19,DR0549,GP,11,2,15.9,25.0,4.0,7.02760241045818
R094,T19,DR0549,GP,12,4,19.1,25.0,4.0,7.02760241045818
R095,T19,DR0550,Cardiologist,1,6,27.9,45.0,4.0,7.02760241045818
R095,T19,DR0550,Cardiologist,2,5,42.8,45.0,4.0,7.02760241045818
R095,T19,DR0550,Cardiologist,3,9,42.0,45.0,4.0,7.02760241045818
R095,T19,DR0550,Cardiologist,4,5,44.0,45.0,4.0,7.02760241045818
R095,T19,DR0550,Cardiologist,5,1,17.7,45.0,4.0,7.02760241045818
R095,T19,DR0550,Cardiologist,6,9,45.5,45.0,4.0,7.02760241045818
R095,T19,DR0550,Cardiologist,7,5,26.8,45.0,4.0,7.02760241045818
R095,T19,DR0550,Cardiologist,8,3,23.3,45.0,4.0,7.02760241045818
R095,T19,DR0550,Cardiologist,9,5,60.8,45.0,4.0,7.02760241045818
R095,T19,DR0550,Cardiologist,10,5,42.6,45.0,4.0,7.02760241045818
R095,T19,DR0550,Cardiologist,11,4,21.8,45.0,4.0,7.02760241045818
R095,T19,DR0550,Cardiologist,12,4,28.3,45.0,4.0,7.02760241045818
R091,T19,DR0551,Endocrinologist,1,7,53.1,52.5,4.0,7.02760241045818
R091,T19,DR0551,Endocrinologist,2,3,32.4,52.5,4.0,7.02760241045818
R091,T19,DR0551,Endocrinologist,3,5,60.4,52.5,4.0,7.02760241045818
R091,T19,DR0551,Endocrinologist,4,6,38.5,52.5,4.0,7.02760241045818
R091,T19,DR0551,Endocrinologist,5,3,21.0,52.5,4.0,7.02760241045818
R091,T19,DR0551,Endocrinologist,6,11,46.8,52.5,4.0,7.02760241045818
R091,T19,DR0551,Endocrinologist,7,7,48.6,52.5,4.0,7.02760241045818
R091,T19,DR0551,Endocrinologist,8,8,37.4,52.5,4.0,7.02760241045818
R091,T19,DR0551,Endocrinologist,9,8,33.2,52.5,4.0,7.02760241045818
R091,T19,DR0551,Endocrinologist,10,4,23.0,52.5,4.0,7.02760241045818
R091,T19,DR0551,Endocrinologist,11,4,35.5,52.5,4.0,7.02760241045818
R091,T19,DR0551,Endocrinologist,12,2,28.2,52.5,4.0,7.02760241045818
R092,T19,DR0552,Neurologist,1,7,31.9,37.5,4.0,7.02760241045818
R092,T19,DR0552,Neurologist,2,2,14.6,37.5,4.0,7.02760241045818
R092,T19,DR0552,Neurologist,3,2,22.8,37.5,4.0,7.02760241045818
R092,T19,DR0552,Neurologist,4,3,19.8,37.5,4.0,7.02760241045818
R092,T19,DR0552,Neurologist,5,7,20.0,37.5,4.0,7.02760241045818
R092,T19,DR0552,Neurologist,6,3,23.3,37.5,4.0,7.02760241045818
R092,T19,DR0552,Neurologist,7,7,22.8,37.5,4.0,7.02760241045818
R092,T19,DR0552,Neurologist,8,3,25.7,37.5,4.0,7.02760241045818
R092,T19,DR0552,Neurologist,9,4,14.7,37.5,4.0,7.02760241045818
R092,T19,DR0552,Neurologist,10,6,52.7,37.5,4.0,7.02760241045818
R092,T19,DR0552,Neurologist,11,1,17.2,37.5,4.0,7.02760241045818
R092,T19,DR0552,Neurologist,12,4,16.3,37.5,4.0,7.02760241045818
R093,T19,DR0553,GP,1,2,15.8,25.0,4.0,7.02760241045818
R093,T19,DR0553,GP,2,3,16.4,25.0,4.0,7.02760241045818
R093,T19,DR0553,GP,3,2,16.5,25.0,4.0,7.02760241045818
R093,T19,DR0553,GP,4,1,14.4,25.0,4.0,7.02760241045818
R093,T19,DR0553,GP,5,1,13.9,25.0,4.0,7.02760241045818
R093,T19,DR0553,GP,6,1,15.7,25.0,4.0,7.02760241045818
R093,T19,DR0553,GP,7,2,19.1,25.0,4.0,7.02760241045818
R093,T19,DR0553,GP,8,2,15.4,25.0,4.0,7.02760241045818
R093,T19,DR0553,GP,9,4,26.4,25.0,4.0,7.02760241045818
R093,T19,DR0553,GP,10,5,19.2,25.0,4.0,7.02760241045818
R093,T19,DR0553,GP,11,1,10.5,25.0,4.0,7.02760241045818
R093,T19,DR0553,GP,12,2,12.6,25.0,4.0,7.02760241045818
R094,T19,DR0554,Cardiologist,1,6,36.3,45.0,4.0,7.02760241045818
R094,T19,DR0554,Cardiologist,2,7,26.4,45.0,4.0,7.02760241045818
R094,T19,DR0554,Cardiologist,3,7,37.2,45.0,4.0,7.02760241045818
R094,T19,DR0554,Cardiologist,4,8,30.5,45.0,4.0,7.02760241045818
R094,T19,DR0554,Cardiologist,5,4,30.3,45.0,4.0,7.02760241045818
R094,T19,DR0554,Cardiologist,6,3,20.3,45.0,4.0,7.02760241045818
R094,T19,DR0554,Cardiologist,7,8,29.6,45.0,4.0,7.02760241045818
R094,T19,DR0554,Cardiologist,8,7,39.5,45.0,4.0,7.02760241045818
R094,T19,DR0554,Cardiologist,9,2,12.4,45.0,4.0,7.02760241045818
R094,T19,DR0554,Cardiologist,10,5,37.6,45.0,4.0,7.02760241045818
R094,T19,DR0554,Cardiologist,11,6,26.5,45.0,4.0,7.02760241045818
R094,T19,DR0554,Cardiologist,12,2,17.5,45.0,4.0,7.02760241045818
R095,T19,DR0555,Endocrinologist,1,5,33.4,52.5,4.0,7.02760241045818
R095,T19,DR0555,Endocrinologist,2,2,19.5,52.5,4.0,7.02760241045818
R095,T19,DR0555,Endocrinologist,3,5,27.3,52.5,4.0,7.02760241045818
R095,T19,DR0555,Endocrinologist,4,5,19.2,52.5,4.0,7.02760241045818
R095,T19,DR0555,Endocrinologist,5,2,27.2,52.5,4.0,7.02760241045818
R095,T19,DR0555,Endocrinologist,6,5,32.8,52.5,4.0,7.02760241045818
R095,T19,DR0555,Endocrinologist,7,7,26.4,52.5,4.0,7.02760241045818
R095,T19,DR0555,Endocrinologist,8,4,23.5,52.5,4.0,7.02760241045818
R095,T19,DR0555,Endocrinologist,9,9,40.1,52.5,4.0,7.02760241045818
R095,T19,DR0555,Endocrinologist,10,7,28.7,52.5,4.0,7.02760241045818
R095,T19,DR0555,Endocrinologist,11,11,44.2,52.5,4.0,7.02760241045818
R095,T19,DR0555,Endocrinologist,12,10,43.7,52.5,4.0,7.02760241045818
R091,T19,DR0556,Neurologist,1,7,29.8,37.5,4.0,7.02760241045818
R091,T19,DR0556,Neurologist,2,3,16.8,37.5,4.0,7.02760241045818
R091,T19,DR0556,Neurologist,3,5,31.1,37.5,4.0,7.02760241045818
R091,T19,DR0556,Neurologist,4,2,19.6,37.5,4.0,7.02760241045818
R091,T19,DR0556,Neurologist,5,1,13.5,37.5,4.0,7.02760241045818
R091,T19,DR0556,Neurologist,6,5,22.6,37.5,4.0,7.02760241045818
R091,T19,DR0556,Neurologist,7,5,38.6,37.5,4.0,7.02760241045818
R091,T19,DR0556,Neurologist,8,1,13.1,37.5,4.0,7.02760241045818
R091,T19,DR0556,Neurologist,9,4,30.5,37.5,4.0,7.02760241045818
R091,T19,DR0556,Neurologist,10,6,33.8,37.5,4.0,7.02760241045818
R091,T19,DR0556,Neurologist,11,5,23.3,37.5,4.0,7.02760241045818
R091,T19,DR0556,Neurologist,12,6,20.7,37.5,4.0,7.02760241045818
R092,T19,DR0557,GP,1,5,24.0,25.0,4.0,7.02760241045818
R092,T19,DR0557,GP,2,6,24.7,25.0,4.0,7.02760241045818
R092,T19,DR0557,GP,3,6,18.2,25.0,4.0,7.02760241045818
R092,T19,DR0557,GP,4,6,34.3,25.0,4.0,7.02760241045818
R092,T19,DR0557,GP,5,2,18.9,25.0,4.0,7.02760241045818
R092,T19,DR0557,GP,6,2,20.6,25.0,4.0,7.02760241045818
R092,T19,DR0557,GP,7,2,11.6,25.0,4.0,7.02760241045818
R092,T19,DR0557,GP,8,5,29.2,25.0,4.0,7.02760241045818
R092,T19,DR0557,GP,9,2,13.4,25.0,4.0,7.02760241045818
R092,T19,DR0557,GP,10,5,15.6,25.0,4.0,7.02760241045818
R092,T19,DR0557,GP,11,5,20.0,25.0,4.0,7.02760241045818
R092,T19,DR0557,GP,12,3,14.5,25.0,4.0,7.02760241045818
R093,T19,DR0558,Cardiologist,1,3,27.4,45.0,4.0,7.02760241045818
R093,T19,DR0558,Cardiologist,2,5,33.5,45.0,4.0,7.02760241045818
R093,T19,DR0558,Cardiologist,3,7,40.3,45.0,4.0,7.02760241045818
R093,T19,DR0558,Cardiologist,4,3,26.9,45.0,4.0,7.02760241045818
R093,T19,DR0558,Cardiologist,5,3,30.5,45.0,4.0,7.02760241045818
R093,T19,DR0558,Cardiologist,6,9,36.7,45.0,4.0,7.02760241045818
R093,T19,DR0558,Cardiologist,7,9,39.0,45.0,4.0,7.02760241045818
R093,T19,DR0558,Cardiologist,8,1,17.7,45.0,4.0,7.02760241045818
R093,T19,DR0558,Cardiologist,9,3,30.5,45.0,4.0,7.02760241045818
R093,T19,DR0558,Cardiologist,10,7,42.6,45.0,4.0,7.02760241045818
R093,T19,DR0558,Cardiologist,11,6,39.8,45.0,4.0,7.02760241045818
R093,T19,DR0558,Cardiologist,12,4,20.3,45.0,4.0,7.02760241045818
R094,T19,DR0559,Endocrinologist,1,4,36.3,52.5,4.0,7.02760241045818
R094,T19,DR0559,Endocrinologist,2,10,37.6,52.5,4.0,7.02760241045818
R094,T19,DR0559,Endocrinologist,3,4,30.9,52.5,4.0,7.02760241045818
R094,T19,DR0559,Endocrinologist,4,3,25.1,52.5,4.0,7.02760241045818
R094,T19,DR0559,Endocrinologist,5,6,44.3,52.5,4.0,7.02760241045818
R094,T19,DR0559,Endocrinologist,6,11,37.8,52.5,4.0,7.02760241045818
R094,T19,DR0559,Endocrinologist,7,5,30.2,52.5,4.0,7.02760241045818
R094,T19,DR0559,Endocrinologist,8,2,22.5,52.5,4.0,7.02760241045818
R094,T19,DR0559,Endocrinologist,9,6,32.7,52.5,4.0,7.02760241045818
R094,T19,DR0559,Endocrinologist,10,8,55.4,52.5,4.0,7.02760241045818
R094,T19,DR0559,Endocrinologist,11,7,46.0,52.5,4.0,7.02760241045818
R094,T19,DR0559,Endocrinologist,12,7,34.4,52.5,4.0,7.02760241045818
R095,T19,DR0560,Neurologist,1,4,27.6,37.5,4.0,7.02760241045818
R095,T19,DR0560,Neurologist,2,4,31.0,37.5,4.0,7.02760241045818
R095,T19,DR0560,Neurologist,3,4,17.5,37.5,4.0,7.02760241045818
R095,T19,DR0560,Neurologist,4,3,28.5,37.5,4.0,7.02760241045818
R095,T19,DR0560,Neurologist,5,6,24.7,37.5,4.0,7.02760241045818
R095,T19,DR0560,Neurologist,6,3,29.6,37.5,4.0,7.02760241045818
R095,T19,DR0560,Neurologist,7,3,29.0,37.5,4.0,7.02760241045818
R095,T19,DR0560,Neurologist,8,2,18.2,37.5,4.0,7.02760241045818
R095,T19,DR0560,Neurologist,9,1,11.7,37.5,4.0,7.02760241045818
R095,T19,DR0560,Neurologist,10,4,18.3,37.5,4.0,7.02760241045818
R095,T19,DR0560,Neurologist,11,4,34.5,37.5,4.0,7.02760241045818
R095,T19,DR0560,Neurologist,12,5,22.5,37.5,4.0,7.02760241045818
R091,T19,DR0561,GP,1,1,12.6,25.0,4.0,7.02760241045818
R091,T19,DR0561,GP,2,2,18.8,25.0,4.0,7.02760241045818
R091,T19,DR0561,GP,3,4,22.9,25.0,4.0,7.02760241045818
R091,T19,DR0561,GP,4,5,23.5,25.0,4.0,7.02760241045818
R091,T19,DR0561,GP,5,5,18.0,25.0,4.0,7.02760241045818
R091,T19,DR0561,GP,6,8,31.0,25.0,4.0,7.02760241045818
R091,T19,DR0561,GP,7,3,21.7,25.0,4.0,7.02760241045818
R091,T19,DR0561,GP,8,4,20.3,25.0,4.0,7.02760241045818
R091,T19,DR0561,GP,9,3,13.2,25.0,4.0,7.02760241045818
R091,T19,DR0561,GP,10,3,17.5,25.0,4.0,7.02760241045818
R091,T19,DR0561,GP,11,3,12.5,25.0,4.0,7.02760241045818
R091,T19,DR0561,GP,12,1,11.7,25.0,4.0,7.02760241045818
R092,T19,DR0562,Cardiologist,1,6,25.2,45.0,4.0,7.02760241045818
R092,T19,DR0562,Cardiologist,2,7,31.3,45.0,4.0,7.02760241045818
R092,T19,DR0562,Cardiologist,3,5,33.1,45.0,4.0,7.02760241045818
R092,T19,DR0562,Cardiologist,4,6,29.6,45.0,4.0,7.02760241045818
R092,T19,DR0562,Cardiologist,5,2,29.5,45.0,4.0,7.02760241045818
R092,T19,DR0562,Cardiologist,6,2,27.8,45.0,4.0,7.02760241045818
R092,T19,DR0562,Cardiologist,7,4,34.8,45.0,4.0,7.02760241045818
R092,T19,DR0562,Cardiologist,8,2,25.2,45.0,4.0,7.02760241045818
R092,T19,DR0562,Cardiologist,9,2,20.2,45.0,4.0,7.02760241045818
R092,T19,DR0562,Cardiologist,10,6,38.9,45.0,4.0,7.02760241045818
R092,T19,DR0562,Cardiologist,11,4,27.8,45.0,4.0,7.02760241045818
R092,T19,DR0562,Cardiologist,12,3,25.0,45.0,4.0,7.02760241045818
R093,T19,DR0563,Endocrinologist,1,4,31.0,52.5,4.0,7.02760241045818
R093,T19,DR0563,Endocrinologist,2,4,37.4,52.5,4.0,7.02760241045818
R093,T19,DR0563,Endocrinologist,3,4,25.0,52.5,4.0,7.02760241045818
R093,T19,DR0563,Endocrinologist,4,5,35.4,52.5,4.0,7.02760241045818
R093,T19,DR0563,Endocrinologist,5,6,39.0,52.5,4.0,7.02760241045818
R093,T19,DR0563,Endocrinologist,6,8,46.6,52.5,4.0,7.02760241045818
R093,T19,DR0563,Endocrinologist,7,5,46.7,52.5,4.0,7.02760241045818
R093,T19,DR0563,Endocrinologist,8,5,27.5,52.5,4.0,7.02760241045818
R093,T19,DR0563,Endocrinologist,9,4,27.8,52.5,4.0,7.02760241045818
R093,T19,DR0563,Endocrinologist,10,4,45.7,52.5,4.0,7.02760241045818
R093,T19,DR0563,Endocrinologist,11,2,17.0,52.5,4.0,7.02760241045818
R093,T19,DR0563,Endocrinologist,12,5,48.2,52.5,4.0,7.02760241045818
R094,T19,DR0564,Neurologist,1,3,18.7,37.5,4.0,7.02760241045818
R094,T19,DR0564,Neurologist,2,4,14.0,37.5,4.0,7.02760241045818
R094,T19,DR0564,Neurologist,3,7,26.6,37.5,4.0,7.02760241045818
R094,T19,DR0564,Neurologist,4,5,30.1,37.5,4.0,7.02760241045818
R094,T19,DR0564,Neurologist,5,10,37.9,37.5,4.0,7.02760241045818
R094,T19,DR0564,Neurologist,6,3,31.3,37.5,4.0,7.02760241045818
R094,T19,DR0564,Neurologist,7,1,14.8,37.5,4.0,7.02760241045818
R094,T19,DR0564,Neurologist,8,8,34.3,37.5,4.0,7.02760241045818
R094,T19,DR0564,Neurologist,9,4,24.9,37.5,4.0,7.02760241045818
R094,T19,DR0564,Neurologist,10,1,13.8,37.5,4.0,7.02760241045818
R094,T19,DR0564,Neurologist,11,7,36.6,37.5,4.0,7.02760241045818
R094,T19,DR0564,Neurologist,12,5,18.3,37.5,4.0,7.02760241045818
R095,T19,DR0565,GP,1,4,22.7,25.0,4.0,7.02760241045818
R095,T19,DR0565,GP,2,4,25.8,25.0,4.0,7.02760241045818
R095,T19,DR0565,GP,3,5,18.2,25.0,4.0,7.02760241045818
R095,T19,DR0565,GP,4,3,27.9,25.0,4.0,7.02760241045818
R095,T19,DR0565,GP,5,2,11.9,25.0,4.0,7.02760241045818
R095,T19,DR0565,GP,6,3,16.7,25.0,4.0,7.02760241045818
R095,T19,DR0565,GP,7,2,15.6,25.0,4.0,7.02760241045818
R095,T19,DR0565,GP,8,3,20.5,25.0,4.0,7.02760241045818
R095,T19,DR0565,GP,9,2,16.6,25.0,4.0,7.02760241045818
R095,T19,DR0565,GP,10,5,24.4,25.0,4.0,7.02760241045818
R095,T19,DR0565,GP,11,1,8.4,25.0,4.0,7.02760241045818
R095,T19,DR0565,GP,12,2,15.2,25.0,4.0,7.02760241045818
R091,T19,DR0566,Cardiologist,1,8,44.4,45.0,4.0,7.02760241045818
R091,T19,DR0566,Cardiologist,2,4,24.8,45.0,4.0,7.02760241045818
R091,T19,DR0566,Cardiologist,3,5,29.3,45.0,4.0,7.02760241045818
R091,T19,DR0566,Cardiologist,4,6,55.7,45.0,4.0,7.02760241045818
R091,T19,DR0566,Cardiologist,5,6,38.8,45.0,4.0,7.02760241045818
R091,T19,DR0566,Cardiologist,6,3,28.2,45.0,4.0,7.02760241045818
R091,T19,DR0566,Cardiologist,7,6,27.8,45.0,4.0,7.02760241045818
R091,T19,DR0566,Cardiologist,8,4,38.0,45.0,4.0,7.02760241045818
R091,T19,DR0566,Cardiologist,9,4,24.4,45.0,4.0,7.02760241045818
R091,T19,DR0566,Cardiologist,10,1,15.0,45.0,4.0,7.02760241045818
R091,T19,DR0566,Cardiologist,11,2,20.9,45.0,4.0,7.02760241045818
R091,T19,DR0566,Cardiologist,12,9,35.0,45.0,4.0,7.02760241045818
R092,T19,DR0567,Endocrinologist,1,9,38.8,52.5,4.0,7.02760241045818
R092,T19,DR0567,Endocrinologist,2,3,36.3,52.5,4.0,7.02760241045818
R092,T19,DR0567,Endocrinologist,3,7,67.4,52.5,4.0,7.02760241045818
R092,T19,DR0567,Endocrinologist,4,4,30.3,52.5,4.0,7.02760241045818
R092,T19,DR0567,Endocrinologist,5,2,38.2,52.5,4.0,7.02760241045818
R092,T19,DR0567,Endocrinologist,6,4,52.0,52.5,4.0,7.02760241045818
R092,T19,DR0567,Endocrinologist,7,5,48.8,52.5,4.0,7.02760241045818
R092,T19,DR0567,Endocrinologist,8,4,17.2,52.5,4.0,7.02760241045818
R092,T19,DR0567,Endocrinologist,9,4,43.7,52.5,4.0,7.02760241045818
R092,T19,DR0567,Endocrinologist,10,6,34.7,52.5,4.0,7.02760241045818
R092,T19,DR0567,Endocrinologist,11,4,32.9,52.5,4.0,7.02760241045818
R092,T19,DR0567,Endocrinologist,12,6,43.6,52.5,4.0,7.02760241045818
R093,T19,DR0568,Neurologist,1,5,30.1,37.5,4.0,7.02760241045818
R093,T19,DR0568,Neurologist,2,4,31.2,37.5,4.0,7.02760241045818
R093,T19,DR0568,Neurologist,3,6,28.4,37.5,4.0,7.02760241045818
R093,T19,DR0568,Neurologist,4,3,22.3,37.5,4.0,7.02760241045818
R093,T19,DR0568,Neurologist,5,2,17.7,37.5,4.0,7.02760241045818
R093,T19,DR0568,Neurologist,6,2,19.7,37.5,4.0,7.02760241045818
R093,T19,DR0568,Neurologist,7,9,39.9,37.5,4.0,7.02760241045818
R093,T19,DR0568,Neurologist,8,3,22.7,37.5,4.0,7.02760241045818
R093,T19,DR0568,Neurologist,9,6,31.7,37.5,4.0,7.02760241045818
R093,T19,DR0568,Neurologist,10,5,35.9,37.5,4.0,7.02760241045818
R093,T19,DR0568,Neurologist,11,7,34.7,37.5,4.0,7.02760241045818
R093,T19,DR0568,Neurologist,12,6,25.8,37.5,4.0,7.02760241045818
R094,T19,DR0569,GP,1,3,23.5,25.0,4.0,7.02760241045818
R094,T19,DR0569,GP,2,3,16.8,25.0,4.0,7.02760241045818
R094,T19,DR0569,GP,3,1,14.3,25.0,4.0,7.02760241045818
R094,T19,DR0569,GP,4,1,9.5,25.0,4.0,7.02760241045818
R094,T19,DR0569,GP,5,5,24.0,25.0,4.0,7.02760241045818
R094,T19,DR0569,GP,6,4,12.7,25.0,4.0,7.02760241045818
R094,T19,DR0569,GP,7,1,14.5,25.0,4.0,7.02760241045818
R094,T19,DR0569,GP,8,2,15.9,25.0,4.0,7.02760241045818
R094,T19,DR0569,GP,9,8,18.1,25.0,4.0,7.02760241045818
R094,T19,DR0569,GP,10,2,12.7,25.0,4.0,7.02760241045818
R094,T19,DR0569,GP,11,1,7.4,25.0,4.0,7.02760241045818
R094,T19,DR0569,GP,12,2,28.8,25.0,4.0,7.02760241045818
R095,T19,DR0570,Cardiologist,1,5,37.0,45.0,4.0,7.02760241045818
R095,T19,DR0570,Cardiologist,2,1,19.3,45.0,4.0,7.02760241045818
R095,T19,DR0570,Cardiologist,3,4,14.7,45.0,4.0,7.02760241045818
R095,T19,DR0570,Cardiologist,4,5,34.2,45.0,4.0,7.02760241045818
R095,T19,DR0570,Cardiologist,5,6,32.0,45.0,4.0,7.02760241045818
R095,T19,DR0570,Cardiologist,6,1,10.2,45.0,4.0,7.02760241045818
R095,T19,DR0570,Cardiologist,7,2,24.5,45.0,4.0,7.02760241045818
R095,T19,DR0570,Cardiologist,8,6,20.2,45.0,4.0,7.02760241045818
R095,T19,DR0570,Cardiologist,9,6,46.0,45.0,4.0,7.02760241045818
R095,T19,DR0570,Cardiologist,10,6,30.5,45.0,4.0,7.02760241045818
R095,T19,DR0570,Cardiologist,11,3,25.0,45.0,4.0,7.02760241045818
R095,T19,DR0570,Cardiologist,12,6,34.7,45.0,4.0,7.02760241045818
R096,T20,DR0571,GP,1,3,10.5,25.0,4.0,-0.39940728789002317
R096,T20,DR0571,GP,2,4,11.6,25.0,4.0,-0.39940728789002317
R096,T20,DR0571,GP,3,5,18.0,25.0,4.0,-0.39940728789002317
R096,T20,DR0571,GP,4,3,11.4,25.0,4.0,-0.39940728789002317
R096,T20,DR0571,GP,5,4,10.3,25.0,4.0,-0.39940728789002317
R096,T20,DR0571,GP,6,2,11.2,25.0,4.0,-0.39940728789002317
R096,T20,DR0571,GP,7,4,7.4,25.0,4.0,-0.39940728789002317
R096,T20,DR0571,GP,8,2,7.1,25.0,4.0,-0.39940728789002317
R096,T20,DR0571,GP,9,1,3.9,25.0,4.0,-0.39940728789002317
R096,T20,DR0571,GP,10,3,6.7,25.0,4.0,-0.39940728789002317
R096,T20,DR0571,GP,11,4,19.3,25.0,4.0,-0.39940728789002317
R096,T20,DR0571,GP,12,1,4.7,25.0,4.0,-0.39940728789002317
R097,T20,DR0572,Cardiologist,1,12,25.6,45.0,4.0,-0.39940728789002317
R097,T20,DR0572,Cardiologist,2,8,40.2,45.0,4.0,-0.39940728789002317
R097,T20,DR0572,Cardiologist,3,3,13.7,45.0,4.0,-0.39940728789002317
R097,T20,DR0572,Cardiologist,4,2,15.0,45.0,4.0,-0.39940728789002317
R097,T20,DR0572,Cardiologist,5,7,40.5,45.0,4.0,-0.39940728789002317
R097,T20,DR0572,Cardiologist,6,5,38.6,45.0,4.0,-0.39940728789002317
R097,T20,DR0572,Cardiologist,7,4,22.8,45.0,4.0,-0.39940728789002317
R097,T20,DR0572,Cardiologist,8,4,17.1,45.0,4.0,-0.39940728789002317
R097,T20,DR0572,Cardiologist,9,4,28.3,45.0,4.0,-0.39940728789002317
R097,T20,DR0572,Cardiologist,10,6,27.5,45.0,4.0,-0.39940728789002317
R097,T20,DR0572,Cardiologist,11,6,26.3,45.0,4.0,-0.39940728789002317
R097,T20,DR0572,Cardiologist,12,4,22.4,45.0,4.0,-0.39940728789002317
R098,T20,DR0573,Endocrinologist,1,7,42.9,52.5,4.0,-0.39940728789002317
R098,T20,DR0573,Endocrinologist,2,9,39.3,52.5,4.0,-0.39940728789002317
R098,T20,DR0573,Endocrinologist,3,6,41.6,52.5,4.0,-0.39940728789002317
R098,T20,DR0573,Endocrinologist,4,5,34.0,52.5,4.0,-0.39940728789002317
R098,T20,DR0573,Endocrinologist,5,6,33.0,52.5,4.0,-0.39940728789002317
R098,T20,DR0573,Endocrinologist,6,5,17.5,52.5,4.0,-0.39940728789002317
R098,T20,DR0573,Endocrinologist,7,5,42.1,52.5,4.0,-0.39940728789002317
R098,T20,DR0573,Endocrinologist,8,4,19.0,52.5,4.0,-0.39940728789002317
R098,T20,DR0573,Endocrinologist,9,4,34.3,52.5,4.0,-0.39940728789002317
R098,T20,DR0573,Endocrinologist,10,2,14.8,52.5,4.0,-0.39940728789002317
R098,T20,DR0573,Endocrinologist,11,5,33.0,52.5,4.0,-0.39940728789002317
R098,T20,DR0573,Endocrinologist,12,2,18.6,52.5,4.0,-0.39940728789002317
R099,T20,DR0574,Neurologist,1,7,16.8,37.5,4.0,-0.39940728789002317
R099,T20,DR0574,Neurologist,2,6,25.9,37.5,4.0,-0.39940728789002317
R099,T20,DR0574,Neurologist,3,3,15.9,37.5,4.0,-0.39940728789002317
R099,T20,DR0574,Neurologist,4,8,26.8,37.5,4.0,-0.39940728789002317
R099,T20,DR0574,Neurologist,5,3,10.7,37.5,4.0,-0.39940728789002317
R099,T20,DR0574,Neurologist,6,8,19.3,37.5,4.0,-0.39940728789002317
R099,T20,DR0574,Neurologist,7,2,8.7,37.5,4.0,-0.39940728789002317
R099,T20,DR0574,Neurologist,8,3,21.9,37.5,4.0,-0.39940728789002317
R099,T20,DR0574,Neurologist,9,4,14.3,37.5,4.0,-0.39940728789002317
R099,T20,DR0574,Neurologist,10,2,12.3,37.5,4.0,-0.39940728789002317
R099,T20,DR0574,Neurologist,11,4,19.8,37.5,4.0,-0.39940728789002317
R099,T20,DR0574,Neurologist,12,6,24.5,37.5,4.0,-0.39940728789002317
R100,T20,DR0575,GP,1,1,4.3,25.0,4.0,-0.39940728789002317
R100,T20,DR0575,GP,2,4,11.7,25.0,4.0,-0.39940728789002317
R100,T20,DR0575,GP,3,3,12.5,25.0,4.0,-0.39940728789002317
R100,T20,DR0575,GP,4,4,10.2,25.0,4.0,-0.39940728789002317
R100,T20,DR0575,GP,5,3,10.0,25.0,4.0,-0.39940728789002317
R100,T20,DR0575,GP,6,4,15.9,25.0,4.0,-0.39940728789002317
R100,T20,DR0575,GP,7,4,11.5,25.0,4.0,-0.39940728789002317
R100,T20,DR0575,GP,8,1,5.0,25.0,4.0,-0.39940728789002317
R100,T20,DR0575,GP,9,3,12.2,25.0,4.0,-0.39940728789002317
R100,T20,DR0575,GP,10,3,7.1,25.0,4.0,-0.39940728789002317
R100,T20,DR0575,GP,11,1,4.5,25.0,4.0,-0.39940728789002317
R100,T20,DR0575,GP,12,5,12.9,25.0,4.0,-0.39940728789002317
R096,T20,DR0576,Cardiologist,1,5,19.7,45.0,4.0,-0.39940728789002317
R096,T20,DR0576,Cardiologist,2,5,32.8,45.0,4.0,-0.39940728789002317
R096,T20,DR0576,Cardiologist,3,4,22.9,45.0,4.0,-0.39940728789002317
R096,T20,DR0576,Cardiologist,4,5,24.4,45.0,4.0,-0.39940728789002317
R096,T20,DR0576,Cardiologist,5,4,22.9,45.0,4.0,-0.39940728789002317
R096,T20,DR0576,Cardiologist,6,3,20.6,45.0,4.0,-0.39940728789002317
R096,T20,DR0576,Cardiologist,7,3,13.3,45.0,4.0,-0.39940728789002317
R096,T20,DR0576,Cardiologist,8,4,22.7,45.0,4.0,-0.39940728789002317
R096,T20,DR0576,Cardiologist,9,5,14.7,45.0,4.0,-0.39940728789002317
R096,T20,DR0576,Cardiologist,10,7,35.1,45.0,4.0,-0.39940728789002317
R096,T20,DR0576,Cardiologist,11,5,25.2,45.0,4.0,-0.39940728789002317
R096,T20,DR0576,Cardiologist,12,7,35.9,45.0,4.0,-0.39940728789002317
R097,T20,DR0577,Endocrinologist,1,6,39.3,52.5,4.0,-0.39940728789002317
R097,T20,DR0577,Endocrinologist,2,4,21.4,52.5,4.0,-0.39940728789002317
R097,T20,DR0577,Endocrinologist,3,9,39.5,52.5,4.0,-0.39940728789002317
R097,T20,DR0577,Endocrinologist,4,7,45.6,52.5,4.0,-0.39940728789002317
R097,T20,DR0577,Endocrinologist,5,4,20.4,52.5,4.0,-0.39940728789002317
R097,T20,DR0577,Endocrinologist,6,7,28.6,52.5,4.0,-0.39940728789002317
R097,T20,DR0577,Endocrinologist,7,6,33.7,52.5,4.0,-0.39940728789002317
R097,T20,DR0577,Endocrinologist,8,6,24.0,52.5,4.0,-0.39940728789002317
R097,T20,DR0577,Endocrinologist,9,3,25.7,52.5,4.0,-0.39940728789002317
R097,T20,DR0577,Endocrinologist,10,8,31.4,52.5,4.0,-0.39940728789002317
R097,T20,DR0577,Endocrinologist,11,7,31.2,52.5,4.0,-0.39940728789002317
R097,T20,DR0577,Endocrinologist,12,3,28.8,52.5,4.0,-0.39940728789002317
R098,T20,DR0578,Neurologist,1,4,15.1,37.5,4.0,-0.39940728789002317
R098,T20,DR0578,Neurologist,2,2,8.6,37.5,4.0,-0.39940728789002317
R098,T20,DR0578,Neurologist,3,7,27.0,37.5,4.0,-0.39940728789002317
R098,T20,DR0578,Neurologist,4,6,27.8,37.5,4.0,-0.39940728789002317
R098,T20,DR0578,Neurologist,5,7,19.1,37.5,4.0,-0.39940728789002317
R098,T20,DR0578,Neurologist,6,3,18.2,37.5,4.0,-0.39940728789002317
R098,T20,DR0578,Neurologist,7,1,9.0,37.5,4.0,-0.39940728789002317
R098,T20,DR0578,Neurologist,8,4,22.5,37.5,4.0,-0.39940728789002317
R098,T20,DR0578,Neurologist,9,4,19.4,37.5,4.0,-0.39940728789002317
R098,T20,DR0578,Neurologist,10,9,38.9,37.5,4.0,-0.39940728789002317
R098,T20,DR0578,Neurologist,11,3,12.2,37.5,4.0,-0.39940728789002317
R098,T20,DR0578,Neurologist,12,4,18.0,37.5,4.0,-0.39940728789002317
R099,T20,DR0579,GP,1,2,8.1,25.0,4.0,-0.39940728789002317
R099,T20,DR0579,GP,2,1,6.2,25.0,4.0,-0.39940728789002317
R099,T20,DR0579,GP,3,2,12.0,25.0,4.0,-0.39940728789002317
R099,T20,DR0579,GP,4,2,6.9,25.0,4.0,-0.39940728789002317
R099,T20,DR0579,GP,5,6,9.2,25.0,4.0,-0.39940728789002317
R099,T20,DR0579,GP,6,4,11.8,25.0,4.0,-0.39940728789002317
R099,T20,DR0579,GP,7,6,12.4,25.0,4.0,-0.39940728789002317
R099,T20,DR0579,GP,8,2,8.9,25.0,4.0,-0.39940728789002317
R099,T20,DR0579,GP,9,2,6.1,25.0,4.0,-0.39940728789002317
R099,T20,DR0579,GP,10,3,9.7,25.0,4.0,-0.39940728789002317
R099,T20,DR0579,GP,11,1,6.6,25.0,4.0,-0.39940728789002317
R099,T20,DR0579,GP,12,4,10.6,25.0,4.0,-0.39940728789002317
R100,T20,DR0580,Cardiologist,1,6,27.8,45.0,4.0,-0.39940728789002317
R100,T20,DR0580,Cardiologist,2,2,13.6,45.0,4.0,-0.39940728789002317
R100,T20,DR0580,Cardiologist,3,2,22.9,45.0,4.0,-0.39940728789002317
R100,T20,DR0580,Cardiologist,4,4,14.7,45.0,4.0,-0.39940728789002317
R100,T20,DR0580,Cardiologist,5,5,27.5,45.0,4.0,-0.39940728789002317
R100,T20,DR0580,Cardiologist,6,4,18.2,45.0,4.0,-0.39940728789002317
R100,T20,DR0580,Cardiologist,7,2,11.5,45.0,4.0,-0.39940728789002317
R100,T20,DR0580,Cardiologist,8,4,32.2,45.0,4.0,-0.39940728789002317
R100,T20,DR0580,Cardiologist,9,4,19.1,45.0,4.0,-0.39940728789002317
R100,T20,DR0580,Cardiologist,10,5,21.7,45.0,4.0,-0.39940728789002317
R100,T20,DR0580,Cardiologist,11,5,27.5,45.0,4.0,-0.39940728789002317
R100,T20,DR0580,Cardiologist,12,9,36.5,45.0,4.0,-0.39940728789002317
R096,T20,DR0581,Endocrinologist,1,7,30.5,52.5,4.0,-0.39940728789002317
R096,T20,DR0581,Endocrinologist,2,6,32.9,52.5,4.0,-0.39940728789002317
R096,T20,DR0581,Endocrinologist,3,4,20.8,52.5,4.0,-0.39940728789002317
R096,T20,DR0581,Endocrinologist,4,8,24.5,52.5,4.0,-0.39940728789002317
R096,T20,DR0581,Endocrinologist,5,3,23.5,52.5,4.0,-0.39940728789002317
R096,T20,DR0581,Endocrinologist,6,5,45.3,52.5,4.0,-0.39940728789002317
R096,T20,DR0581,Endocrinologist,7,4,30.9,52.5,4.0,-0.39940728789002317
R096,T20,DR0581,Endocrinologist,8,7,32.8,52.5,4.0,-0.39940728789002317
R096,T20,DR0581,Endocrinologist,9,8,23.6,52.5,4.0,-0.39940728789002317
R096,T20,DR0581,Endocrinologist,10,5,27.1,52.5,4.0,-0.39940728789002317
R096,T20,DR0581,Endocrinologist,11,6,42.3,52.5,4.0,-0.39940728789002317
R096,T20,DR0581,Endocrinologist,12,5,34.2,52.5,4.0,-0.39940728789002317
R097,T20,DR0582,Neurologist,1,2,8.7,37.5,4.0,-0.39940728789002317
R097,T20,DR0582,Neurologist,2,7,18.6,37.5,4.0,-0.39940728789002317
R097,T20,DR0582,Neurologist,3,5,20.4,37.5,4.0,-0.39940728789002317
R097,T20,DR0582,Neurologist,4,6,26.6,37.5,4.0,-0.39940728789002317
R097,T20,DR0582,Neurologist,5,6,17.4,37.5,4.0,-0.39940728789002317
R097,T20,DR0582,Neurologist,6,3,15.2,37.5,4.0,-0.39940728789002317
R097,T20,DR0582,Neurologist,7,8,44.4,37.5,4.0,-0.39940728789002317
R097,T20,DR0582,Neurologist,8,3,16.1,37.5,4.0,-0.39940728789002317
R097,T20,DR0582,Neurologist,9,5,19.5,37.5,4.0,-0.39940728789002317
R097,T20,DR0582,Neurologist,10,4,22.4,37.5,4.0,-0.39940728789002317
R097,T20,DR0582,Neurologist,11,6,35.5,37.5,4.0,-0.39940728789002317
R097,T20,DR0582,Neurologist,12,6,27.3,37.5,4.0,-0.39940728789002317
R098,T20,DR0583,GP,1,1,7.0,25.0,4.0,-0.39940728789002317
R098,T20,DR0583,GP,2,5,9.9,25.0,4.0,-0.39940728789002317
R098,T20,DR0583,GP,3,2,9.7,25.0,4.0,-0.39940728789002317
R098,T20,DR0583,GP,4,3,10.9,25.0,4.0,-0.39940728789002317
R098,T20,DR0583,GP,5,2,11.7,25.0,4.0,-0.39940728789002317
R098,T20,DR0583,GP,6,3,8.3,25.0,4.0,-0.39940728789002317
R098,T20,DR0583,GP,7,3,9.5,25.0,4.0,-0.39940728789002317
R098,T20,DR0583,GP,8,2,7.1,25.0,4.0,-0.39940728789002317
R098,T20,DR0583,GP,9,2,9.7,25.0,4.0,-0.39940728789002317
R098,T20,DR0583,GP,10,2,5.7,25.0,4.0,-0.39940728789002317
R098,T20,DR0583,GP,11,3,8.5,25.0,4.0,-0.39940728789002317
R098,T20,DR0583,GP,12,5,16.5,25.0,4.0,-0.39940728789002317
R099,T20,DR0584,Cardiologist,1,5,28.7,45.0,4.0,-0.39940728789002317
R099,T20,DR0584,Cardiologist,2,9,17.1,45.0,4.0,-0.39940728789002317
R099,T20,DR0584,Cardiologist,3,2,13.6,45.0,4.0,-0.39940728789002317
R099,T20,DR0584,Cardiologist,4,6,26.9,45.0,4.0,-0.39940728789002317
R099,T20,DR0584,Cardiologist,5,10,30.7,45.0,4.0,-0.39940728789002317
R099,T20,DR0584,Cardiologist,6,5,27.5,45.0,4.0,-0.39940728789002317
R099,T20,DR0584,Cardiologist,7,3,20.0,45.0,4.0,-0.39940728789002317
R099,T20,DR0584,Cardiologist,8,3,12.8,45.0,4.0,-0.39940728789002317
R099,T20,DR0584,Cardiologist,9,6,25.4,45.0,4.0,-0.39940728789002317
R099,T20,DR0584,Cardiologist,10,5,19.5,45.0,4.0,-0.39940728789002317
R099,T20,DR0584,Cardiologist,11,7,28.9,45.0,4.0,-0.39940728789002317
R099,T20,DR0584,Cardiologist,12,6,38.9,45.0,4.0,-0.39940728789002317
R100,T20,DR0585,Endocrinologist,1,3,27.4,52.5,4.0,-0.39940728789002317
R100,T20,DR0585,Endocrinologist,2,5,21.3,52.5,4.0,-0.39940728789002317
R100,T20,DR0585,Endocrinologist,3,10,29.8,52.5,4.0,-0.39940728789002317
R100,T20,DR0585,Endocrinologist,4,7,52.3,52.5,4.0,-0.39940728789002317
R100,T20,DR0585,Endocrinologist,5,5,25.7,52.5,4.0,-0.39940728789002317
R100,T20,DR0585,Endocrinologist,6,4,28.9,52.5,4.0,-0.39940728789002317
R100,T20,DR0585,Endocrinologist,7,8,48.2,52.5,4.0,-0.39940728789002317
R100,T20,DR0585,Endocrinologist,8,8,36.2,52.5,4.0,-0.39940728789002317
R100,T20,DR0585,Endocrinologist,9,6,34.0,52.5,4.0,-0.39940728789002317
R100,T20,DR0585,Endocrinologist,10,3,17.8,52.5,4.0,-0.39940728789002317
R100,T20,DR0585,Endocrinologist,11,6,33.9,52.5,4.0,-0.39940728789002317
R100,T20,DR0585,Endocrinologist,12,8,27.3,52.5,4.0,-0.39940728789002317
R096,T20,DR0586,Neurologist,1,4,16.9,37.5,4.0,-0.39940728789002317
R096,T20,DR0586,Neurologist,2,9,19.8,37.5,4.0,-0.39940728789002317
R096,T20,DR0586,Neurologist,3,4,15.3,37.5,4.0,-0.39940728789002317
R096,T20,DR0586,Neurologist,4,4,24.0,37.5,4.0,-0.39940728789002317
R096,T20,DR0586,Neurologist,5,5,17.9,37.5,4.0,-0.39940728789002317
R096,T20,DR0586,Neurologist,6,6,22.0,37.5,4.0,-0.39940728789002317
R096,T20,DR0586,Neurologist,7,2,10.9,37.5,4.0,-0.39940728789002317
R096,T20,DR0586,Neurologist,8,6,22.3,37.5,4.0,-0.39940728789002317
R096,T20,DR0586,Neurologist,9,4,24.0,37.5,4.0,-0.39940728789002317
R096,T20,DR0586,Neurologist,10,3,16.5,37.5,4.0,-0.39940728789002317
R096,T20,DR0586,Neurologist,11,5,15.8,37.5,4.0,-0.39940728789002317
R096,T20,DR0586,Neurologist,12,4,12.4,37.5,4.0,-0.39940728789002317
R097,T20,DR0587,GP,1,1,5.0,25.0,4.0,-0.39940728789002317
R097,T20,DR0587,GP,2,4,10.3,25.0,4.0,-0.39940728789002317
R097,T20,DR0587,GP,3,3,6.4,25.0,4.0,-0.39940728789002317
R097,T20,DR0587,GP,4,5,14.3,25.0,4.0,-0.39940728789002317
R097,T20,DR0587,GP,5,1,6.6,25.0,4.0,-0.39940728789002317
R097,T20,DR0587,GP,6,4,9.8,25.0,4.0,-0.39940728789002317
R097,T20,DR0587,GP,7,3,13.0,25.0,4.0,-0.39940728789002317
R097,T20,DR0587,GP,8,2,7.5,25.0,4.0,-0.39940728789002317
R097,T20,DR0587,GP,9,3,11.3,25.0,4.0,-0.39940728789002317
R097,T20,DR0587,GP,10,5,9.4,25.0,4.0,-0.39940728789002317
R097,T20,DR0587,GP,11,3,17.4,25.0,4.0,-0.39940728789002317
R097,T20,DR0587,GP,12,3,10.8,25.0,4.0,-0.39940728789002317
R098,T20,DR0588,Cardiologist,1,1,9.0,45.0,4.0,-0.39940728789002317
R098,T20,DR0588,Cardiologist,2,4,15.9,45.0,4.0,-0.39940728789002317
R098,T20,DR0588,Cardiologist,3,6,28.2,45.0,4.0,-0.39940728789002317
R098,T20,DR0588,Cardiologist,4,8,24.1,45.0,4.0,-0.39940728789002317
R098,T20,DR0588,Cardiologist,5,5,24.3,45.0,4.0,-0.39940728789002317
R098,T20,DR0588,Cardiologist,6,4,15.0,45.0,4.0,-0.39940728789002317
R098,T20,DR0588,Cardiologist,7,1,11.1,45.0,4.0,-0.39940728789002317
R098,T20,DR0588,Cardiologist,8,5,27.5,45.0,4.0,-0.39940728789002317
R098,T20,DR0588,Cardiologist,9,7,29.6,45.0,4.0,-0.39940728789002317
R098,T20,DR0588,Cardiologist,10,5,23.4,45.0,4.0,-0.39940728789002317
R098,T20,DR0588,Cardiologist,11,4,23.2,45.0,4.0,-0.39940728789002317
R098,T20,DR0588,Cardiologist,12,3,18.6,45.0,4.0,-0.39940728789002317
R099,T20,DR0589,Endocrinologist,1,7,23.0,52.5,4.0,-0.39940728789002317
R099,T20,DR0589,Endocrinologist,2,9,27.8,52.5,4.0,-0.39940728789002317
R099,T20,DR0589,Endocrinologist,3,5,29.5,52.5,4.0,-0.39940728789002317
R099,T20,DR0589,Endocrinologist,4,6,27.1,52.5,4.0,-0.39940728789002317
R099,T20,DR0589,Endocrinologist,5,7,30.2,52.5,4.0,-0.39940728789002317
R099,T20,DR0589,Endocrinologist,6,5,26.0,52.5,4.0,-0.39940728789002317
R099,T20,DR0589,Endocrinologist,7,5,27.3,52.5,4.0,-0.39940728789002317
R099,T20,DR0589,Endocrinologist,8,6,40.4,52.5,4.0,-0.39940728789002317
R099,T20,DR0589,Endocrinologist,9,7,31.1,52.5,4.0,-0.39940728789002317
R099,T20,DR0589,Endocrinologist,10,6,33.1,52.5,4.0,-0.39940728789002317
R099,T20,DR0589,Endocrinologist,11,1,12.7,52.5,4.0,-0.39940728789002317
R099,T20,DR0589,Endocrinologist,12,7,49.2,52.5,4.0,-0.39940728789002317
R100,T20,DR0590,Neurologist,1,3,16.1,37.5,4.0,-0.39940728789002317
R100,T20,DR0590,Neurologist,2,3,14.2,37.5,4.0,-0.39940728789002317
R100,T20,DR0590,Neurologist,3,2,11.7,37.5,4.0,-0.39940728789002317
R100,T20,DR0590,Neurologist,4,7,26.6,37.5,4.0,-0.39940728789002317
R100,T20,DR0590,Neurologist,5,7,22.6,37.5,4.0,-0.39940728789002317
R100,T20,DR0590,Neurologist,6,2,8.8,37.5,4.0,-0.39940728789002317
R100,T20,DR0590,Neurologist,7,5,17.8,37.5,4.0,-0.39940728789002317
R100,T20,DR0590,Neurologist,8,1,8.0,37.5,4.0,-0.39940728789002317
R100,T20,DR0590,Neurologist,9,3,15.6,37.5,4.0,-0.39940728789002317
R100,T20,DR0590,Neurologist,10,1,6.0,37.5,4.0,-0.39940728789002317
R100,T20,DR0590,Neurologist,11,4,27.7,37.5,4.0,-0.39940728789002317
R100,T20,DR0590,Neurologist,12,3,18.4,37.5,4.0,-0.39940728789002317
R096,T20,DR0591,GP,1,2,8.9,25.0,4.0,-0.39940728789002317
R096,T20,DR0591,GP,2,4,11.7,25.0,4.0,-0.39940728789002317
R096,T20,DR0591,GP,3,3,8.3,25.0,4.0,-0.39940728789002317
R096,T20,DR0591,GP,4,3,13.1,25.0,4.0,-0.39940728789002317
R096,T20,DR0591,GP,5,2,7.1,25.0,4.0,-0.39940728789002317
R096,T20,DR0591,GP,6,2,6.0,25.0,4.0,-0.39940728789002317
R096,T20,DR0591,GP,7,2,6.0,25.0,4.0,-0.39940728789002317
R096,T20,DR0591,GP,8,6,10.6,25.0,4.0,-0.39940728789002317
R096,T20,DR0591,GP,9,6,14.1,25.0,4.0,-0.39940728789002317
R096,T20,DR0591,GP,10,3,9.8,25.0,4.0,-0.39940728789002317
R096,T20,DR0591,GP,11,1,3.9,25.0,4.0,-0.39940728789002317
R096,T20,DR0591,GP,12,4,15.9,25.0,4.0,-0.39940728789002317
R097,T20,DR0592,Cardiologist,1,3,20.9,45.0,4.0,-0.39940728789002317
R097,T20,DR0592,Cardiologist,2,1,9.3,45.0,4.0,-0.39940728789002317
R097,T20,DR0592,Cardiologist,3,7,30.6,45.0,4.0,-0.39940728789002317
R097,T20,DR0592,Cardiologist,4,3,17.5,45.0,4.0,-0.39940728789002317
R097,T20,DR0592,Cardiologist,5,10,40.2,45.0,4.0,-0.39940728789002317
R097,T20,DR0592,Cardiologist,6,1,6.2,45.0,4.0,-0.39940728789002317
R097,T20,DR0592,Cardiologist,7,4,22.7,45.0,4.0,-0.39940728789002317
R097,T20,DR0592,Cardiologist,8,6,17.5,45.0,4.0,-0.39940728789002317
R097,T20,DR0592,Cardiologist,9,3,9.7,45.0,4.0,-0.39940728789002317
R097,T20,DR0592,Cardiologist,10,5,28.2,45.0,4.0,-0.39940728789002317
R097,T20,DR0592,Cardiologist,11,6,30.3,45.0,4.0,-0.39940728789002317
R097,T20,DR0592,Cardiologist,12,6,24.8,45.0,4.0,-0.39940728789002317
R098,T20,DR0593,Endocrinologist,1,5,30.4,52.5,4.0,-0.39940728789002317
R098,T20,DR0593,Endocrinologist,2,4,26.2,52.5,4.0,-0.39940728789002317
R098,T20,DR0593,Endocrinologist,3,2,14.7,52.5,4.0,-0.39940728789002317
R098,T20,DR0593,Endocrinologist,4,5,26.7,52.5,4.0,-0.39940728789002317
R098,T20,DR0593,Endocrinologist,5,2,19.8,52.5,4.0,-0.39940728789002317
R098,T20,DR0593,Endocrinologist,6,6,39.2,52.5,4.0,-0.39940728789002317
R098,T20,DR0593,Endocrinologist,7,5,32.5,52.5,4.0,-0.39940728789002317
R098,T20,DR0593,Endocrinologist,8,6,43.5,52.5,4.0,-0.39940728789002317
R098,T20,DR0593,Endocrinologist,9,4,23.3,52.5,4.0,-0.39940728789002317
R098,T20,DR0593,Endocrinologist,10,7,32.5,52.5,4.0,-0.39940728789002317
R098,T20,DR0593,Endocrinologist,11,4,29.2,52.5,4.0,-0.39940728789002317
R098,T20,DR0593,Endocrinologist,12,10,29.9,52.5,4.0,-0.39940728789002317
R099,T20,DR0594,Neurologist,1,7,31.8,37.5,4.0,-0.39940728789002317
R099,T20,DR0594,Neurologist,2,3,17.0,37.5,4.0,-0.39940728789002317
R099,T20,DR0594,Neurologist,3,2,10.3,37.5,4.0,-0.39940728789002317
R099,T20,DR0594,Neurologist,4,3,15.6,37.5,4.0,-0.39940728789002317
R099,T20,DR0594,Neurologist,5,4,20.3,37.5,4.0,-0.39940728789002317
R099,T20,DR0594,Neurologist,6,3,18.6,37.5,4.0,-0.39940728789002317
R099,T20,DR0594,Neurologist,7,5,24.5,37.5,4.0,-0.39940728789002317
R099,T20,DR0594,Neurologist,8,4,27.9,37.5,4.0,-0.39940728789002317
R099,T20,DR0594,Neurologist,9,8,20.3,37.5,4.0,-0.39940728789002317
R099,T20,DR0594,Neurologist,10,1,7.0,37.5,4.0,-0.39940728789002317
R099,T20,DR0594,Neurologist,11,6,22.6,37.5,4.0,-0.39940728789002317
R099,T20,DR0594,Neurologist,12,5,20.7,37.5,4.0,-0.39940728789002317
R100,T20,DR0595,GP,1,2,8.8,25.0,4.0,-0.39940728789002317
R100,T20,DR0595,GP,2,3,14.8,25.0,4.0,-0.39940728789002317
R100,T20,DR0595,GP,3,3,13.5,25.0,4.0,-0.39940728789002317
R100,T20,DR0595,GP,4,1,6.3,25.0,4.0,-0.39940728789002317
R100,T20,DR0595,GP,5,3,12.6,25.0,4.0,-0.39940728789002317
R100,T20,DR0595,GP,6,3,5.9,25.0,4.0,-0.39940728789002317
R100,T20,DR0595,GP,7,2,7.7,25.0,4.0,-0.39940728789002317
R100,T20,DR0595,GP,8,2,7.4,25.0,4.0,-0.39940728789002317
R100,T20,DR0595,GP,9,2,7.3,25.0,4.0,-0.39940728789002317
R100,T20,DR0595,GP,10,3,10.8,25.0,4.0,-0.39940728789002317
R100,T20,DR0595,GP,11,2,8.3,25.0,4.0,-0.39940728789002317
R100,T20,DR0595,GP,12,4,12.4,25.0,4.0,-0.39940728789002317
R096,T20,DR0596,Cardiologist,1,4,19.6,45.0,4.0,-0.39940728789002317
R096,T20,DR0596,Cardiologist,2,11,34.0,45.0,4.0,-0.39940728789002317
R096,T20,DR0596,Cardiologist,3,4,19.0,45.0,4.0,-0.39940728789002317
R096,T20,DR0596,Cardiologist,4,4,19.4,45.0,4.0,-0.39940728789002317
R096,T20,DR0596,Cardiologist,5,4,32.7,45.0,4.0,-0.39940728789002317
R096,T20,DR0596,Cardiologist,6,6,33.6,45.0,4.0,-0.39940728789002317
R096,T20,DR0596,Cardiologist,7,6,23.7,45.0,4.0,-0.39940728789002317
R096,T20,DR0596,Cardiologist,8,6,24.3,45.0,4.0,-0.39940728789002317
R096,T20,DR0596,Cardiologist,9,5,14.9,45.0,4.0,-0.39940728789002317
R096,T20,DR0596,Cardiologist,10,2,24.6,45.0,4.0,-0.39940728789002317
R096,T20,DR0596,Cardiologist,11,4,22.4,45.0,4.0,-0.39940728789002317
R096,T20,DR0596,Cardiologist,12,9,31.2,45.0,4.0,-0.39940728789002317
R097,T20,DR0597,Endocrinologist,1,6,29.7,52.5,4.0,-0.39940728789002317
R097,T20,DR0597,Endocrinologist,2,5,25.2,52.5,4.0,-0.39940728789002317
R097,T20,DR0597,Endocrinologist,3,1,15.5,52.5,4.0,-0.39940728789002317
R097,T20,DR0597,Endocrinologist,4,4,19.8,52.5,4.0,-0.39940728789002317
R097,T20,DR0597,Endocrinologist,5,6,34.3,52.5,4.0,-0.39940728789002317
R097,T20,DR0597,Endocrinologist,6,2,18.3,52.5,4.0,-0.39940728789002317
R097,T20,DR0597,Endocrinologist,7,2,12.7,52.5,4.0,-0.39940728789002317
R097,T20,DR0597,Endocrinologist,8,5,30.2,52.5,4.0,-0.39940728789002317
R097,T20,DR0597,Endocrinologist,9,4,25.8,52.5,4.0,-0.39940728789002317
R097,T20,DR0597,Endocrinologist,10,4,16.7,52.5,4.0,-0.39940728789002317
R097,T20,DR0597,Endocrinologist,11,5,17.7,52.5,4.0,-0.39940728789002317
R097,T20,DR0597,Endocrinologist,12,6,20.7,52.5,4.0,-0.39940728789002317
R098,T20,DR0598,Neurologist,1,6,14.8,37.5,4.0,-0.39940728789002317
R098,T20,DR0598,Neurologist,2,7,18.8,37.5,4.0,-0.39940728789002317
R098,T20,DR0598,Neurologist,3,4,16.6,37.5,4.0,-0.39940728789002317
R098,T20,DR0598,Neurologist,4,2,12.0,37.5,4.0,-0.39940728789002317
R098,T20,DR0598,Neurologist,5,7,17.3,37.5,4.0,-0.39940728789002317
R098,T20,DR0598,Neurologist,6,2,9.9,37.5,4.0,-0.39940728789002317
R098,T20,DR0598,Neurologist,7,4,15.8,37.5,4.0,-0.39940728789002317
R098,T20,DR0598,Neurologist,8,3,19.5,37.5,4.0,-0.39940728789002317
R098,T20,DR0598,Neurologist,9,7,23.5,37.5,4.0,-0.39940728789002317
R098,T20,DR0598,Neurologist,10,3,16.1,37.5,4.0,-0.39940728789002317
R098,T20,DR0598,Neurologist,11,7,25.8,37.5,4.0,-0.39940728789002317
R098,T20,DR0598,Neurologist,12,3,18.3,37.5,4.0,-0.39940728789002317
R099,T20,DR0599,GP,1,3,12.6,25.0,4.0,-0.39940728789002317
R099,T20,DR0599,GP,2,2,6.1,25.0,4.0,-0.39940728789002317
R099,T20,DR0599,GP,3,2,7.6,25.0,4.0,-0.39940728789002317
R099,T20,DR0599,GP,4,2,7.4,25.0,4.0,-0.39940728789002317
R099,T20,DR0599,GP,5,4,11.5,25.0,4.0,-0.39940728789002317
R099,T20,DR0599,GP,6,1,8.2,25.0,4.0,-0.39940728789002317
R099,T20,DR0599,GP,7,4,16.9,25.0,4.0,-0.39940728789002317
R099,T20,DR0599,GP,8,3,9.8,25.0,4.0,-0.39940728789002317
R099,T20,DR0599,GP,9,1,5.9,25.0,4.0,-0.39940728789002317
R099,T20,DR0599,GP,10,6,14.7,25.0,4.0,-0.39940728789002317
R099,T20,DR0599,GP,11,5,10.7,25.0,4.0,-0.39940728789002317
R099,T20,DR0599,GP,12,2,5.7,25.0,4.0,-0.39940728789002317
R100,T20,DR0600,Cardiologist,1,8,27.7,45.0,4.0,-0.39940728789002317
R100,T20,DR0600,Cardiologist,2,8,29.8,45.0,4.0,-0.39940728789002317
R100,T20,DR0600,Cardiologist,3,3,19.8,45.0,4.0,-0.39940728789002317
R100,T20,DR0600,Cardiologist,4,4,19.5,45.0,4.0,-0.39940728789002317
R100,T20,DR0600,Cardiologist,5,6,29.5,45.0,4.0,-0.39940728789002317
R100,T20,DR0600,Cardiologist,6,7,24.1,45.0,4.0,-0.39940728789002317
R100,T20,DR0600,Cardiologist,7,5,32.4,45.0,4.0,-0.39940728789002317
R100,T20,DR0600,Cardiologist,8,9,32.3,45.0,4.0,-0.39940728789002317
R100,T20,DR0600,Cardiologist,9,4,20.2,45.0,4.0,-0.39940728789002317
R100,T20,DR0600,Cardiologist,10,7,23.3,45.0,4.0,-0.39940728789002317
R100,T20,DR0600,Cardiologist,11,4,26.9,45.0,4.0,-0.39940728789002317
R100,T20,DR0600,Cardiologist,12,6,27.2,45.0,4.0,-0.39940728789002317
